0 verbose cli C:\Program Files\nodejs\node.exe C:\Program Files\nodejs\node_modules\npm\bin\npm-cli.js
1 info using npm@11.13.0
2 info using node@v26.1.0
3 silly config load:file:C:\Program Files\nodejs\node_modules\npm\npmrc
4 silly config load:file:C:\Users\emmanuel.mwinama\Code\Farmis\mobile\.npmrc
5 silly config load:file:C:\Users\emmanuel.mwinama\.npmrc
6 silly config load:file:C:\Users\emmanuel.mwinama\AppData\Roaming\npm\etc\npmrc
7 verbose title npm install
8 verbose argv "install" "--cache" ".\\.npm-cache" "--fetch-retries" "5" "--fetch-retry-mintimeout" "20000" "--fetch-retry-maxtimeout" "120000" "--no-audit" "--no-fund"
9 verbose logfile logs-max:10 dir:C:\Users\emmanuel.mwinama\Code\Farmis\mobile\.npm-cache\_logs\2026-07-15T20_24_41_635Z-
10 verbose logfile C:\Users\emmanuel.mwinama\Code\Farmis\mobile\.npm-cache\_logs\2026-07-15T20_24_41_635Z-debug-0.log
11 silly logfile done cleaning log files
12 silly packumentCache heap:4395630592 maxSize:1098907648 maxEntrySize:549453824
13 silly idealTree buildDeps
14 silly fetch manifest expo@~57.0.6
15 silly packumentCache full:https://registry.npmjs.org/expo cache-miss
16 http fetch GET 200 https://registry.npmjs.org/expo 1452ms (cache revalidated)
17 silly packumentCache full:https://registry.npmjs.org/expo set size:3927571 disposed:false
18 silly fetch manifest @expo/metro-runtime@*
19 silly packumentCache full:https://registry.npmjs.org/@expo%2fmetro-runtime cache-miss
20 http fetch GET 200 https://registry.npmjs.org/@expo%2fmetro-runtime 266ms (cache revalidated)
21 silly packumentCache full:https://registry.npmjs.org/@expo%2fmetro-runtime set size:756211 disposed:false
22 silly fetch manifest react@19.2.3
23 silly packumentCache full:https://registry.npmjs.org/react cache-miss
24 http fetch GET 200 https://registry.npmjs.org/react 162ms (cache revalidated)
25 silly packumentCache full:https://registry.npmjs.org/react set size:6796788 disposed:false
26 silly fetch manifest react-dom@*
27 silly packumentCache full:https://registry.npmjs.org/react-dom cache-miss
28 http fetch GET 200 https://registry.npmjs.org/react-dom 193ms (cache revalidated)
29 silly packumentCache full:https://registry.npmjs.org/react-dom set size:9106365 disposed:false
30 silly fetch manifest react@^19.2.7
31 silly packumentCache full:https://registry.npmjs.org/react cache-miss
32 http cache https://registry.npmjs.org/react 30ms (cache hit)
33 silly packumentCache full:https://registry.npmjs.org/react set size:6796788 disposed:false
34 silly fetch manifest react-native@0.86.0
35 silly packumentCache full:https://registry.npmjs.org/react-native cache-miss
36 http fetch GET 200 https://registry.npmjs.org/react-native 284ms (cache revalidated)
37 silly packumentCache full:https://registry.npmjs.org/react-native set size:15499313 disposed:false
38 silly fetch manifest @react-native/jest-preset@0.86.0
39 silly packumentCache full:https://registry.npmjs.org/@react-native%2fjest-preset cache-miss
40 http fetch GET 200 https://registry.npmjs.org/@react-native%2fjest-preset 198ms (cache revalidated)
41 silly packumentCache full:https://registry.npmjs.org/@react-native%2fjest-preset set size:268799 disposed:false
42 silly fetch manifest @types/react@~19.2.2
43 silly packumentCache full:https://registry.npmjs.org/@types%2freact cache-miss
44 http fetch GET 200 https://registry.npmjs.org/@types%2freact 150ms (cache revalidated)
45 silly packumentCache full:https://registry.npmjs.org/@types%2freact set size:2632776 disposed:false
46 silly fetch manifest react-native-web@*
47 silly packumentCache full:https://registry.npmjs.org/react-native-web cache-miss
48 http fetch GET 200 https://registry.npmjs.org/react-native-web 138ms (cache revalidated)
49 silly packumentCache full:https://registry.npmjs.org/react-native-web set size:1090416 disposed:false
50 silly fetch manifest react-native-webview@*
51 silly packumentCache full:https://registry.npmjs.org/react-native-webview cache-miss
52 http fetch GET 200 https://registry.npmjs.org/react-native-webview 156ms (cache revalidated)
53 silly packumentCache full:https://registry.npmjs.org/react-native-webview set size:1379763 disposed:false
54 silly fetch manifest expo-secure-store@~57.0.1
55 silly packumentCache full:https://registry.npmjs.org/expo-secure-store cache-miss
56 http fetch GET 200 https://registry.npmjs.org/expo-secure-store 156ms (cache revalidated)
57 silly packumentCache full:https://registry.npmjs.org/expo-secure-store set size:762087 disposed:false
58 silly fetch manifest expo-status-bar@~57.0.1
59 silly packumentCache full:https://registry.npmjs.org/expo-status-bar cache-miss
60 http fetch GET 200 https://registry.npmjs.org/expo-status-bar 116ms (cache revalidated)
61 silly packumentCache full:https://registry.npmjs.org/expo-status-bar set size:737675 disposed:false
62 silly fetch manifest typescript@~6.0.3
63 silly packumentCache full:https://registry.npmjs.org/typescript cache-miss
64 http fetch GET 200 https://registry.npmjs.org/typescript 193ms (cache revalidated)
65 silly packumentCache full:https://registry.npmjs.org/typescript set size:15443961 disposed:false
66 silly placeDep ROOT @types/react@19.2.17 OK for: farmio-mobile@1.0.0 want: ~19.2.2
67 silly placeDep ROOT expo@57.0.6 OK for: farmio-mobile@1.0.0 want: ~57.0.6
68 silly placeDep ROOT react@19.2.3 OK for: expo@57.0.6 want: *
69 silly placeDep ROOT react-native@0.86.0 OK for: expo@57.0.6 want: *
70 silly placeDep ROOT expo-secure-store@57.0.1 OK for: farmio-mobile@1.0.0 want: ~57.0.1
71 silly placeDep ROOT expo-status-bar@57.0.1 OK for: farmio-mobile@1.0.0 want: ~57.0.1
72 silly placeDep ROOT typescript@6.0.3 OK for: farmio-mobile@1.0.0 want: ~6.0.3
73 silly fetch manifest csstype@^3.2.2
74 silly packumentCache full:https://registry.npmjs.org/csstype cache-miss
75 silly fetch manifest @expo/cli@^57.0.8
76 silly packumentCache full:https://registry.npmjs.org/@expo%2fcli cache-miss
77 silly fetch manifest expo-font@~57.0.1
78 silly packumentCache full:https://registry.npmjs.org/expo-font cache-miss
79 silly fetch manifest expo-asset@~57.0.5
80 silly packumentCache full:https://registry.npmjs.org/expo-asset cache-miss
81 silly fetch manifest @expo/metro@~56.0.0
82 silly packumentCache full:https://registry.npmjs.org/@expo%2fmetro cache-miss
83 silly fetch manifest @expo/config@~57.0.5
84 silly packumentCache full:https://registry.npmjs.org/@expo%2fconfig cache-miss
85 silly fetch manifest @expo/log-box@^57.0.1
86 silly packumentCache full:https://registry.npmjs.org/@expo%2flog-box cache-miss
87 http fetch GET 200 https://registry.npmjs.org/csstype 191ms (cache revalidated)
88 silly packumentCache full:https://registry.npmjs.org/csstype set size:274189 disposed:false
89 silly fetch manifest pretty-format@^29.7.0
90 silly packumentCache full:https://registry.npmjs.org/pretty-format cache-miss
91 http fetch GET 200 https://registry.npmjs.org/pretty-format 118ms (cache revalidated)
92 silly packumentCache full:https://registry.npmjs.org/pretty-format set size:598313 disposed:false
93 silly fetch manifest react-refresh@^0.14.2
94 silly packumentCache full:https://registry.npmjs.org/react-refresh cache-miss
95 http fetch GET 200 https://registry.npmjs.org/expo-font 542ms (cache revalidated)
96 silly packumentCache full:https://registry.npmjs.org/expo-font set size:964330 disposed:false
97 silly fetch manifest @babel/runtime@^7.20.0
98 silly packumentCache full:https://registry.npmjs.org/@babel%2fruntime cache-miss
99 http fetch GET 200 https://registry.npmjs.org/@expo%2fmetro 601ms (cache revalidated)
100 silly packumentCache full:https://registry.npmjs.org/@expo%2fmetro set size:61910 disposed:false
101 silly fetch manifest @expo/devtools@~57.0.1
102 silly packumentCache full:https://registry.npmjs.org/@expo%2fdevtools cache-miss
103 http fetch GET 200 https://registry.npmjs.org/@expo%2flog-box 612ms (cache revalidated)
104 silly packumentCache full:https://registry.npmjs.org/@expo%2flog-box set size:265400 disposed:false
105 silly fetch manifest expo-constants@~57.0.5
106 silly packumentCache full:https://registry.npmjs.org/expo-constants cache-miss
107 http fetch GET 200 https://registry.npmjs.org/expo-asset 617ms (cache revalidated)
108 silly packumentCache full:https://registry.npmjs.org/expo-asset set size:1109875 disposed:false
109 silly fetch manifest expo-keep-awake@~57.0.1
110 silly packumentCache full:https://registry.npmjs.org/expo-keep-awake cache-miss
111 http fetch GET 200 https://registry.npmjs.org/react-refresh 448ms (cache revalidated)
112 silly packumentCache full:https://registry.npmjs.org/react-refresh set size:6459267 disposed:false
113 silly fetch manifest expo-file-system@~57.0.1
114 silly packumentCache full:https://registry.npmjs.org/expo-file-system cache-miss
115 http fetch GET 200 https://registry.npmjs.org/expo-keep-awake 220ms (cache revalidated)
116 silly packumentCache full:https://registry.npmjs.org/expo-keep-awake set size:768209 disposed:false
117 silly fetch manifest @expo/dom-webview@~57.0.1
118 silly packumentCache full:https://registry.npmjs.org/@expo%2fdom-webview cache-miss
119 http fetch GET 200 https://registry.npmjs.org/expo-constants 258ms (cache revalidated)
120 silly packumentCache full:https://registry.npmjs.org/expo-constants set size:1135531 disposed:false
121 silly fetch manifest @expo/fingerprint@^0.20.5
122 silly packumentCache full:https://registry.npmjs.org/@expo%2ffingerprint cache-miss
123 http fetch GET 200 https://registry.npmjs.org/@expo%2fdevtools 383ms (cache revalidated)
124 silly packumentCache full:https://registry.npmjs.org/@expo%2fdevtools set size:245845 disposed:false
125 silly fetch manifest babel-preset-expo@~57.0.3
126 silly packumentCache full:https://registry.npmjs.org/babel-preset-expo cache-miss
127 http fetch GET 200 https://registry.npmjs.org/@babel%2fruntime 482ms (cache revalidated)
128 silly packumentCache full:https://registry.npmjs.org/@babel%2fruntime set size:3471810 disposed:false
129 silly fetch manifest expo-modules-core@~57.0.5
130 silly packumentCache full:https://registry.npmjs.org/expo-modules-core cache-miss
131 http fetch GET 200 https://registry.npmjs.org/expo-file-system 238ms (cache revalidated)
132 silly packumentCache full:https://registry.npmjs.org/expo-file-system set size:1133198 disposed:false
133 silly fetch manifest @expo/metro-config@~57.0.5
134 silly packumentCache full:https://registry.npmjs.org/@expo%2fmetro-config cache-miss
135 http fetch GET 200 https://registry.npmjs.org/@expo%2ffingerprint 198ms (cache revalidated)
136 silly packumentCache full:https://registry.npmjs.org/@expo%2ffingerprint set size:807472 disposed:false
137 silly fetch manifest whatwg-url-minimum@^0.1.2
138 silly packumentCache full:https://registry.npmjs.org/whatwg-url-minimum cache-miss
139 http fetch GET 200 https://registry.npmjs.org/@expo%2fdom-webview 359ms (cache revalidated)
140 silly packumentCache full:https://registry.npmjs.org/@expo%2fdom-webview set size:431596 disposed:false
141 silly fetch manifest @expo/config-plugins@~57.0.5
142 silly packumentCache full:https://registry.npmjs.org/@expo%2fconfig-plugins cache-miss
143 http fetch GET 200 https://registry.npmjs.org/@expo%2fconfig 1255ms (cache revalidated)
144 silly packumentCache full:https://registry.npmjs.org/@expo%2fconfig set size:1513044 disposed:false
145 silly fetch manifest @ungap/structured-clone@^1.3.0
146 silly packumentCache full:https://registry.npmjs.org/@ungap%2fstructured-clone cache-miss
147 http fetch GET 200 https://registry.npmjs.org/babel-preset-expo 299ms (cache revalidated)
148 silly packumentCache full:https://registry.npmjs.org/babel-preset-expo set size:1320000 disposed:false
149 silly fetch manifest expo-modules-autolinking@~57.0.7
150 silly packumentCache full:https://registry.npmjs.org/expo-modules-autolinking cache-miss
151 http fetch GET 200 https://registry.npmjs.org/expo-modules-core 297ms (cache revalidated)
152 silly packumentCache full:https://registry.npmjs.org/expo-modules-core set size:1389792 disposed:false
153 silly fetch manifest @expo/local-build-cache-provider@^57.0.4
154 silly packumentCache full:https://registry.npmjs.org/@expo%2flocal-build-cache-provider cache-miss
155 http fetch GET 200 https://registry.npmjs.org/@expo%2fmetro-config 353ms (cache revalidated)
156 silly packumentCache full:https://registry.npmjs.org/@expo%2fmetro-config set size:1618655 disposed:false
157 silly fetch manifest ws@^7.5.10
158 silly packumentCache full:https://registry.npmjs.org/ws cache-miss
159 http fetch GET 200 https://registry.npmjs.org/expo-modules-autolinking 307ms (cache revalidated)
160 silly packumentCache full:https://registry.npmjs.org/expo-modules-autolinking set size:1048642 disposed:false
161 silly fetch manifest anser@^1.4.9
162 silly packumentCache full:https://registry.npmjs.org/anser cache-miss
163 http fetch GET 200 https://registry.npmjs.org/@expo%2flocal-build-cache-provider 255ms (cache revalidated)
164 silly packumentCache full:https://registry.npmjs.org/@expo%2flocal-build-cache-provider set size:224857 disposed:false
165 silly fetch manifest yargs@^17.6.2
166 silly packumentCache full:https://registry.npmjs.org/yargs cache-miss
167 http fetch GET 200 https://registry.npmjs.org/ws 201ms (cache revalidated)
168 silly packumentCache full:https://registry.npmjs.org/ws set size:436175 disposed:false
169 silly fetch manifest semver@^7.1.3
170 silly packumentCache full:https://registry.npmjs.org/semver cache-miss
171 http fetch GET 200 https://registry.npmjs.org/@expo%2fconfig-plugins 409ms (cache revalidated)
172 silly packumentCache full:https://registry.npmjs.org/@expo%2fconfig-plugins set size:1295159 disposed:false
173 silly fetch manifest promise@^8.3.0
174 silly packumentCache full:https://registry.npmjs.org/promise cache-miss
175 http fetch GET 200 https://registry.npmjs.org/@ungap%2fstructured-clone 497ms (cache revalidated)
176 silly packumentCache full:https://registry.npmjs.org/@ungap%2fstructured-clone set size:63691 disposed:false
177 silly fetch manifest base64-js@^1.5.1
178 silly packumentCache full:https://registry.npmjs.org/base64-js cache-miss
179 http fetch GET 200 https://registry.npmjs.org/anser 151ms (cache revalidated)
180 silly packumentCache full:https://registry.npmjs.org/anser set size:109321 disposed:false
181 silly fetch manifest commander@^12.0.0
182 silly packumentCache full:https://registry.npmjs.org/commander cache-miss
183 http fetch GET 200 https://registry.npmjs.org/semver 191ms (cache revalidated)
184 silly packumentCache full:https://registry.npmjs.org/semver set size:246069 disposed:false
185 silly fetch manifest invariant@^2.2.4
186 silly packumentCache full:https://registry.npmjs.org/invariant cache-miss
187 http fetch GET 200 https://registry.npmjs.org/base64-js 132ms (cache revalidated)
188 silly packumentCache full:https://registry.npmjs.org/base64-js set size:41270 disposed:false
189 silly fetch manifest scheduler@0.27.0
190 silly packumentCache full:https://registry.npmjs.org/scheduler cache-miss
191 http fetch GET 200 https://registry.npmjs.org/whatwg-url-minimum 756ms (cache revalidated)
192 silly packumentCache full:https://registry.npmjs.org/whatwg-url-minimum set size:55663 disposed:false
193 silly fetch manifest ansi-regex@^5.0.0
194 silly packumentCache full:https://registry.npmjs.org/ansi-regex cache-miss
195 http fetch GET 200 https://registry.npmjs.org/commander 160ms (cache revalidated)
196 silly packumentCache full:https://registry.npmjs.org/commander set size:353115 disposed:false
197 silly fetch manifest nullthrows@^1.1.1
198 silly packumentCache full:https://registry.npmjs.org/nullthrows cache-miss
199 http fetch GET 200 https://registry.npmjs.org/invariant 151ms (cache revalidated)
200 silly packumentCache full:https://registry.npmjs.org/invariant set size:22008 disposed:false
201 silly fetch manifest tinyglobby@^0.2.15
202 silly packumentCache full:https://registry.npmjs.org/tinyglobby cache-miss
203 http fetch GET 200 https://registry.npmjs.org/scheduler 156ms (cache revalidated)
204 silly packumentCache full:https://registry.npmjs.org/scheduler set size:5617993 disposed:false
205 silly fetch manifest memoize-one@^5.0.0
206 silly packumentCache full:https://registry.npmjs.org/memoize-one cache-miss
207 http fetch GET 200 https://registry.npmjs.org/ansi-regex 166ms (cache revalidated)
208 silly packumentCache full:https://registry.npmjs.org/ansi-regex set size:43572 disposed:false
209 silly fetch manifest whatwg-fetch@^3.0.0
210 silly packumentCache full:https://registry.npmjs.org/whatwg-fetch cache-miss
211 http fetch GET 200 https://registry.npmjs.org/nullthrows 158ms (cache revalidated)
212 silly packumentCache full:https://registry.npmjs.org/nullthrows set size:14885 disposed:false
213 silly fetch manifest metro-runtime@^0.84.3
214 silly packumentCache full:https://registry.npmjs.org/metro-runtime cache-miss
215 http fetch GET 200 https://registry.npmjs.org/yargs 486ms (cache revalidated)
216 silly packumentCache full:https://registry.npmjs.org/yargs set size:751093 disposed:false
217 silly fetch manifest react-refresh@^0.14.0
218 silly packumentCache full:https://registry.npmjs.org/react-refresh cache-miss
219 http fetch GET 200 https://registry.npmjs.org/tinyglobby 148ms (cache revalidated)
220 silly packumentCache full:https://registry.npmjs.org/tinyglobby set size:54291 disposed:false
221 silly fetch manifest hermes-compiler@250829098.0.14
222 silly packumentCache full:https://registry.npmjs.org/hermes-compiler cache-miss
223 http cache https://registry.npmjs.org/react-refresh 43ms (cache hit)
224 silly packumentCache full:https://registry.npmjs.org/react-refresh set size:6459267 disposed:false
225 silly fetch manifest abort-controller@^3.0.0
226 silly packumentCache full:https://registry.npmjs.org/abort-controller cache-miss
227 http fetch GET 200 https://registry.npmjs.org/memoize-one 269ms (cache revalidated)
228 silly packumentCache full:https://registry.npmjs.org/memoize-one set size:217155 disposed:false
229 silly fetch manifest metro-source-map@^0.84.3
230 silly packumentCache full:https://registry.npmjs.org/metro-source-map cache-miss
231 http fetch GET 200 https://registry.npmjs.org/promise 717ms (cache revalidated)
232 silly packumentCache full:https://registry.npmjs.org/promise set size:112704 disposed:false
233 silly fetch manifest stacktrace-parser@^0.1.10
234 silly packumentCache full:https://registry.npmjs.org/stacktrace-parser cache-miss
235 http fetch GET 200 https://registry.npmjs.org/metro-runtime 284ms (cache revalidated)
236 silly packumentCache full:https://registry.npmjs.org/metro-runtime set size:224399 disposed:false
237 silly fetch manifest flow-enums-runtime@^0.0.6
238 silly packumentCache full:https://registry.npmjs.org/flow-enums-runtime cache-miss
239 http fetch GET 200 https://registry.npmjs.org/whatwg-fetch 505ms (cache revalidated)
240 silly packumentCache full:https://registry.npmjs.org/whatwg-fetch set size:120970 disposed:false
241 silly fetch manifest react-devtools-core@^6.1.5
242 silly packumentCache full:https://registry.npmjs.org/react-devtools-core cache-miss
243 http fetch GET 200 https://registry.npmjs.org/stacktrace-parser 242ms (cache revalidated)
244 silly packumentCache full:https://registry.npmjs.org/stacktrace-parser set size:31168 disposed:false
245 silly fetch manifest regenerator-runtime@^0.13.2
246 silly packumentCache full:https://registry.npmjs.org/regenerator-runtime cache-miss
247 http fetch GET 200 https://registry.npmjs.org/flow-enums-runtime 232ms (cache revalidated)
248 silly packumentCache full:https://registry.npmjs.org/flow-enums-runtime set size:20749 disposed:false
249 silly fetch manifest @react-native/codegen@0.86.0
250 silly packumentCache full:https://registry.npmjs.org/@react-native%2fcodegen cache-miss
251 http fetch GET 200 https://registry.npmjs.org/metro-source-map 269ms (cache revalidated)
252 silly packumentCache full:https://registry.npmjs.org/metro-source-map set size:431760 disposed:false
253 silly fetch manifest @react-native/js-polyfills@0.86.0
254 silly packumentCache full:https://registry.npmjs.org/@react-native%2fjs-polyfills cache-miss
255 http fetch GET 200 https://registry.npmjs.org/regenerator-runtime 132ms (cache revalidated)
256 silly packumentCache full:https://registry.npmjs.org/regenerator-runtime set size:59671 disposed:false
257 silly fetch manifest @react-native/gradle-plugin@0.86.0
258 silly packumentCache full:https://registry.npmjs.org/@react-native%2fgradle-plugin cache-miss
259 http fetch GET 200 https://registry.npmjs.org/hermes-compiler 710ms (cache revalidated)
260 silly packumentCache full:https://registry.npmjs.org/hermes-compiler set size:161695 disposed:false
261 silly fetch manifest @react-native/assets-registry@0.86.0
262 silly packumentCache full:https://registry.npmjs.org/@react-native%2fassets-registry cache-miss
263 http fetch GET 200 https://registry.npmjs.org/abort-controller 557ms (cache revalidated)
264 silly packumentCache full:https://registry.npmjs.org/abort-controller set size:47272 disposed:false
265 silly fetch manifest @react-native/normalize-colors@0.86.0
266 silly packumentCache full:https://registry.npmjs.org/@react-native%2fnormalize-colors cache-miss
267 http fetch GET 200 https://registry.npmjs.org/@react-native%2fjs-polyfills 328ms (cache revalidated)
268 silly packumentCache full:https://registry.npmjs.org/@react-native%2fjs-polyfills set size:1949841 disposed:false
269 silly fetch manifest @react-native/virtualized-lists@0.86.0
270 silly packumentCache full:https://registry.npmjs.org/@react-native%2fvirtualized-lists cache-miss
271 http fetch GET 200 https://registry.npmjs.org/react-devtools-core 465ms (cache revalidated)
272 silly packumentCache full:https://registry.npmjs.org/react-devtools-core set size:459848 disposed:false
273 silly fetch manifest babel-plugin-syntax-hermes-parser@0.36.0
274 silly packumentCache full:https://registry.npmjs.org/babel-plugin-syntax-hermes-parser cache-miss
275 http fetch GET 200 https://registry.npmjs.org/@react-native%2fgradle-plugin 331ms (cache revalidated)
276 silly packumentCache full:https://registry.npmjs.org/@react-native%2fgradle-plugin set size:2104408 disposed:false
277 silly fetch manifest @react-native/community-cli-plugin@0.86.0
278 silly packumentCache full:https://registry.npmjs.org/@react-native%2fcommunity-cli-plugin cache-miss
279 http fetch GET 200 https://registry.npmjs.org/@react-native%2fcodegen 464ms (cache revalidated)
280 silly packumentCache full:https://registry.npmjs.org/@react-native%2fcodegen set size:2963699 disposed:false
281 http fetch GET 200 https://registry.npmjs.org/@react-native%2fvirtualized-lists 197ms (cache revalidated)
282 silly packumentCache full:https://registry.npmjs.org/@react-native%2fvirtualized-lists set size:2421910 disposed:false
283 http fetch GET 200 https://registry.npmjs.org/babel-plugin-syntax-hermes-parser 186ms (cache revalidated)
284 silly packumentCache full:https://registry.npmjs.org/babel-plugin-syntax-hermes-parser set size:108082 disposed:false
285 http fetch GET 200 https://registry.npmjs.org/@react-native%2fassets-registry 414ms (cache revalidated)
286 silly packumentCache full:https://registry.npmjs.org/@react-native%2fassets-registry set size:1957239 disposed:false
287 http fetch GET 200 https://registry.npmjs.org/@react-native%2fnormalize-colors 440ms (cache revalidated)
288 silly packumentCache full:https://registry.npmjs.org/@react-native%2fnormalize-colors set size:1962031 disposed:false
289 http fetch GET 200 https://registry.npmjs.org/@expo%2fcli 3454ms (cache revalidated)
290 silly packumentCache full:https://registry.npmjs.org/@expo%2fcli set size:2826458 disposed:false
291 http fetch GET 200 https://registry.npmjs.org/@react-native%2fcommunity-cli-plugin 884ms (cache revalidated)
292 silly packumentCache full:https://registry.npmjs.org/@react-native%2fcommunity-cli-plugin set size:2606601 disposed:false
293 silly placeDep ROOT csstype@3.2.3 OK for: @types/react@19.2.17 want: ^3.2.2
294 silly fetch manifest expo@*
295 silly packumentCache full:https://registry.npmjs.org/expo cache-miss
296 http cache https://registry.npmjs.org/expo 20ms (cache hit)
297 silly packumentCache full:https://registry.npmjs.org/expo set size:3927571 disposed:false
298 silly fetch manifest react@*
299 silly packumentCache full:https://registry.npmjs.org/react cache-miss
300 http cache https://registry.npmjs.org/react 28ms (cache hit)
301 silly packumentCache full:https://registry.npmjs.org/react set size:6796788 disposed:false
302 silly fetch manifest react-native@*
303 silly packumentCache full:https://registry.npmjs.org/react-native cache-miss
304 http cache https://registry.npmjs.org/react-native 87ms (cache hit)
305 silly packumentCache full:https://registry.npmjs.org/react-native set size:15499313 disposed:false
306 silly fetch manifest @types/react@^19.1.1
307 silly packumentCache full:https://registry.npmjs.org/@types%2freact cache-miss
308 http cache https://registry.npmjs.org/@types%2freact 71ms (cache hit)
309 silly packumentCache full:https://registry.npmjs.org/@types%2freact set size:2632776 disposed:false
310 silly fetch manifest expo-router@*
311 silly packumentCache full:https://registry.npmjs.org/expo-router cache-miss
312 http fetch GET 200 https://registry.npmjs.org/expo-router 207ms (cache revalidated)
313 silly packumentCache full:https://registry.npmjs.org/expo-router set size:2001617 disposed:false
314 silly fetch manifest @testing-library/react-native@>= 13.2.0
315 silly packumentCache full:https://registry.npmjs.org/@testing-library%2freact-native cache-miss
316 http fetch GET 200 https://registry.npmjs.org/@testing-library%2freact-native 170ms (cache revalidated)
317 silly packumentCache full:https://registry.npmjs.org/@testing-library%2freact-native set size:628758 disposed:false
318 silly fetch manifest jest@>=29.0.0
319 silly packumentCache full:https://registry.npmjs.org/jest cache-miss
320 http fetch GET 200 https://registry.npmjs.org/jest 515ms (cache revalidated)
321 silly packumentCache full:https://registry.npmjs.org/jest set size:862623 disposed:false
322 silly fetch manifest node-notifier@^8.0.1 || ^9.0.0 || ^10.0.0
323 silly packumentCache full:https://registry.npmjs.org/node-notifier cache-miss
324 http fetch GET 200 https://registry.npmjs.org/node-notifier 456ms (cache revalidated)
325 silly packumentCache full:https://registry.npmjs.org/node-notifier set size:171519 disposed:false
326 silly fetch manifest test-renderer@^1.0.0
327 silly packumentCache full:https://registry.npmjs.org/test-renderer cache-miss
328 http fetch GET 200 https://registry.npmjs.org/test-renderer 163ms (cache revalidated)
329 silly packumentCache full:https://registry.npmjs.org/test-renderer set size:44693 disposed:false
330 silly fetch manifest expo-linking@^57.0.3
331 silly packumentCache full:https://registry.npmjs.org/expo-linking cache-miss
332 http fetch GET 200 https://registry.npmjs.org/expo-linking 156ms (cache revalidated)
333 silly packumentCache full:https://registry.npmjs.org/expo-linking set size:829938 disposed:false
334 silly fetch manifest react-native-gesture-handler@*
335 silly packumentCache full:https://registry.npmjs.org/react-native-gesture-handler cache-miss
336 http fetch GET 200 https://registry.npmjs.org/react-native-gesture-handler 144ms (cache revalidated)
337 silly packumentCache full:https://registry.npmjs.org/react-native-gesture-handler set size:1207742 disposed:false
338 silly fetch manifest react-native-reanimated@*
339 silly packumentCache full:https://registry.npmjs.org/react-native-reanimated cache-miss
340 http fetch GET 200 https://registry.npmjs.org/react-native-reanimated 242ms (cache revalidated)
341 silly packumentCache full:https://registry.npmjs.org/react-native-reanimated set size:11146775 disposed:false
342 silly fetch manifest react-native-worklets@0.10.x
343 silly packumentCache full:https://registry.npmjs.org/react-native-worklets cache-miss
344 http fetch GET 200 https://registry.npmjs.org/react-native-worklets 171ms (cache revalidated)
345 silly packumentCache full:https://registry.npmjs.org/react-native-worklets set size:2954654 disposed:false
346 silly fetch manifest @babel/core@*
347 silly packumentCache full:https://registry.npmjs.org/@babel%2fcore cache-miss
348 http fetch GET 200 https://registry.npmjs.org/@babel%2fcore 473ms (cache revalidated)
349 silly packumentCache full:https://registry.npmjs.org/@babel%2fcore set size:788258 disposed:false
350 silly fetch manifest @react-native/metro-config@*
351 silly packumentCache full:https://registry.npmjs.org/@react-native%2fmetro-config cache-miss
352 http fetch GET 200 https://registry.npmjs.org/@react-native%2fmetro-config 643ms (cache revalidated)
353 silly packumentCache full:https://registry.npmjs.org/@react-native%2fmetro-config set size:2287267 disposed:false
354 silly fetch manifest react-native-safe-area-context@>= 5.4.0
355 silly packumentCache full:https://registry.npmjs.org/react-native-safe-area-context cache-miss
356 http fetch GET 200 https://registry.npmjs.org/react-native-safe-area-context 160ms (cache revalidated)
357 silly packumentCache full:https://registry.npmjs.org/react-native-safe-area-context set size:667318 disposed:false
358 silly fetch manifest react-server-dom-webpack@~19.0.4 || ~19.1.5 || ~19.2.4
359 silly packumentCache full:https://registry.npmjs.org/react-server-dom-webpack cache-miss
360 http fetch GET 200 https://registry.npmjs.org/react-server-dom-webpack 468ms (cache revalidated)
361 silly packumentCache full:https://registry.npmjs.org/react-server-dom-webpack set size:7421412 disposed:false
362 silly fetch manifest webpack@^5.59.0
363 silly packumentCache full:https://registry.npmjs.org/webpack cache-miss
364 http fetch GET 200 https://registry.npmjs.org/webpack 495ms (cache revalidated)
365 silly packumentCache full:https://registry.npmjs.org/webpack set size:5090723 disposed:false
366 silly fetch manifest expo-widgets@^57.0.5
367 silly packumentCache full:https://registry.npmjs.org/expo-widgets cache-miss
368 http fetch GET 200 https://registry.npmjs.org/expo-widgets 481ms (cache revalidated)
369 silly packumentCache full:https://registry.npmjs.org/expo-widgets set size:280943 disposed:false
370 silly fetch manifest react-native-worklets@^0.7.4 || ^0.8.0 || ^0.9.0 || ^0.10.0
371 silly packumentCache full:https://registry.npmjs.org/react-native-worklets cache-miss
372 http cache https://registry.npmjs.org/react-native-worklets 12ms (cache hit)
373 silly packumentCache full:https://registry.npmjs.org/react-native-worklets set size:2954654 disposed:false
374 silly placeDep ROOT @babel/runtime@7.29.7 OK for: expo@57.0.6 want: ^7.20.0
375 silly placeDep node_modules/expo @expo/cli@57.0.8 CONFLICT for: expo@57.0.6 want: ^57.0.8
376 silly placeDep ROOT @expo/config@57.0.5 OK for: expo@57.0.6 want: ~57.0.5
377 silly placeDep ROOT @expo/config-plugins@57.0.5 OK for: expo@57.0.6 want: ~57.0.5
378 silly placeDep ROOT @expo/devtools@57.0.1 OK for: expo@57.0.6 want: ~57.0.1
379 silly placeDep node_modules/expo @expo/dom-webview@57.0.1 CONFLICT for: expo@57.0.6 want: ~57.0.1
380 silly placeDep ROOT @expo/fingerprint@0.20.5 OK for: expo@57.0.6 want: ^0.20.5
381 silly placeDep ROOT @expo/local-build-cache-provider@57.0.4 OK for: expo@57.0.6 want: ^57.0.4
382 silly placeDep node_modules/expo @expo/log-box@57.0.1 CONFLICT for: expo@57.0.6 want: ^57.0.1
383 silly placeDep ROOT @expo/metro@56.0.0 OK for: expo@57.0.6 want: ~56.0.0
384 silly placeDep node_modules/expo @expo/metro-config@57.0.5 CONFLICT for: expo@57.0.6 want: ~57.0.5
385 silly placeDep ROOT @ungap/structured-clone@1.3.3 OK for: expo@57.0.6 want: ^1.3.0
386 silly placeDep node_modules/expo babel-preset-expo@57.0.3 CONFLICT for: expo@57.0.6 want: ~57.0.3
387 silly placeDep ROOT react-refresh@0.14.2 OK for: babel-preset-expo@57.0.3 want: >=0.14.0 <1.0.0
388 silly placeDep node_modules/expo expo-asset@57.0.5 CONFLICT for: expo@57.0.6 want: ~57.0.5
389 silly placeDep node_modules/expo expo-constants@57.0.5 CONFLICT for: expo@57.0.6 want: ~57.0.5
390 silly placeDep node_modules/expo expo-file-system@57.0.1 CONFLICT for: expo@57.0.6 want: ~57.0.1
391 silly placeDep node_modules/expo expo-font@57.0.1 CONFLICT for: expo@57.0.6 want: ~57.0.1
392 silly placeDep node_modules/expo expo-keep-awake@57.0.1 CONFLICT for: expo@57.0.6 want: ~57.0.1
393 silly placeDep ROOT expo-modules-autolinking@57.0.7 OK for: expo@57.0.6 want: ~57.0.7
394 silly placeDep ROOT expo-modules-core@57.0.5 OK for: expo@57.0.6 want: ~57.0.5
395 silly placeDep ROOT pretty-format@29.7.0 OK for: expo@57.0.6 want: ^29.7.0
396 silly placeDep ROOT whatwg-url-minimum@0.1.2 OK for: expo@57.0.6 want: ^0.1.2
397 silly fetch manifest ws@^8.12.1
398 silly packumentCache full:https://registry.npmjs.org/ws cache-hit
399 silly fetch manifest arg@^5.0.2
400 silly packumentCache full:https://registry.npmjs.org/arg cache-miss
401 silly fetch manifest ora@^3.4.0
402 silly packumentCache full:https://registry.npmjs.org/ora cache-miss
403 silly fetch manifest zod@^3.25.76
404 silly packumentCache full:https://registry.npmjs.org/zod cache-miss
405 silly fetch manifest glob@^13.0.0
406 silly packumentCache full:https://registry.npmjs.org/glob cache-miss
407 silly fetch manifest send@^0.19.0
408 silly packumentCache full:https://registry.npmjs.org/send cache-miss
409 silly fetch manifest toqr@^0.1.1
410 silly packumentCache full:https://registry.npmjs.org/toqr cache-miss
411 silly fetch manifest chalk@^4.0.0
412 silly packumentCache full:https://registry.npmjs.org/chalk cache-miss
413 http fetch GET 200 https://registry.npmjs.org/arg 263ms (cache revalidated)
414 silly packumentCache full:https://registry.npmjs.org/arg set size:67036 disposed:false
415 silly fetch manifest debug@^4.3.4
416 silly packumentCache full:https://registry.npmjs.org/debug cache-miss
417 http fetch GET 200 https://registry.npmjs.org/glob 266ms (cache revalidated)
418 silly packumentCache full:https://registry.npmjs.org/glob set size:469465 disposed:false
419 silly fetch manifest getenv@^2.0.0
420 silly packumentCache full:https://registry.npmjs.org/getenv cache-miss
421 http fetch GET 200 https://registry.npmjs.org/send 282ms (cache revalidated)
422 silly packumentCache full:https://registry.npmjs.org/send set size:152810 disposed:false
423 silly fetch manifest semver@^7.6.0
424 silly packumentCache full:https://registry.npmjs.org/semver cache-hit
425 silly fetch manifest accepts@^1.3.8
426 silly packumentCache full:https://registry.npmjs.org/accepts cache-miss
427 http fetch GET 200 https://registry.npmjs.org/chalk 284ms (cache revalidated)
428 silly packumentCache full:https://registry.npmjs.org/chalk set size:117861 disposed:false
429 silly fetch manifest ci-info@^3.3.0
430 silly packumentCache full:https://registry.npmjs.org/ci-info cache-miss
431 http fetch GET 200 https://registry.npmjs.org/zod 298ms (cache revalidated)
432 silly packumentCache full:https://registry.npmjs.org/zod set size:3552562 disposed:false
433 silly fetch manifest connect@^3.7.0
434 silly packumentCache full:https://registry.npmjs.org/connect cache-miss
435 http fetch GET 200 https://registry.npmjs.org/getenv 143ms (cache revalidated)
436 silly packumentCache full:https://registry.npmjs.org/getenv set size:20110 disposed:false
437 silly fetch manifest prompts@^2.3.2
438 silly packumentCache full:https://registry.npmjs.org/prompts cache-miss
439 http fetch GET 200 https://registry.npmjs.org/debug 164ms (cache revalidated)
440 silly packumentCache full:https://registry.npmjs.org/debug set size:195840 disposed:false
441 silly fetch manifest slugify@^1.3.4
442 silly packumentCache full:https://registry.npmjs.org/slugify cache-miss
443 http fetch GET 200 https://registry.npmjs.org/accepts 184ms (cache revalidated)
444 silly packumentCache full:https://registry.npmjs.org/accepts set size:77054 disposed:false
445 silly fetch manifest progress@^2.0.3
446 silly packumentCache full:https://registry.npmjs.org/progress cache-miss
447 http fetch GET 200 https://registry.npmjs.org/connect 169ms (cache revalidated)
448 silly packumentCache full:https://registry.npmjs.org/connect set size:438385 disposed:false
449 silly fetch manifest @expo/env@~2.4.2
450 silly packumentCache full:https://registry.npmjs.org/@expo%2fenv cache-miss
451 http fetch GET 200 https://registry.npmjs.org/ci-info 219ms (cache revalidated)
452 silly packumentCache full:https://registry.npmjs.org/ci-info set size:91363 disposed:false
453 silly fetch manifest multitars@^1.0.0
454 silly packumentCache full:https://registry.npmjs.org/multitars cache-miss
455 http fetch GET 200 https://registry.npmjs.org/prompts 125ms (cache revalidated)
456 silly packumentCache full:https://registry.npmjs.org/prompts set size:115896 disposed:false
457 silly fetch manifest picomatch@^4.0.4
458 silly packumentCache full:https://registry.npmjs.org/picomatch cache-miss
459 http fetch GET 200 https://registry.npmjs.org/ora 552ms (cache revalidated)
460 silly packumentCache full:https://registry.npmjs.org/ora set size:147148 disposed:false
461 silly fetch manifest wrap-ansi@^7.0.0
462 silly packumentCache full:https://registry.npmjs.org/wrap-ansi cache-miss
463 http fetch GET 200 https://registry.npmjs.org/toqr 566ms (cache revalidated)
464 silly packumentCache full:https://registry.npmjs.org/toqr set size:13525 disposed:false
465 silly fetch manifest node-forge@^1.3.3
466 silly packumentCache full:https://registry.npmjs.org/node-forge cache-miss
467 http fetch GET 200 https://registry.npmjs.org/progress 128ms (cache revalidated)
468 silly packumentCache full:https://registry.npmjs.org/progress set size:34179 disposed:false
469 silly fetch manifest @expo/plist@^0.8.1
470 silly packumentCache full:https://registry.npmjs.org/@expo%2fplist cache-miss
471 http fetch GET 200 https://registry.npmjs.org/multitars 144ms (cache revalidated)
472 silly packumentCache full:https://registry.npmjs.org/multitars set size:114498 disposed:false
473 silly fetch manifest compression@^1.7.4
474 silly packumentCache full:https://registry.npmjs.org/compression cache-miss
475 http fetch GET 200 https://registry.npmjs.org/picomatch 124ms (cache revalidated)
476 silly packumentCache full:https://registry.npmjs.org/picomatch set size:128942 disposed:false
477 silly fetch manifest expo-server@^57.0.1
478 silly packumentCache full:https://registry.npmjs.org/expo-server cache-miss
479 http fetch GET 200 https://registry.npmjs.org/wrap-ansi 128ms (cache revalidated)
480 silly packumentCache full:https://registry.npmjs.org/wrap-ansi set size:55299 disposed:false
481 silly fetch manifest lan-network@^0.2.1
482 silly packumentCache full:https://registry.npmjs.org/lan-network cache-miss
483 http fetch GET 200 https://registry.npmjs.org/node-forge 152ms (cache revalidated)
484 silly packumentCache full:https://registry.npmjs.org/node-forge set size:394631 disposed:false
485 silly fetch manifest resolve-from@^5.0.0
486 silly packumentCache full:https://registry.npmjs.org/resolve-from cache-miss
487 http fetch GET 200 https://registry.npmjs.org/@expo%2fplist 174ms (cache revalidated)
488 silly packumentCache full:https://registry.npmjs.org/@expo%2fplist set size:569969 disposed:false
489 silly fetch manifest @expo/devcert@^1.2.1
490 silly packumentCache full:https://registry.npmjs.org/@expo%2fdevcert cache-miss
491 http fetch GET 200 https://registry.npmjs.org/lan-network 141ms (cache revalidated)
492 silly packumentCache full:https://registry.npmjs.org/lan-network set size:65284 disposed:false
493 silly fetch manifest bplist-parser@^0.3.1
494 silly packumentCache full:https://registry.npmjs.org/bplist-parser cache-miss
495 http fetch GET 200 https://registry.npmjs.org/expo-server 159ms (cache revalidated)
496 silly packumentCache full:https://registry.npmjs.org/expo-server set size:313228 disposed:false
497 silly fetch manifest terminal-link@^2.1.1
498 silly packumentCache full:https://registry.npmjs.org/terminal-link cache-miss
499 http fetch GET 200 https://registry.npmjs.org/@expo%2fenv 338ms (cache revalidated)
500 silly packumentCache full:https://registry.npmjs.org/@expo%2fenv set size:590610 disposed:false
501 silly fetch manifest @expo/xcpretty@^4.4.4
502 silly packumentCache full:https://registry.npmjs.org/@expo%2fxcpretty cache-miss
503 http fetch GET 200 https://registry.npmjs.org/compression 185ms (cache revalidated)
504 silly packumentCache full:https://registry.npmjs.org/compression set size:98424 disposed:false
505 silly fetch manifest bplist-creator@0.1.0
506 silly packumentCache full:https://registry.npmjs.org/bplist-creator cache-miss
507 http fetch GET 200 https://registry.npmjs.org/resolve-from 161ms (cache revalidated)
508 silly packumentCache full:https://registry.npmjs.org/resolve-from set size:12911 disposed:false
509 silly fetch manifest fetch-nodeshim@^0.4.10
510 silly packumentCache full:https://registry.npmjs.org/fetch-nodeshim cache-miss
511 http fetch GET 200 https://registry.npmjs.org/slugify 494ms (cache revalidated)
512 silly packumentCache full:https://registry.npmjs.org/slugify set size:103522 disposed:false
513 silly fetch manifest @expo/json-file@^11.0.1
514 silly packumentCache full:https://registry.npmjs.org/@expo%2fjson-file cache-miss
515 http fetch GET 200 https://registry.npmjs.org/bplist-parser 169ms (cache revalidated)
516 silly packumentCache full:https://registry.npmjs.org/bplist-parser set size:21877 disposed:false
517 silly fetch manifest @expo/osascript@^2.7.1
518 silly packumentCache full:https://registry.npmjs.org/@expo%2fosascript cache-miss
519 http fetch GET 200 https://registry.npmjs.org/bplist-creator 162ms (cache revalidated)
520 silly packumentCache full:https://registry.npmjs.org/bplist-creator set size:18748 disposed:false
521 silly fetch manifest @expo/ws-tunnel@^2.0.0
522 silly packumentCache full:https://registry.npmjs.org/@expo%2fws-tunnel cache-miss
523 http fetch GET 200 https://registry.npmjs.org/fetch-nodeshim 153ms (cache revalidated)
524 silly packumentCache full:https://registry.npmjs.org/fetch-nodeshim set size:154243 disposed:false
525 silly fetch manifest dnssd-advertise@^1.1.4
526 silly packumentCache full:https://registry.npmjs.org/dnssd-advertise cache-miss
527 http fetch GET 200 https://registry.npmjs.org/dnssd-advertise 163ms (cache revalidated)
528 silly packumentCache full:https://registry.npmjs.org/dnssd-advertise set size:128531 disposed:false
529 silly fetch manifest npm-package-arg@^11.0.0
530 silly packumentCache full:https://registry.npmjs.org/npm-package-arg cache-miss
531 http fetch GET 200 https://registry.npmjs.org/@expo%2fdevcert 484ms (cache revalidated)
532 silly packumentCache full:https://registry.npmjs.org/@expo%2fdevcert set size:37695 disposed:false
533 silly fetch manifest @expo/image-utils@^0.11.3
534 silly packumentCache full:https://registry.npmjs.org/@expo%2fimage-utils cache-miss
535 http fetch GET 200 https://registry.npmjs.org/terminal-link 451ms (cache revalidated)
536 silly packumentCache full:https://registry.npmjs.org/terminal-link set size:26728 disposed:false
537 silly fetch manifest @expo/spawn-async@^1.8.0
538 silly packumentCache full:https://registry.npmjs.org/@expo%2fspawn-async cache-miss
539 http fetch GET 200 https://registry.npmjs.org/@expo%2fxcpretty 459ms (cache revalidated)
540 silly packumentCache full:https://registry.npmjs.org/@expo%2fxcpretty set size:123694 disposed:false
541 silly fetch manifest @expo/schema-utils@^57.0.2
542 silly packumentCache full:https://registry.npmjs.org/@expo%2fschema-utils cache-miss
543 http fetch GET 200 https://registry.npmjs.org/@expo%2fosascript 321ms (cache revalidated)
544 silly packumentCache full:https://registry.npmjs.org/@expo%2fosascript set size:658116 disposed:false
545 silly fetch manifest agent-cli-detector@^0.1.2
546 silly packumentCache full:https://registry.npmjs.org/agent-cli-detector cache-miss
547 http fetch GET 200 https://registry.npmjs.org/npm-package-arg 151ms (cache revalidated)
548 silly packumentCache full:https://registry.npmjs.org/npm-package-arg set size:133884 disposed:false
549 silly fetch manifest structured-headers@^0.4.1
550 silly packumentCache full:https://registry.npmjs.org/structured-headers cache-miss
551 http fetch GET 200 https://registry.npmjs.org/@expo%2fjson-file 438ms (cache revalidated)
552 silly packumentCache full:https://registry.npmjs.org/@expo%2fjson-file set size:775522 disposed:false
553 silly fetch manifest @expo/require-utils@^57.0.3
554 silly packumentCache full:https://registry.npmjs.org/@expo%2frequire-utils cache-miss
555 http fetch GET 200 https://registry.npmjs.org/@expo%2fspawn-async 152ms (cache revalidated)
556 silly packumentCache full:https://registry.npmjs.org/@expo%2fspawn-async set size:41260 disposed:false
557 silly fetch manifest @expo/router-server@^57.0.3
558 silly packumentCache full:https://registry.npmjs.org/@expo%2frouter-server cache-miss
559 http fetch GET 200 https://registry.npmjs.org/agent-cli-detector 118ms (cache revalidated)
560 silly packumentCache full:https://registry.npmjs.org/agent-cli-detector set size:9977 disposed:false
561 silly fetch manifest @expo/inline-modules@^0.1.3
562 silly packumentCache full:https://registry.npmjs.org/@expo%2finline-modules cache-miss
563 http fetch GET 200 https://registry.npmjs.org/@expo%2fws-tunnel 456ms (cache revalidated)
564 silly packumentCache full:https://registry.npmjs.org/@expo%2fws-tunnel set size:24472 disposed:false
565 silly fetch manifest @expo/metro-file-map@^57.0.1
566 silly packumentCache full:https://registry.npmjs.org/@expo%2fmetro-file-map cache-miss
567 http fetch GET 200 https://registry.npmjs.org/@expo%2finline-modules 132ms (cache revalidated)
568 silly packumentCache full:https://registry.npmjs.org/@expo%2finline-modules set size:101198 disposed:false
569 silly fetch manifest @expo/package-manager@^1.13.1
570 silly packumentCache full:https://registry.npmjs.org/@expo%2fpackage-manager cache-miss
571 http fetch GET 200 https://registry.npmjs.org/@expo%2frouter-server 160ms (cache revalidated)
572 silly packumentCache full:https://registry.npmjs.org/@expo%2frouter-server set size:306149 disposed:false
573 silly fetch manifest @expo/prebuild-config@^57.0.7
574 silly packumentCache full:https://registry.npmjs.org/@expo%2fprebuild-config cache-miss
575 http fetch GET 200 https://registry.npmjs.org/@expo%2frequire-utils 327ms (cache revalidated)
576 silly packumentCache full:https://registry.npmjs.org/@expo%2frequire-utils set size:150017 disposed:false
577 silly fetch manifest @react-native/dev-middleware@0.86.0
578 silly packumentCache full:https://registry.npmjs.org/@react-native%2fdev-middleware cache-miss
579 http fetch GET 200 https://registry.npmjs.org/@expo%2fimage-utils 443ms (cache revalidated)
580 silly packumentCache full:https://registry.npmjs.org/@expo%2fimage-utils set size:823715 disposed:false
581 silly fetch manifest @expo/code-signing-certificates@^0.0.6
582 silly packumentCache full:https://registry.npmjs.org/@expo%2fcode-signing-certificates cache-miss
583 http fetch GET 200 https://registry.npmjs.org/@expo%2fprebuild-config 153ms (cache revalidated)
584 silly packumentCache full:https://registry.npmjs.org/@expo%2fprebuild-config set size:1227515 disposed:false
585 silly fetch manifest deepmerge@^4.3.1
586 silly packumentCache full:https://registry.npmjs.org/deepmerge cache-miss
587 http fetch GET 200 https://registry.npmjs.org/structured-headers 458ms (cache revalidated)
588 silly packumentCache full:https://registry.npmjs.org/structured-headers set size:40194 disposed:false
589 silly fetch manifest @expo/config-types@^57.0.2
590 silly packumentCache full:https://registry.npmjs.org/@expo%2fconfig-types cache-miss
591 http fetch GET 200 https://registry.npmjs.org/deepmerge 133ms (cache revalidated)
592 silly packumentCache full:https://registry.npmjs.org/deepmerge set size:101897 disposed:false
593 silly fetch manifest resolve-workspace-root@^2.0.0
594 silly packumentCache full:https://registry.npmjs.org/resolve-workspace-root cache-miss
595 http fetch GET 200 https://registry.npmjs.org/@expo%2fpackage-manager 326ms (cache revalidated)
596 silly packumentCache full:https://registry.npmjs.org/@expo%2fpackage-manager set size:888318 disposed:false
597 silly fetch manifest chalk@^4.1.2
598 silly packumentCache full:https://registry.npmjs.org/chalk cache-hit
599 silly fetch manifest debug@^4.3.5
600 silly packumentCache full:https://registry.npmjs.org/debug cache-hit
601 silly fetch manifest xcode@^3.0.1
602 silly packumentCache full:https://registry.npmjs.org/xcode cache-miss
603 http fetch GET 200 https://registry.npmjs.org/@expo%2fschema-utils 649ms (cache revalidated)
604 silly packumentCache full:https://registry.npmjs.org/@expo%2fschema-utils set size:246913 disposed:false
605 silly fetch manifest semver@^7.5.4
606 silly packumentCache full:https://registry.npmjs.org/semver cache-hit
607 silly fetch manifest xml2js@0.6.0
608 silly packumentCache full:https://registry.npmjs.org/xml2js cache-miss
609 http fetch GET 200 https://registry.npmjs.org/@expo%2fconfig-types 173ms (cache revalidated)
610 silly packumentCache full:https://registry.npmjs.org/@expo%2fconfig-types set size:806001 disposed:false
611 silly fetch manifest slugify@^1.6.6
612 silly packumentCache full:https://registry.npmjs.org/slugify cache-hit
613 silly fetch manifest @expo/json-file@~11.0.1
614 silly packumentCache full:https://registry.npmjs.org/@expo%2fjson-file cache-hit
615 silly fetch manifest @expo/sdk-runtime-versions@^1.0.0
616 silly packumentCache full:https://registry.npmjs.org/@expo%2fsdk-runtime-versions cache-miss
617 http fetch GET 200 https://registry.npmjs.org/@expo%2fcode-signing-certificates 307ms (cache revalidated)
618 silly packumentCache full:https://registry.npmjs.org/@expo%2fcode-signing-certificates set size:29541 disposed:false
619 silly fetch manifest ignore@^5.3.1
620 silly packumentCache full:https://registry.npmjs.org/ignore cache-miss
621 http fetch GET 200 https://registry.npmjs.org/xcode 171ms (cache revalidated)
622 silly packumentCache full:https://registry.npmjs.org/xcode set size:5234429 disposed:false
623 silly fetch manifest @expo/env@^2.4.2
624 silly packumentCache full:https://registry.npmjs.org/@expo%2fenv cache-hit
625 silly fetch manifest minimatch@^10.2.2
626 silly packumentCache full:https://registry.npmjs.org/minimatch cache-miss
627 http fetch GET 200 https://registry.npmjs.org/resolve-workspace-root 255ms (cache revalidated)
628 silly packumentCache full:https://registry.npmjs.org/resolve-workspace-root set size:11680 disposed:false
629 silly fetch manifest metro@0.84.4
630 silly packumentCache full:https://registry.npmjs.org/metro cache-miss
631 http fetch GET 200 https://registry.npmjs.org/xml2js 205ms (cache revalidated)
632 silly packumentCache full:https://registry.npmjs.org/xml2js set size:198018 disposed:false
633 silly fetch manifest metro-core@0.84.4
634 silly packumentCache full:https://registry.npmjs.org/metro-core cache-miss
635 http fetch GET 200 https://registry.npmjs.org/ignore 171ms (cache revalidated)
636 silly packumentCache full:https://registry.npmjs.org/ignore set size:240910 disposed:false
637 silly fetch manifest metro-cache@0.84.4
638 silly packumentCache full:https://registry.npmjs.org/metro-cache cache-miss
639 http fetch GET 200 https://registry.npmjs.org/@react-native%2fdev-middleware 527ms (cache revalidated)
640 silly packumentCache full:https://registry.npmjs.org/@react-native%2fdev-middleware set size:2515064 disposed:false
641 silly fetch manifest metro-config@0.84.4
642 silly packumentCache full:https://registry.npmjs.org/metro-config cache-miss
643 http fetch GET 200 https://registry.npmjs.org/minimatch 210ms (cache revalidated)
644 silly packumentCache full:https://registry.npmjs.org/minimatch set size:375282 disposed:false
645 silly fetch manifest metro-runtime@0.84.4
646 silly packumentCache full:https://registry.npmjs.org/metro-runtime cache-hit
647 silly fetch manifest metro-file-map@0.84.4
648 silly packumentCache full:https://registry.npmjs.org/metro-file-map cache-miss
649 http fetch GET 200 https://registry.npmjs.org/metro-core 235ms (cache revalidated)
650 silly packumentCache full:https://registry.npmjs.org/metro-core set size:395979 disposed:false
651 silly fetch manifest metro-resolver@0.84.4
652 silly packumentCache full:https://registry.npmjs.org/metro-resolver cache-miss
653 http fetch GET 200 https://registry.npmjs.org/metro 250ms (cache revalidated)
654 silly packumentCache full:https://registry.npmjs.org/metro set size:736076 disposed:false
655 silly fetch manifest metro-cache-key@0.84.4
656 silly packumentCache full:https://registry.npmjs.org/metro-cache-key cache-miss
657 http fetch GET 200 https://registry.npmjs.org/@expo%2fsdk-runtime-versions 468ms (cache revalidated)
658 silly packumentCache full:https://registry.npmjs.org/@expo%2fsdk-runtime-versions set size:4827 disposed:false
659 silly fetch manifest metro-source-map@0.84.4
660 silly packumentCache full:https://registry.npmjs.org/metro-source-map cache-hit
661 silly fetch manifest metro-symbolicate@0.84.4
662 silly packumentCache full:https://registry.npmjs.org/metro-symbolicate cache-miss
663 http fetch GET 200 https://registry.npmjs.org/metro-file-map 143ms (cache revalidated)
664 silly packumentCache full:https://registry.npmjs.org/metro-file-map set size:195293 disposed:false
665 silly fetch manifest metro-minify-terser@0.84.4
666 silly packumentCache full:https://registry.npmjs.org/metro-minify-terser cache-miss
667 http fetch GET 200 https://registry.npmjs.org/metro-cache-key 143ms (cache revalidated)
668 silly packumentCache full:https://registry.npmjs.org/metro-cache-key set size:206329 disposed:false
669 silly fetch manifest metro-transform-worker@0.84.4
670 silly packumentCache full:https://registry.npmjs.org/metro-transform-worker cache-miss
671 http fetch GET 200 https://registry.npmjs.org/metro-resolver 164ms (cache revalidated)
672 silly packumentCache full:https://registry.npmjs.org/metro-resolver set size:365046 disposed:false
673 silly fetch manifest metro-babel-transformer@0.84.4
674 silly packumentCache full:https://registry.npmjs.org/metro-babel-transformer cache-miss
675 http fetch GET 200 https://registry.npmjs.org/metro-minify-terser 118ms (cache revalidated)
676 silly packumentCache full:https://registry.npmjs.org/metro-minify-terser set size:273237 disposed:false
677 silly fetch manifest metro-transform-plugins@0.84.4
678 silly packumentCache full:https://registry.npmjs.org/metro-transform-plugins cache-miss
679 http fetch GET 200 https://registry.npmjs.org/metro-symbolicate 159ms (cache revalidated)
680 silly packumentCache full:https://registry.npmjs.org/metro-symbolicate set size:266199 disposed:false
681 silly fetch manifest chalk@^4.1.0
682 silly packumentCache full:https://registry.npmjs.org/chalk cache-hit
683 silly fetch manifest debug@^4.3.2
684 silly packumentCache full:https://registry.npmjs.org/debug cache-hit
685 silly fetch manifest postcss@^8.5.14
686 silly packumentCache full:https://registry.npmjs.org/postcss cache-miss
687 http fetch GET 200 https://registry.npmjs.org/metro-transform-worker 131ms (cache revalidated)
688 silly packumentCache full:https://registry.npmjs.org/metro-transform-worker set size:262451 disposed:false
689 silly fetch manifest @babel/core@^7.20.0
690 silly packumentCache full:https://registry.npmjs.org/@babel%2fcore cache-hit
691 silly fetch manifest browserslist@^4.25.0
692 silly packumentCache full:https://registry.npmjs.org/browserslist cache-miss
693 http fetch GET 200 https://registry.npmjs.org/@expo%2fmetro-file-map 1249ms (cache revalidated)
694 silly packumentCache full:https://registry.npmjs.org/@expo%2fmetro-file-map set size:64182 disposed:false
695 silly fetch manifest jsc-safe-url@^0.2.4
696 silly packumentCache full:https://registry.npmjs.org/jsc-safe-url cache-miss
697 http fetch GET 200 https://registry.npmjs.org/metro-babel-transformer 151ms (cache revalidated)
698 silly packumentCache full:https://registry.npmjs.org/metro-babel-transformer set size:263987 disposed:false
699 silly fetch manifest lightningcss@^1.30.1
700 silly packumentCache full:https://registry.npmjs.org/lightningcss cache-miss
701 http fetch GET 200 https://registry.npmjs.org/metro-transform-plugins 122ms (cache revalidated)
702 silly packumentCache full:https://registry.npmjs.org/metro-transform-plugins set size:253865 disposed:false
703 silly fetch manifest hermes-parser@^0.36.0
704 silly packumentCache full:https://registry.npmjs.org/hermes-parser cache-miss
705 http fetch GET 200 https://registry.npmjs.org/metro-cache 580ms (cache revalidated)
706 silly packumentCache full:https://registry.npmjs.org/metro-cache set size:376710 disposed:false
707 silly fetch manifest @babel/generator@^7.20.5
708 silly packumentCache full:https://registry.npmjs.org/@babel%2fgenerator cache-miss
709 http fetch GET 200 https://registry.npmjs.org/metro-config 535ms (cache revalidated)
710 silly packumentCache full:https://registry.npmjs.org/metro-config set size:337662 disposed:false
711 silly fetch manifest @babel/code-frame@^7.20.0
712 silly packumentCache full:https://registry.npmjs.org/@babel%2fcode-frame cache-miss
713 http fetch GET 200 https://registry.npmjs.org/postcss 179ms (cache revalidated)
714 silly packumentCache full:https://registry.npmjs.org/postcss set size:736604 disposed:false
715 silly fetch manifest @jridgewell/remapping@^2.3.5
716 silly packumentCache full:https://registry.npmjs.org/@jridgewell%2fremapping cache-miss
717 http fetch GET 200 https://registry.npmjs.org/browserslist 148ms (cache revalidated)
718 silly packumentCache full:https://registry.npmjs.org/browserslist set size:514014 disposed:false
719 silly fetch manifest @jridgewell/gen-mapping@^0.3.13
720 silly packumentCache full:https://registry.npmjs.org/@jridgewell%2fgen-mapping cache-miss
721 http fetch GET 200 https://registry.npmjs.org/jsc-safe-url 168ms (cache revalidated)
722 silly packumentCache full:https://registry.npmjs.org/jsc-safe-url set size:13143 disposed:false
723 silly fetch manifest @jridgewell/sourcemap-codec@^1.5.5
724 silly packumentCache full:https://registry.npmjs.org/@jridgewell%2fsourcemap-codec cache-miss
725 http fetch GET 200 https://registry.npmjs.org/hermes-parser 158ms (cache revalidated)
726 silly packumentCache full:https://registry.npmjs.org/hermes-parser set size:172593 disposed:false
727 silly fetch manifest @babel/generator@^7.20.5
728 silly packumentCache full:https://registry.npmjs.org/@babel%2fgenerator cache-miss
729 http fetch GET 200 https://registry.npmjs.org/lightningcss 185ms (cache revalidated)
730 silly packumentCache full:https://registry.npmjs.org/lightningcss set size:186753 disposed:false
731 silly fetch manifest @babel/preset-typescript@^7.23.0
732 silly packumentCache full:https://registry.npmjs.org/@babel%2fpreset-typescript cache-miss
733 http fetch GET 200 https://registry.npmjs.org/@babel%2fgenerator 199ms (cache revalidated)
734 silly packumentCache full:https://registry.npmjs.org/@babel%2fgenerator set size:520504 disposed:false
735 silly fetch manifest babel-plugin-react-compiler@^1.0.0
736 silly packumentCache full:https://registry.npmjs.org/babel-plugin-react-compiler cache-miss
737 http fetch GET 200 https://registry.npmjs.org/@jridgewell%2fremapping 192ms (cache revalidated)
738 silly packumentCache full:https://registry.npmjs.org/@jridgewell%2fremapping set size:23809 disposed:false
739 silly fetch manifest @babel/helper-module-imports@^7.25.9
740 silly packumentCache full:https://registry.npmjs.org/@babel%2fhelper-module-imports cache-miss
741 http fetch GET 200 https://registry.npmjs.org/@babel%2fgenerator 129ms (cache revalidated)
742 silly packumentCache full:https://registry.npmjs.org/@babel%2fgenerator set size:520504 disposed:false
743 silly packumentCache full:https://registry.npmjs.org/@babel%2fgenerator dispose
744 silly fetch manifest babel-plugin-react-native-web@~0.21.0
745 silly packumentCache full:https://registry.npmjs.org/babel-plugin-react-native-web cache-miss
746 http fetch GET 200 https://registry.npmjs.org/babel-plugin-react-compiler 146ms (cache revalidated)
747 silly packumentCache full:https://registry.npmjs.org/babel-plugin-react-compiler set size:1356999 disposed:false
748 silly fetch manifest @babel/plugin-transform-for-of@^7.24.7
749 silly packumentCache full:https://registry.npmjs.org/@babel%2fplugin-transform-for-of cache-miss
750 http fetch GET 200 https://registry.npmjs.org/@babel%2fcode-frame 494ms (cache revalidated)
751 silly packumentCache full:https://registry.npmjs.org/@babel%2fcode-frame set size:206617 disposed:false
752 silly fetch manifest @babel/plugin-transform-classes@^7.25.4
753 silly packumentCache full:https://registry.npmjs.org/@babel%2fplugin-transform-classes cache-miss
754 http fetch GET 200 https://registry.npmjs.org/@jridgewell%2fsourcemap-codec 455ms (cache revalidated)
755 silly packumentCache full:https://registry.npmjs.org/@jridgewell%2fsourcemap-codec set size:51856 disposed:false
756 silly fetch manifest @babel/plugin-transform-runtime@^7.24.7
757 silly packumentCache full:https://registry.npmjs.org/@babel%2fplugin-transform-runtime cache-miss
758 http fetch GET 200 https://registry.npmjs.org/@babel%2fpreset-typescript 510ms (cache revalidated)
759 silly packumentCache full:https://registry.npmjs.org/@babel%2fpreset-typescript set size:271383 disposed:false
760 silly fetch manifest @babel/plugin-proposal-decorators@^7.12.9
761 silly packumentCache full:https://registry.npmjs.org/@babel%2fplugin-proposal-decorators cache-miss
762 http fetch GET 200 https://registry.npmjs.org/@babel%2fhelper-module-imports 456ms (cache revalidated)
763 silly packumentCache full:https://registry.npmjs.org/@babel%2fhelper-module-imports set size:203392 disposed:false
764 silly fetch manifest @babel/plugin-transform-react-jsx@^7.28.6
765 silly packumentCache full:https://registry.npmjs.org/@babel%2fplugin-transform-react-jsx cache-miss
766 http fetch GET 200 https://registry.npmjs.org/babel-plugin-react-native-web 459ms (cache revalidated)
767 silly packumentCache full:https://registry.npmjs.org/babel-plugin-react-native-web set size:325655 disposed:false
768 silly fetch manifest babel-plugin-syntax-hermes-parser@^0.36.0
769 silly packumentCache full:https://registry.npmjs.org/babel-plugin-syntax-hermes-parser cache-hit
770 silly fetch manifest babel-plugin-transform-flow-enums@^0.0.2
771 silly packumentCache full:https://registry.npmjs.org/babel-plugin-transform-flow-enums cache-miss
772 http fetch GET 200 https://registry.npmjs.org/@babel%2fplugin-transform-runtime 158ms (cache revalidated)
773 silly packumentCache full:https://registry.npmjs.org/@babel%2fplugin-transform-runtime set size:468058 disposed:false
774 silly fetch manifest @babel/plugin-transform-parameters@^7.24.7
775 silly packumentCache full:https://registry.npmjs.org/@babel%2fplugin-transform-parameters cache-miss
776 http fetch GET 200 https://registry.npmjs.org/@babel%2fplugin-transform-for-of 459ms (cache revalidated)
777 silly packumentCache full:https://registry.npmjs.org/@babel%2fplugin-transform-for-of set size:245976 disposed:false
778 silly fetch manifest @babel/plugin-transform-typescript@^7.25.2
779 silly packumentCache full:https://registry.npmjs.org/@babel%2fplugin-transform-typescript cache-miss
780 http fetch GET 200 https://registry.npmjs.org/@jridgewell%2fgen-mapping 779ms (cache revalidated)
781 silly packumentCache full:https://registry.npmjs.org/@jridgewell%2fgen-mapping set size:75941 disposed:false
782 silly fetch manifest @react-native/babel-plugin-codegen@0.86.0
783 silly packumentCache full:https://registry.npmjs.org/@react-native%2fbabel-plugin-codegen cache-miss
784 http fetch GET 200 https://registry.npmjs.org/@babel%2fplugin-transform-react-jsx 165ms (cache revalidated)
785 silly packumentCache full:https://registry.npmjs.org/@babel%2fplugin-transform-react-jsx set size:298685 disposed:false
786 silly fetch manifest @babel/plugin-syntax-dynamic-import@^7.8.3
787 silly packumentCache full:https://registry.npmjs.org/@babel%2fplugin-syntax-dynamic-import cache-miss
788 http fetch GET 200 https://registry.npmjs.org/babel-plugin-transform-flow-enums 174ms (cache revalidated)
789 silly packumentCache full:https://registry.npmjs.org/babel-plugin-transform-flow-enums set size:8046 disposed:false
790 silly fetch manifest @babel/plugin-transform-block-scoping@^7.25.0
791 silly packumentCache full:https://registry.npmjs.org/@babel%2fplugin-transform-block-scoping cache-miss
792 http fetch GET 200 https://registry.npmjs.org/@babel%2fplugin-transform-parameters 155ms (cache revalidated)
793 silly packumentCache full:https://registry.npmjs.org/@babel%2fplugin-transform-parameters set size:282283 disposed:false
794 silly fetch manifest @babel/plugin-transform-destructuring@^7.24.8
795 silly packumentCache full:https://registry.npmjs.org/@babel%2fplugin-transform-destructuring cache-miss
796 http fetch GET 200 https://registry.npmjs.org/@babel%2fplugin-transform-classes 470ms (cache revalidated)
797 silly packumentCache full:https://registry.npmjs.org/@babel%2fplugin-transform-classes set size:340016 disposed:false
798 silly fetch manifest @babel/plugin-transform-unicode-regex@^7.24.7
799 silly packumentCache full:https://registry.npmjs.org/@babel%2fplugin-transform-unicode-regex cache-miss
800 http fetch GET 200 https://registry.npmjs.org/@babel%2fplugin-transform-typescript 155ms (cache revalidated)
801 silly packumentCache full:https://registry.npmjs.org/@babel%2fplugin-transform-typescript set size:402797 disposed:false
802 silly fetch manifest @babel/plugin-syntax-optional-chaining@^7.8.3
803 silly packumentCache full:https://registry.npmjs.org/@babel%2fplugin-syntax-optional-chaining cache-miss
804 http fetch GET 200 https://registry.npmjs.org/@babel%2fplugin-syntax-dynamic-import 130ms (cache revalidated)
805 silly packumentCache full:https://registry.npmjs.org/@babel%2fplugin-syntax-dynamic-import set size:81432 disposed:false
806 silly fetch manifest @babel/plugin-transform-private-methods@^7.24.7
807 silly packumentCache full:https://registry.npmjs.org/@babel%2fplugin-transform-private-methods cache-miss
808 http fetch GET 200 https://registry.npmjs.org/@babel%2fplugin-transform-block-scoping 165ms (cache revalidated)
809 silly packumentCache full:https://registry.npmjs.org/@babel%2fplugin-transform-block-scoping set size:325996 disposed:false
810 silly fetch manifest @babel/plugin-syntax-export-default-from@^7.24.7
811 silly packumentCache full:https://registry.npmjs.org/@babel%2fplugin-syntax-export-default-from cache-miss
812 http fetch GET 200 https://registry.npmjs.org/@babel%2fplugin-proposal-decorators 451ms (cache revalidated)
813 silly packumentCache full:https://registry.npmjs.org/@babel%2fplugin-proposal-decorators set size:387831 disposed:false
814 silly fetch manifest @babel/plugin-transform-class-properties@^7.25.4
815 silly packumentCache full:https://registry.npmjs.org/@babel%2fplugin-transform-class-properties cache-miss
816 http fetch GET 200 https://registry.npmjs.org/@babel%2fplugin-transform-unicode-regex 149ms (cache revalidated)
817 silly packumentCache full:https://registry.npmjs.org/@babel%2fplugin-transform-unicode-regex set size:220918 disposed:false
818 silly fetch manifest @babel/plugin-transform-flow-strip-types@^7.25.2
819 silly packumentCache full:https://registry.npmjs.org/@babel%2fplugin-transform-flow-strip-types cache-miss
820 http fetch GET 200 https://registry.npmjs.org/@babel%2fplugin-syntax-optional-chaining 162ms (cache revalidated)
821 silly packumentCache full:https://registry.npmjs.org/@babel%2fplugin-syntax-optional-chaining set size:82606 disposed:false
822 silly fetch manifest @babel/plugin-transform-modules-commonjs@^7.24.8
823 silly packumentCache full:https://registry.npmjs.org/@babel%2fplugin-transform-modules-commonjs cache-miss
824 http fetch GET 200 https://registry.npmjs.org/@babel%2fplugin-syntax-export-default-from 170ms (cache revalidated)
825 silly packumentCache full:https://registry.npmjs.org/@babel%2fplugin-syntax-export-default-from set size:195220 disposed:false
826 silly fetch manifest @babel/plugin-transform-optional-chaining@^7.24.8
827 silly packumentCache full:https://registry.npmjs.org/@babel%2fplugin-transform-optional-chaining cache-miss
828 http fetch GET 200 https://registry.npmjs.org/@babel%2fplugin-transform-class-properties 153ms (cache revalidated)
829 silly packumentCache full:https://registry.npmjs.org/@babel%2fplugin-transform-class-properties set size:95240 disposed:false
830 silly fetch manifest @babel/plugin-proposal-export-default-from@^7.24.7
831 silly packumentCache full:https://registry.npmjs.org/@babel%2fplugin-proposal-export-default-from cache-miss
832 http fetch GET 200 https://registry.npmjs.org/@babel%2fplugin-transform-flow-strip-types 124ms (cache revalidated)
833 silly packumentCache full:https://registry.npmjs.org/@babel%2fplugin-transform-flow-strip-types set size:254815 disposed:false
834 silly fetch manifest @babel/plugin-transform-async-to-generator@^7.24.7
835 silly packumentCache full:https://registry.npmjs.org/@babel%2fplugin-transform-async-to-generator cache-miss
836 http fetch GET 200 https://registry.npmjs.org/@react-native%2fbabel-plugin-codegen 451ms (cache revalidated)
837 silly packumentCache full:https://registry.npmjs.org/@react-native%2fbabel-plugin-codegen set size:2262805 disposed:false
838 silly fetch manifest @babel/plugin-transform-class-static-block@^7.27.1
839 silly packumentCache full:https://registry.npmjs.org/@babel%2fplugin-transform-class-static-block cache-miss
840 http fetch GET 200 https://registry.npmjs.org/@babel%2fplugin-transform-destructuring 457ms (cache revalidated)
841 silly packumentCache full:https://registry.npmjs.org/@babel%2fplugin-transform-destructuring set size:301661 disposed:false
842 silly fetch manifest @babel/plugin-transform-object-rest-spread@^7.24.7
843 silly packumentCache full:https://registry.npmjs.org/@babel%2fplugin-transform-object-rest-spread cache-miss
844 http fetch GET 200 https://registry.npmjs.org/@babel%2fplugin-transform-class-static-block 141ms (cache revalidated)
845 silly packumentCache full:https://registry.npmjs.org/@babel%2fplugin-transform-class-static-block set size:109709 disposed:false
846 silly fetch manifest @babel/plugin-transform-react-display-name@^7.24.7
847 silly packumentCache full:https://registry.npmjs.org/@babel%2fplugin-transform-react-display-name cache-miss
848 http fetch GET 200 https://registry.npmjs.org/@babel%2fplugin-transform-private-methods 480ms (cache revalidated)
849 silly packumentCache full:https://registry.npmjs.org/@babel%2fplugin-transform-private-methods set size:91777 disposed:false
850 silly fetch manifest @babel/plugin-transform-export-namespace-from@^7.25.9
851 silly packumentCache full:https://registry.npmjs.org/@babel%2fplugin-transform-export-namespace-from cache-miss
852 http fetch GET 200 https://registry.npmjs.org/@babel%2fplugin-transform-object-rest-spread 165ms (cache revalidated)
853 silly packumentCache full:https://registry.npmjs.org/@babel%2fplugin-transform-object-rest-spread set size:118192 disposed:false
854 silly fetch manifest @babel/plugin-transform-react-jsx-development@^7.27.1
855 silly packumentCache full:https://registry.npmjs.org/@babel%2fplugin-transform-react-jsx-development cache-miss
856 http fetch GET 200 https://registry.npmjs.org/@babel%2fplugin-transform-modules-commonjs 444ms (cache revalidated)
857 silly packumentCache full:https://registry.npmjs.org/@babel%2fplugin-transform-modules-commonjs set size:313445 disposed:false
858 silly fetch manifest @babel/plugin-transform-optional-catch-binding@^7.24.7
859 silly packumentCache full:https://registry.npmjs.org/@babel%2fplugin-transform-optional-catch-binding cache-miss
860 http fetch GET 200 https://registry.npmjs.org/@babel%2fplugin-transform-optional-chaining 449ms (cache revalidated)
861 silly packumentCache full:https://registry.npmjs.org/@babel%2fplugin-transform-optional-chaining set size:118753 disposed:false
862 silly fetch manifest @babel/plugin-transform-react-pure-annotations@^7.27.1
863 silly packumentCache full:https://registry.npmjs.org/@babel%2fplugin-transform-react-pure-annotations cache-miss
864 http fetch GET 200 https://registry.npmjs.org/@babel%2fplugin-transform-async-to-generator 419ms (cache revalidated)
865 silly packumentCache full:https://registry.npmjs.org/@babel%2fplugin-transform-async-to-generator set size:248954 disposed:false
866 silly fetch manifest @babel/plugin-syntax-nullish-coalescing-operator@^7.8.3
867 silly packumentCache full:https://registry.npmjs.org/@babel%2fplugin-syntax-nullish-coalescing-operator cache-miss
868 http fetch GET 200 https://registry.npmjs.org/@babel%2fplugin-proposal-export-default-from 437ms (cache revalidated)
869 silly packumentCache full:https://registry.npmjs.org/@babel%2fplugin-proposal-export-default-from set size:217537 disposed:false
870 silly fetch manifest @babel/plugin-transform-async-generator-functions@^7.25.4
871 silly packumentCache full:https://registry.npmjs.org/@babel%2fplugin-transform-async-generator-functions cache-miss
872 http fetch GET 200 https://registry.npmjs.org/@babel%2fplugin-transform-react-jsx-development 181ms (cache revalidated)
873 silly packumentCache full:https://registry.npmjs.org/@babel%2fplugin-transform-react-jsx-development set size:135202 disposed:false
874 silly fetch manifest @babel/plugin-transform-private-property-in-object@^7.24.7
875 silly packumentCache full:https://registry.npmjs.org/@babel%2fplugin-transform-private-property-in-object cache-miss
876 http fetch GET 200 https://registry.npmjs.org/@babel%2fplugin-transform-optional-catch-binding 138ms (cache revalidated)
877 silly packumentCache full:https://registry.npmjs.org/@babel%2fplugin-transform-optional-catch-binding set size:95205 disposed:false
878 silly fetch manifest @babel/plugin-transform-nullish-coalescing-operator@^7.24.7
879 silly packumentCache full:https://registry.npmjs.org/@babel%2fplugin-transform-nullish-coalescing-operator cache-miss
880 http fetch GET 200 https://registry.npmjs.org/@babel%2fplugin-syntax-nullish-coalescing-operator 140ms (cache revalidated)
881 silly packumentCache full:https://registry.npmjs.org/@babel%2fplugin-syntax-nullish-coalescing-operator set size:85378 disposed:false
882 silly fetch manifest @babel/plugin-transform-logical-assignment-operators@^7.24.7
883 silly packumentCache full:https://registry.npmjs.org/@babel%2fplugin-transform-logical-assignment-operators cache-miss
884 http fetch GET 200 https://registry.npmjs.org/@babel%2fplugin-transform-react-pure-annotations 155ms (cache revalidated)
885 silly packumentCache full:https://registry.npmjs.org/@babel%2fplugin-transform-react-pure-annotations set size:127512 disposed:false
886 silly fetch manifest @babel/plugin-transform-named-capturing-groups-regex@^7.24.7
887 silly packumentCache full:https://registry.npmjs.org/@babel%2fplugin-transform-named-capturing-groups-regex cache-miss
888 http fetch GET 200 https://registry.npmjs.org/@babel%2fplugin-transform-private-property-in-object 148ms (cache revalidated)
889 silly packumentCache full:https://registry.npmjs.org/@babel%2fplugin-transform-private-property-in-object set size:105192 disposed:false
890 silly fetch manifest fontfaceobserver@^2.1.0
891 silly packumentCache full:https://registry.npmjs.org/fontfaceobserver cache-miss
892 http fetch GET 200 https://registry.npmjs.org/@babel%2fplugin-transform-react-display-name 417ms (cache revalidated)
893 silly packumentCache full:https://registry.npmjs.org/@babel%2fplugin-transform-react-display-name set size:218986 disposed:false
894 silly fetch manifest commander@^7.2.0
895 silly packumentCache full:https://registry.npmjs.org/commander cache-hit
896 silly fetch manifest expo-modules-jsi@~57.0.3
897 silly packumentCache full:https://registry.npmjs.org/expo-modules-jsi cache-miss
898 http fetch GET 200 https://registry.npmjs.org/@babel%2fplugin-transform-export-namespace-from 452ms (cache revalidated)
899 silly packumentCache full:https://registry.npmjs.org/@babel%2fplugin-transform-export-namespace-from set size:93020 disposed:false
900 silly fetch manifest @expo/expo-modules-macros-plugin@0.6.1
901 silly packumentCache full:https://registry.npmjs.org/@expo%2fexpo-modules-macros-plugin cache-miss
902 http fetch GET 200 https://registry.npmjs.org/@babel%2fplugin-transform-named-capturing-groups-regex 137ms (cache revalidated)
903 silly packumentCache full:https://registry.npmjs.org/@babel%2fplugin-transform-named-capturing-groups-regex set size:197029 disposed:false
904 silly fetch manifest react-is@^18.0.0
905 silly packumentCache full:https://registry.npmjs.org/react-is cache-miss
906 http fetch GET 200 https://registry.npmjs.org/@babel%2fplugin-transform-logical-assignment-operators 169ms (cache revalidated)
907 silly packumentCache full:https://registry.npmjs.org/@babel%2fplugin-transform-logical-assignment-operators set size:104752 disposed:false
908 silly fetch manifest ansi-styles@^5.0.0
909 silly packumentCache full:https://registry.npmjs.org/ansi-styles cache-miss
910 http fetch GET 200 https://registry.npmjs.org/fontfaceobserver 157ms (cache revalidated)
911 silly packumentCache full:https://registry.npmjs.org/fontfaceobserver set size:113480 disposed:false
912 silly fetch manifest @jest/schemas@^29.6.3
913 silly packumentCache full:https://registry.npmjs.org/@jest%2fschemas cache-miss
914 http fetch GET 200 https://registry.npmjs.org/expo-modules-jsi 127ms (cache revalidated)
915 silly packumentCache full:https://registry.npmjs.org/expo-modules-jsi set size:98259 disposed:false
916 http fetch GET 200 https://registry.npmjs.org/react-is 170ms (cache revalidated)
917 silly packumentCache full:https://registry.npmjs.org/react-is set size:5499154 disposed:false
918 http fetch GET 200 https://registry.npmjs.org/ansi-styles 246ms (cache revalidated)
919 silly packumentCache full:https://registry.npmjs.org/ansi-styles set size:63233 disposed:false
920 http fetch GET 200 https://registry.npmjs.org/@babel%2fplugin-transform-async-generator-functions 547ms (cache revalidated)
921 silly packumentCache full:https://registry.npmjs.org/@babel%2fplugin-transform-async-generator-functions set size:130193 disposed:false
922 http fetch GET 200 https://registry.npmjs.org/@babel%2fplugin-transform-nullish-coalescing-operator 509ms (cache revalidated)
923 silly packumentCache full:https://registry.npmjs.org/@babel%2fplugin-transform-nullish-coalescing-operator set size:100915 disposed:false
924 http fetch GET 200 https://registry.npmjs.org/@expo%2fexpo-modules-macros-plugin 443ms (cache revalidated)
925 silly packumentCache full:https://registry.npmjs.org/@expo%2fexpo-modules-macros-plugin set size:36389 disposed:false
926 http fetch GET 200 https://registry.npmjs.org/@jest%2fschemas 613ms (cache revalidated)
927 silly packumentCache full:https://registry.npmjs.org/@jest%2fschemas set size:72050 disposed:false
928 silly fetch manifest typescript@^5.0.0 || ^5.0.0-0 || ^6.0.0
929 silly packumentCache full:https://registry.npmjs.org/typescript cache-miss
930 http cache https://registry.npmjs.org/typescript 48ms (cache hit)
931 silly packumentCache full:https://registry.npmjs.org/typescript set size:15443961 disposed:false
932 silly placeDep ROOT @expo/config-types@57.0.2 OK for: @expo/config@57.0.5 want: ^57.0.2
933 silly placeDep ROOT @expo/json-file@11.0.1 OK for: @expo/config@57.0.5 want: ^11.0.1
934 silly placeDep ROOT @expo/require-utils@57.0.3 OK for: @expo/config@57.0.5 want: ^57.0.3
935 silly placeDep ROOT deepmerge@4.3.1 OK for: @expo/config@57.0.5 want: ^4.3.1
936 silly placeDep ROOT getenv@2.0.0 OK for: @expo/config@57.0.5 want: ^2.0.0
937 silly placeDep ROOT glob@13.0.6 OK for: @expo/config@57.0.5 want: ^13.0.0
938 silly placeDep ROOT resolve-workspace-root@2.0.1 OK for: @expo/config@57.0.5 want: ^2.0.0
939 silly placeDep ROOT semver@7.8.5 OK for: @expo/config@57.0.5 want: ^7.6.0
940 silly placeDep ROOT slugify@1.6.9 OK for: @expo/config@57.0.5 want: ^1.3.4
941 silly fetch manifest json5@^2.2.3
942 silly packumentCache full:https://registry.npmjs.org/json5 cache-miss
943 silly fetch manifest @babel/core@^7.25.2
944 silly packumentCache full:https://registry.npmjs.org/@babel%2fcore cache-hit
945 silly fetch manifest minipass@^7.1.3
946 silly packumentCache full:https://registry.npmjs.org/minipass cache-miss
947 silly fetch manifest path-scurry@^2.0.2
948 silly packumentCache full:https://registry.npmjs.org/path-scurry cache-miss
949 http fetch GET 200 https://registry.npmjs.org/json5 153ms (cache revalidated)
950 silly packumentCache full:https://registry.npmjs.org/json5 set size:86136 disposed:false
951 http fetch GET 200 https://registry.npmjs.org/path-scurry 176ms (cache revalidated)
952 silly packumentCache full:https://registry.npmjs.org/path-scurry set size:117612 disposed:false
953 http fetch GET 200 https://registry.npmjs.org/minipass 206ms (cache revalidated)
954 silly packumentCache full:https://registry.npmjs.org/minipass set size:276925 disposed:false
955 silly placeDep ROOT @expo/plist@0.8.1 OK for: @expo/config-plugins@57.0.5 want: ^0.8.1
956 silly placeDep ROOT @expo/sdk-runtime-versions@1.0.0 OK for: @expo/config-plugins@57.0.5 want: ^1.0.0
957 silly placeDep ROOT chalk@4.1.2 OK for: @expo/config-plugins@57.0.5 want: ^4.1.2
958 silly placeDep ROOT debug@4.4.3 OK for: @expo/config-plugins@57.0.5 want: ^4.3.5
959 silly placeDep ROOT xcode@3.0.1 OK for: @expo/config-plugins@57.0.5 want: ^3.0.1
960 silly placeDep ROOT xml2js@0.6.0 OK for: @expo/config-plugins@57.0.5 want: 0.6.0
961 silly fetch manifest xmlbuilder@^15.1.1
962 silly packumentCache full:https://registry.npmjs.org/xmlbuilder cache-miss
963 silly fetch manifest @xmldom/xmldom@^0.8.8
964 silly packumentCache full:https://registry.npmjs.org/@xmldom%2fxmldom cache-miss
965 silly fetch manifest ansi-styles@^4.1.0
966 silly packumentCache full:https://registry.npmjs.org/ansi-styles cache-hit
967 silly fetch manifest supports-color@^7.1.0
968 silly packumentCache full:https://registry.npmjs.org/supports-color cache-miss
969 silly fetch manifest ms@^2.1.3
970 silly packumentCache full:https://registry.npmjs.org/ms cache-miss
971 silly fetch manifest uuid@^7.0.3
972 silly packumentCache full:https://registry.npmjs.org/uuid cache-miss
973 silly fetch manifest simple-plist@^1.1.0
974 silly packumentCache full:https://registry.npmjs.org/simple-plist cache-miss
975 silly fetch manifest sax@>=0.6.0
976 silly packumentCache full:https://registry.npmjs.org/sax cache-miss
977 http fetch GET 200 https://registry.npmjs.org/ms 228ms (cache revalidated)
978 silly packumentCache full:https://registry.npmjs.org/ms set size:92208 disposed:false
979 silly fetch manifest xmlbuilder@~11.0.0
980 silly packumentCache full:https://registry.npmjs.org/xmlbuilder cache-miss
981 http fetch GET 200 https://registry.npmjs.org/sax 225ms (cache revalidated)
982 silly packumentCache full:https://registry.npmjs.org/sax set size:91199 disposed:false
983 http fetch GET 200 https://registry.npmjs.org/simple-plist 228ms (cache revalidated)
984 silly packumentCache full:https://registry.npmjs.org/simple-plist set size:46135 disposed:false
985 http fetch GET 200 https://registry.npmjs.org/xmlbuilder 235ms (cache revalidated)
986 silly packumentCache full:https://registry.npmjs.org/xmlbuilder set size:158707 disposed:false
987 http fetch GET 200 https://registry.npmjs.org/uuid 237ms (cache revalidated)
988 silly packumentCache full:https://registry.npmjs.org/uuid set size:256419 disposed:false
989 http fetch GET 200 https://registry.npmjs.org/supports-color 245ms (cache revalidated)
990 silly packumentCache full:https://registry.npmjs.org/supports-color set size:118680 disposed:false
991 http cache https://registry.npmjs.org/xmlbuilder 19ms (cache hit)
992 silly packumentCache full:https://registry.npmjs.org/xmlbuilder set size:158707 disposed:false
993 silly packumentCache full:https://registry.npmjs.org/xmlbuilder dispose
994 http fetch GET 200 https://registry.npmjs.org/@xmldom%2fxmldom 705ms (cache revalidated)
995 silly packumentCache full:https://registry.npmjs.org/@xmldom%2fxmldom set size:166253 disposed:false
996 silly placeDep ROOT @expo/env@2.4.2 OK for: @expo/fingerprint@0.20.5 want: ^2.4.2
997 silly placeDep ROOT @expo/spawn-async@1.8.0 OK for: @expo/fingerprint@0.20.5 want: ^1.8.0
998 silly placeDep ROOT arg@5.0.2 OK for: @expo/fingerprint@0.20.5 want: ^5.0.2
999 silly placeDep ROOT ignore@5.3.2 OK for: @expo/fingerprint@0.20.5 want: ^5.3.1
1000 silly placeDep ROOT minimatch@10.2.5 OK for: @expo/fingerprint@0.20.5 want: ^10.2.2
1001 silly placeDep ROOT resolve-from@5.0.0 OK for: @expo/fingerprint@0.20.5 want: ^5.0.0
1002 silly fetch manifest cross-spawn@^7.0.6
1003 silly packumentCache full:https://registry.npmjs.org/cross-spawn cache-miss
1004 silly fetch manifest brace-expansion@^5.0.5
1005 silly packumentCache full:https://registry.npmjs.org/brace-expansion cache-miss
1006 http fetch GET 200 https://registry.npmjs.org/cross-spawn 126ms (cache revalidated)
1007 silly packumentCache full:https://registry.npmjs.org/cross-spawn set size:109066 disposed:false
1008 http fetch GET 200 https://registry.npmjs.org/brace-expansion 130ms (cache revalidated)
1009 silly packumentCache full:https://registry.npmjs.org/brace-expansion set size:78539 disposed:false
1010 silly placeDep ROOT @babel/code-frame@7.29.7 OK for: @expo/json-file@11.0.1 want: ^7.20.0
1011 silly placeDep ROOT json5@2.2.3 OK for: @expo/json-file@11.0.1 want: ^2.2.3
1012 silly fetch manifest js-tokens@^4.0.0
1013 silly packumentCache full:https://registry.npmjs.org/js-tokens cache-miss
1014 silly fetch manifest picocolors@^1.1.1
1015 silly packumentCache full:https://registry.npmjs.org/picocolors cache-miss
1016 silly fetch manifest @babel/helper-validator-identifier@^7.29.7
1017 silly packumentCache full:https://registry.npmjs.org/@babel%2fhelper-validator-identifier cache-miss
1018 http fetch GET 200 https://registry.npmjs.org/js-tokens 141ms (cache revalidated)
1019 silly packumentCache full:https://registry.npmjs.org/js-tokens set size:41947 disposed:false
1020 http fetch GET 200 https://registry.npmjs.org/picocolors 142ms (cache revalidated)
1021 silly packumentCache full:https://registry.npmjs.org/picocolors set size:16648 disposed:false
1022 http fetch GET 200 https://registry.npmjs.org/@babel%2fhelper-validator-identifier 144ms (cache revalidated)
1023 silly packumentCache full:https://registry.npmjs.org/@babel%2fhelper-validator-identifier set size:130133 disposed:false
1024 silly placeDep ROOT @babel/helper-validator-identifier@7.29.7 OK for: @babel/code-frame@7.29.7 want: ^7.29.7
1025 silly placeDep ROOT js-tokens@4.0.0 OK for: @babel/code-frame@7.29.7 want: ^4.0.0
1026 silly placeDep ROOT picocolors@1.1.1 OK for: @babel/code-frame@7.29.7 want: ^1.1.1
1027 silly placeDep ROOT metro@0.84.4 OK for: @expo/metro@56.0.0 want: 0.84.4
1028 silly placeDep ROOT metro-babel-transformer@0.84.4 OK for: @expo/metro@56.0.0 want: 0.84.4
1029 silly placeDep ROOT metro-cache@0.84.4 OK for: @expo/metro@56.0.0 want: 0.84.4
1030 silly placeDep ROOT metro-cache-key@0.84.4 OK for: @expo/metro@56.0.0 want: 0.84.4
1031 silly placeDep ROOT metro-config@0.84.4 OK for: @expo/metro@56.0.0 want: 0.84.4
1032 silly placeDep ROOT metro-core@0.84.4 OK for: @expo/metro@56.0.0 want: 0.84.4
1033 silly placeDep ROOT metro-file-map@0.84.4 OK for: @expo/metro@56.0.0 want: 0.84.4
1034 silly placeDep ROOT metro-minify-terser@0.84.4 OK for: @expo/metro@56.0.0 want: 0.84.4
1035 silly placeDep ROOT metro-resolver@0.84.4 OK for: @expo/metro@56.0.0 want: 0.84.4
1036 silly placeDep ROOT metro-runtime@0.84.4 OK for: @expo/metro@56.0.0 want: 0.84.4
1037 silly placeDep ROOT metro-source-map@0.84.4 OK for: @expo/metro@56.0.0 want: 0.84.4
1038 silly placeDep ROOT metro-symbolicate@0.84.4 OK for: @expo/metro@56.0.0 want: 0.84.4
1039 silly placeDep ROOT metro-transform-plugins@0.84.4 OK for: @expo/metro@56.0.0 want: 0.84.4
1040 silly placeDep ROOT metro-transform-worker@0.84.4 OK for: @expo/metro@56.0.0 want: 0.84.4
1041 silly fetch manifest throat@^5.0.0
1042 silly packumentCache full:https://registry.npmjs.org/throat cache-miss
1043 silly fetch manifest accepts@^2.0.0
1044 silly packumentCache full:https://registry.npmjs.org/accepts cache-hit
1045 silly fetch manifest ci-info@^2.0.0
1046 silly packumentCache full:https://registry.npmjs.org/ci-info cache-hit
1047 silly fetch manifest connect@^3.6.5
1048 silly packumentCache full:https://registry.npmjs.org/connect cache-hit
1049 silly fetch manifest image-size@^1.0.2
1050 silly packumentCache full:https://registry.npmjs.org/image-size cache-miss
1051 silly fetch manifest mime-types@^3.0.1
1052 silly packumentCache full:https://registry.npmjs.org/mime-types cache-miss
1053 silly fetch manifest source-map@^0.5.6
1054 silly packumentCache full:https://registry.npmjs.org/source-map cache-miss
1055 silly fetch manifest graceful-fs@^4.2.4
1056 silly packumentCache full:https://registry.npmjs.org/graceful-fs cache-miss
1057 silly fetch manifest jest-worker@^29.7.0
1058 silly packumentCache full:https://registry.npmjs.org/jest-worker cache-miss
1059 silly fetch manifest @babel/types@^7.29.0
1060 silly packumentCache full:https://registry.npmjs.org/@babel%2ftypes cache-miss
1061 http fetch GET 200 https://registry.npmjs.org/mime-types 208ms (cache revalidated)
1062 silly packumentCache full:https://registry.npmjs.org/mime-types set size:139110 disposed:false
1063 silly fetch manifest jsc-safe-url@^0.2.2
1064 silly packumentCache full:https://registry.npmjs.org/jsc-safe-url cache-hit
1065 silly fetch manifest @babel/parser@^7.29.0
1066 silly packumentCache full:https://registry.npmjs.org/@babel%2fparser cache-miss
1067 http fetch GET 200 https://registry.npmjs.org/graceful-fs 210ms (cache revalidated)
1068 silly packumentCache full:https://registry.npmjs.org/graceful-fs set size:124285 disposed:false
1069 silly fetch manifest hermes-parser@0.35.0
1070 silly packumentCache full:https://registry.npmjs.org/hermes-parser cache-hit
1071 silly fetch manifest @babel/template@^7.28.6
1072 silly packumentCache full:https://registry.npmjs.org/@babel%2ftemplate cache-miss
1073 http fetch GET 200 https://registry.npmjs.org/@babel%2ftypes 215ms (cache revalidated)
1074 silly packumentCache full:https://registry.npmjs.org/@babel%2ftypes set size:500625 disposed:false
1075 silly fetch manifest @babel/traverse@^7.29.0
1076 silly packumentCache full:https://registry.npmjs.org/@babel%2ftraverse cache-miss
1077 http fetch GET 200 https://registry.npmjs.org/throat 227ms (cache revalidated)
1078 silly packumentCache full:https://registry.npmjs.org/throat set size:31052 disposed:false
1079 silly fetch manifest lodash.throttle@^4.1.1
1080 silly packumentCache full:https://registry.npmjs.org/lodash.throttle cache-miss
1081 http fetch GET 200 https://registry.npmjs.org/jest-worker 226ms (cache revalidated)
1082 silly packumentCache full:https://registry.npmjs.org/jest-worker set size:466737 disposed:false
1083 silly fetch manifest serialize-error@^2.1.0
1084 silly packumentCache full:https://registry.npmjs.org/serialize-error cache-miss
1085 http fetch GET 200 https://registry.npmjs.org/image-size 239ms (cache revalidated)
1086 silly packumentCache full:https://registry.npmjs.org/image-size set size:155542 disposed:false
1087 silly fetch manifest @babel/generator@^7.29.1
1088 silly packumentCache full:https://registry.npmjs.org/@babel%2fgenerator cache-hit
1089 silly fetch manifest error-stack-parser@^2.0.6
1090 silly packumentCache full:https://registry.npmjs.org/error-stack-parser cache-miss
1091 http fetch GET 200 https://registry.npmjs.org/@babel%2ftemplate 170ms (cache revalidated)
1092 silly packumentCache full:https://registry.npmjs.org/@babel%2ftemplate set size:237074 disposed:false
1093 silly fetch manifest https-proxy-agent@^7.0.5
1094 silly packumentCache full:https://registry.npmjs.org/https-proxy-agent cache-miss
1095 http fetch GET 200 https://registry.npmjs.org/@babel%2ftraverse 168ms (cache revalidated)
1096 silly packumentCache full:https://registry.npmjs.org/@babel%2ftraverse set size:562384 disposed:false
1097 silly fetch manifest exponential-backoff@^3.1.1
1098 silly packumentCache full:https://registry.npmjs.org/exponential-backoff cache-miss
1099 http fetch GET 200 https://registry.npmjs.org/@babel%2fparser 186ms (cache revalidated)
1100 silly packumentCache full:https://registry.npmjs.org/@babel%2fparser set size:735431 disposed:false
1101 silly fetch manifest yaml@^2.6.1
1102 silly packumentCache full:https://registry.npmjs.org/yaml cache-miss
1103 http fetch GET 200 https://registry.npmjs.org/serialize-error 174ms (cache revalidated)
1104 silly packumentCache full:https://registry.npmjs.org/serialize-error set size:64056 disposed:false
1105 silly fetch manifest jest-validate@^29.7.0
1106 silly packumentCache full:https://registry.npmjs.org/jest-validate cache-miss
1107 http fetch GET 200 https://registry.npmjs.org/error-stack-parser 187ms (cache revalidated)
1108 silly packumentCache full:https://registry.npmjs.org/error-stack-parser set size:89379 disposed:false
1109 silly fetch manifest lodash.throttle@^4.1.1
1110 silly packumentCache full:https://registry.npmjs.org/lodash.throttle cache-miss
1111 http fetch GET 200 https://registry.npmjs.org/source-map 516ms (cache revalidated)
1112 silly packumentCache full:https://registry.npmjs.org/source-map set size:226267 disposed:false
1113 silly fetch manifest walker@^1.0.7
1114 silly packumentCache full:https://registry.npmjs.org/walker cache-miss
1115 http fetch GET 200 https://registry.npmjs.org/yaml 153ms (cache revalidated)
1116 silly packumentCache full:https://registry.npmjs.org/yaml set size:385754 disposed:false
1117 silly fetch manifest micromatch@^4.0.4
1118 silly packumentCache full:https://registry.npmjs.org/micromatch cache-miss
1119 http fetch GET 200 https://registry.npmjs.org/https-proxy-agent 173ms (cache revalidated)
1120 silly packumentCache full:https://registry.npmjs.org/https-proxy-agent set size:83792 disposed:false
1121 silly fetch manifest fb-watchman@^2.0.0
1122 silly packumentCache full:https://registry.npmjs.org/fb-watchman cache-miss
1123 http fetch GET 200 https://registry.npmjs.org/exponential-backoff 171ms (cache revalidated)
1124 silly packumentCache full:https://registry.npmjs.org/exponential-backoff set size:55896 disposed:false
1125 silly fetch manifest terser@^5.15.0
1126 silly packumentCache full:https://registry.npmjs.org/terser cache-miss
1127 http fetch GET 200 https://registry.npmjs.org/jest-validate 162ms (cache revalidated)
1128 silly packumentCache full:https://registry.npmjs.org/jest-validate set size:567910 disposed:false
1129 silly fetch manifest ob1@0.84.4
1130 silly packumentCache full:https://registry.npmjs.org/ob1 cache-miss
1131 http fetch GET 200 https://registry.npmjs.org/lodash.throttle 248ms (cache revalidated)
1132 silly packumentCache full:https://registry.npmjs.org/lodash.throttle set size:32799 disposed:false
1133 silly fetch manifest vlq@^1.0.0
1134 silly packumentCache full:https://registry.npmjs.org/vlq cache-miss
1135 http fetch GET 200 https://registry.npmjs.org/lodash.throttle 459ms (cache revalidated)
1136 silly packumentCache full:https://registry.npmjs.org/lodash.throttle set size:32799 disposed:false
1137 silly packumentCache full:https://registry.npmjs.org/lodash.throttle dispose
1138 silly fetch manifest vlq@^1.0.0
1139 silly packumentCache full:https://registry.npmjs.org/vlq cache-miss
1140 http fetch GET 200 https://registry.npmjs.org/terser 132ms (cache revalidated)
1141 silly packumentCache full:https://registry.npmjs.org/terser set size:806866 disposed:false
1142 http fetch GET 200 https://registry.npmjs.org/micromatch 150ms (cache revalidated)
1143 silly packumentCache full:https://registry.npmjs.org/micromatch set size:240630 disposed:false
1144 http fetch GET 200 https://registry.npmjs.org/fb-watchman 152ms (cache revalidated)
1145 silly packumentCache full:https://registry.npmjs.org/fb-watchman set size:28064 disposed:false
1146 http fetch GET 200 https://registry.npmjs.org/ob1 148ms (cache revalidated)
1147 silly packumentCache full:https://registry.npmjs.org/ob1 set size:227968 disposed:false
1148 http fetch GET 200 https://registry.npmjs.org/vlq 157ms (cache revalidated)
1149 silly packumentCache full:https://registry.npmjs.org/vlq set size:23110 disposed:false
1150 http fetch GET 200 https://registry.npmjs.org/vlq 168ms (cache revalidated)
1151 silly packumentCache full:https://registry.npmjs.org/vlq set size:23110 disposed:false
1152 silly packumentCache full:https://registry.npmjs.org/vlq dispose
1153 http fetch GET 200 https://registry.npmjs.org/walker 444ms (cache revalidated)
1154 silly packumentCache full:https://registry.npmjs.org/walker set size:16077 disposed:false
1155 silly placeDep ROOT @xmldom/xmldom@0.8.13 OK for: @expo/plist@0.8.1 want: ^0.8.8
1156 silly placeDep ROOT base64-js@1.5.1 OK for: @expo/plist@0.8.1 want: ^1.5.1
1157 silly placeDep ROOT xmlbuilder@15.1.1 OK for: @expo/plist@0.8.1 want: ^15.1.1
1158 silly placeDep ROOT @babel/core@7.29.7 OK for: @expo/require-utils@57.0.3 want: ^7.25.2
1159 silly placeDep ROOT @babel/plugin-transform-modules-commonjs@7.29.7 OK for: @expo/require-utils@57.0.3 want: ^7.24.8
1160 silly fetch manifest semver@^6.3.1
1161 silly packumentCache full:https://registry.npmjs.org/semver cache-hit
1162 silly fetch manifest gensync@^1.0.0-beta.2
1163 silly packumentCache full:https://registry.npmjs.org/gensync cache-miss
1164 silly fetch manifest @babel/types@^7.29.7
1165 silly packumentCache full:https://registry.npmjs.org/@babel%2ftypes cache-hit
1166 silly fetch manifest @babel/parser@^7.29.7
1167 silly packumentCache full:https://registry.npmjs.org/@babel%2fparser cache-hit
1168 silly fetch manifest @babel/helpers@^7.29.7
1169 silly packumentCache full:https://registry.npmjs.org/@babel%2fhelpers cache-miss
1170 silly fetch manifest @babel/template@^7.29.7
1171 silly packumentCache full:https://registry.npmjs.org/@babel%2ftemplate cache-hit
1172 silly fetch manifest @babel/traverse@^7.29.7
1173 silly packumentCache full:https://registry.npmjs.org/@babel%2ftraverse cache-hit
1174 silly fetch manifest @babel/generator@^7.29.7
1175 silly packumentCache full:https://registry.npmjs.org/@babel%2fgenerator cache-hit
1176 silly fetch manifest convert-source-map@^2.0.0
1177 silly packumentCache full:https://registry.npmjs.org/convert-source-map cache-miss
1178 silly fetch manifest @babel/helper-module-transforms@^7.29.7
1179 silly packumentCache full:https://registry.npmjs.org/@babel%2fhelper-module-transforms cache-miss
1180 silly fetch manifest @babel/helper-compilation-targets@^7.29.7
1181 silly packumentCache full:https://registry.npmjs.org/@babel%2fhelper-compilation-targets cache-miss
1182 silly fetch manifest @babel/helper-plugin-utils@^7.29.7
1183 silly packumentCache full:https://registry.npmjs.org/@babel%2fhelper-plugin-utils cache-miss
1184 silly fetch manifest @babel/helper-module-transforms@^7.29.7
1185 silly packumentCache full:https://registry.npmjs.org/@babel%2fhelper-module-transforms cache-miss
1186 http fetch GET 200 https://registry.npmjs.org/gensync 151ms (cache revalidated)
1187 silly packumentCache full:https://registry.npmjs.org/gensync set size:15068 disposed:false
1188 http fetch GET 200 https://registry.npmjs.org/convert-source-map 154ms (cache revalidated)
1189 silly packumentCache full:https://registry.npmjs.org/convert-source-map set size:66997 disposed:false
1190 http fetch GET 200 https://registry.npmjs.org/@babel%2fhelper-module-transforms 155ms (cache revalidated)
1191 silly packumentCache full:https://registry.npmjs.org/@babel%2fhelper-module-transforms set size:346454 disposed:false
1192 http fetch GET 200 https://registry.npmjs.org/@babel%2fhelpers 167ms (cache revalidated)
1193 silly packumentCache full:https://registry.npmjs.org/@babel%2fhelpers set size:398496 disposed:false
1194 http fetch GET 200 https://registry.npmjs.org/@babel%2fhelper-plugin-utils 169ms (cache revalidated)
1195 silly packumentCache full:https://registry.npmjs.org/@babel%2fhelper-plugin-utils set size:175564 disposed:false
1196 http fetch GET 200 https://registry.npmjs.org/@babel%2fhelper-module-transforms 176ms (cache revalidated)
1197 silly packumentCache full:https://registry.npmjs.org/@babel%2fhelper-module-transforms set size:346454 disposed:false
1198 silly packumentCache full:https://registry.npmjs.org/@babel%2fhelper-module-transforms dispose
1199 http fetch GET 200 https://registry.npmjs.org/@babel%2fhelper-compilation-targets 189ms (cache revalidated)
1200 silly packumentCache full:https://registry.npmjs.org/@babel%2fhelper-compilation-targets set size:229541 disposed:false
1201 silly fetch manifest @babel/core@^7.0.0
1202 silly packumentCache full:https://registry.npmjs.org/@babel%2fcore cache-hit
1203 silly placeDep ROOT @babel/generator@7.29.7 OK for: @babel/core@7.29.7 want: ^7.29.7
1204 silly placeDep ROOT @babel/helper-compilation-targets@7.29.7 OK for: @babel/core@7.29.7 want: ^7.29.7
1205 silly placeDep ROOT @babel/helper-module-transforms@7.29.7 OK for: @babel/core@7.29.7 want: ^7.29.7
1206 silly placeDep ROOT @babel/helpers@7.29.7 OK for: @babel/core@7.29.7 want: ^7.29.7
1207 silly placeDep ROOT @babel/parser@7.29.7 OK for: @babel/core@7.29.7 want: ^7.29.7
1208 silly placeDep ROOT @babel/template@7.29.7 OK for: @babel/core@7.29.7 want: ^7.29.7
1209 silly placeDep ROOT @babel/traverse@7.29.7 OK for: @babel/core@7.29.7 want: ^7.29.7
1210 silly placeDep ROOT @babel/types@7.29.7 OK for: @babel/core@7.29.7 want: ^7.29.7
1211 silly placeDep ROOT @jridgewell/remapping@2.3.5 OK for: @babel/core@7.29.7 want: ^2.3.5
1212 silly placeDep ROOT convert-source-map@2.0.0 OK for: @babel/core@7.29.7 want: ^2.0.0
1213 silly placeDep ROOT gensync@1.0.0-beta.2 OK for: @babel/core@7.29.7 want: ^1.0.0-beta.2
1214 silly placeDep node_modules/@babel/core semver@6.3.1 OK for: @babel/core@7.29.7 want: ^6.3.1
1215 silly fetch manifest jsesc@^3.0.2
1216 silly packumentCache full:https://registry.npmjs.org/jsesc cache-miss
1217 silly fetch manifest @jridgewell/gen-mapping@^0.3.12
1218 silly packumentCache full:https://registry.npmjs.org/@jridgewell%2fgen-mapping cache-hit
1219 silly fetch manifest @jridgewell/trace-mapping@^0.3.28
1220 silly packumentCache full:https://registry.npmjs.org/@jridgewell%2ftrace-mapping cache-miss
1221 silly fetch manifest lru-cache@^5.1.1
1222 silly packumentCache full:https://registry.npmjs.org/lru-cache cache-miss
1223 silly fetch manifest browserslist@^4.24.0
1224 silly packumentCache full:https://registry.npmjs.org/browserslist cache-hit
1225 silly fetch manifest @babel/compat-data@^7.29.7
1226 silly packumentCache full:https://registry.npmjs.org/@babel%2fcompat-data cache-miss
1227 silly fetch manifest @babel/helper-validator-option@^7.29.7
1228 silly packumentCache full:https://registry.npmjs.org/@babel%2fhelper-validator-option cache-miss
1229 silly fetch manifest @babel/helper-module-imports@^7.29.7
1230 silly packumentCache full:https://registry.npmjs.org/@babel%2fhelper-module-imports cache-hit
1231 silly fetch manifest @babel/helper-globals@^7.29.7
1232 silly packumentCache full:https://registry.npmjs.org/@babel%2fhelper-globals cache-miss
1233 silly fetch manifest @babel/helper-string-parser@^7.29.7
1234 silly packumentCache full:https://registry.npmjs.org/@babel%2fhelper-string-parser cache-miss
1235 http fetch GET 200 https://registry.npmjs.org/@babel%2fhelper-validator-option 161ms (cache revalidated)
1236 silly packumentCache full:https://registry.npmjs.org/@babel%2fhelper-validator-option set size:101303 disposed:false
1237 silly fetch manifest @jridgewell/gen-mapping@^0.3.5
1238 silly packumentCache full:https://registry.npmjs.org/@jridgewell%2fgen-mapping cache-hit
1239 silly fetch manifest @jridgewell/trace-mapping@^0.3.24
1240 silly packumentCache full:https://registry.npmjs.org/@jridgewell%2ftrace-mapping cache-miss
1241 http fetch GET 200 https://registry.npmjs.org/@babel%2fhelper-string-parser 172ms (cache revalidated)
1242 silly packumentCache full:https://registry.npmjs.org/@babel%2fhelper-string-parser set size:91563 disposed:false
1243 http fetch GET 200 https://registry.npmjs.org/@jridgewell%2ftrace-mapping 180ms (cache revalidated)
1244 silly packumentCache full:https://registry.npmjs.org/@jridgewell%2ftrace-mapping set size:170909 disposed:false
1245 http fetch GET 200 https://registry.npmjs.org/@babel%2fcompat-data 181ms (cache revalidated)
1246 silly packumentCache full:https://registry.npmjs.org/@babel%2fcompat-data set size:318807 disposed:false
1247 http fetch GET 200 https://registry.npmjs.org/@babel%2fhelper-globals 184ms (cache revalidated)
1248 silly packumentCache full:https://registry.npmjs.org/@babel%2fhelper-globals set size:25155 disposed:false
1249 http fetch GET 200 https://registry.npmjs.org/@jridgewell%2ftrace-mapping 152ms (cache revalidated)
1250 silly packumentCache full:https://registry.npmjs.org/@jridgewell%2ftrace-mapping set size:170909 disposed:false
1251 silly packumentCache full:https://registry.npmjs.org/@jridgewell%2ftrace-mapping dispose
1252 http fetch GET 200 https://registry.npmjs.org/lru-cache 503ms (cache revalidated)
1253 silly packumentCache full:https://registry.npmjs.org/lru-cache set size:460407 disposed:false
1254 http fetch GET 200 https://registry.npmjs.org/jsesc 512ms (cache revalidated)
1255 silly packumentCache full:https://registry.npmjs.org/jsesc set size:61512 disposed:false
1256 silly placeDep ROOT @jridgewell/gen-mapping@0.3.13 OK for: @babel/generator@7.29.7 want: ^0.3.12
1257 silly placeDep ROOT @jridgewell/trace-mapping@0.3.31 OK for: @babel/generator@7.29.7 want: ^0.3.28
1258 silly placeDep ROOT jsesc@3.1.0 OK for: @babel/generator@7.29.7 want: ^3.0.2
1259 silly fetch manifest @jridgewell/sourcemap-codec@^1.5.0
1260 silly packumentCache full:https://registry.npmjs.org/@jridgewell%2fsourcemap-codec cache-hit
1261 silly fetch manifest @jridgewell/resolve-uri@^3.1.0
1262 silly packumentCache full:https://registry.npmjs.org/@jridgewell%2fresolve-uri cache-miss
1263 silly fetch manifest @jridgewell/sourcemap-codec@^1.4.14
1264 silly packumentCache full:https://registry.npmjs.org/@jridgewell%2fsourcemap-codec cache-hit
1265 http fetch GET 200 https://registry.npmjs.org/@jridgewell%2fresolve-uri 164ms (cache revalidated)
1266 silly packumentCache full:https://registry.npmjs.org/@jridgewell%2fresolve-uri set size:57361 disposed:false
1267 silly placeDep ROOT @babel/compat-data@7.29.7 OK for: @babel/helper-compilation-targets@7.29.7 want: ^7.29.7
1268 silly placeDep ROOT @babel/helper-validator-option@7.29.7 OK for: @babel/helper-compilation-targets@7.29.7 want: ^7.29.7
1269 silly placeDep ROOT browserslist@4.28.6 OK for: @babel/helper-compilation-targets@7.29.7 want: ^4.24.0
1270 silly placeDep ROOT lru-cache@5.1.1 OK for: @babel/helper-compilation-targets@7.29.7 want: ^5.1.1
1271 silly placeDep node_modules/@babel/helper-compilation-targets semver@6.3.1 OK for: @babel/helper-compilation-targets@7.29.7 want: ^6.3.1
1272 silly fetch manifest caniuse-lite@^1.0.30001803
1273 silly packumentCache full:https://registry.npmjs.org/caniuse-lite cache-miss
1274 silly fetch manifest node-releases@^2.0.51
1275 silly packumentCache full:https://registry.npmjs.org/node-releases cache-miss
1276 silly fetch manifest electron-to-chromium@^1.5.389
1277 silly packumentCache full:https://registry.npmjs.org/electron-to-chromium cache-miss
1278 silly fetch manifest update-browserslist-db@^1.2.3
1279 silly packumentCache full:https://registry.npmjs.org/update-browserslist-db cache-miss
1280 silly fetch manifest baseline-browser-mapping@^2.10.42
1281 silly packumentCache full:https://registry.npmjs.org/baseline-browser-mapping cache-miss
1282 silly fetch manifest yallist@^3.0.2
1283 silly packumentCache full:https://registry.npmjs.org/yallist cache-miss
1284 http fetch GET 200 https://registry.npmjs.org/electron-to-chromium 180ms (cache revalidated)
1285 silly packumentCache full:https://registry.npmjs.org/electron-to-chromium set size:4866450 disposed:false
1286 http fetch GET 200 https://registry.npmjs.org/baseline-browser-mapping 230ms (cache revalidated)
1287 silly packumentCache full:https://registry.npmjs.org/baseline-browser-mapping set size:533234 disposed:false
1288 http fetch GET 200 https://registry.npmjs.org/update-browserslist-db 234ms (cache revalidated)
1289 silly packumentCache full:https://registry.npmjs.org/update-browserslist-db set size:62000 disposed:false
1290 http fetch GET 200 https://registry.npmjs.org/node-releases 240ms (cache revalidated)
1291 silly packumentCache full:https://registry.npmjs.org/node-releases set size:290209 disposed:false
1292 http fetch GET 200 https://registry.npmjs.org/yallist 241ms (cache revalidated)
1293 silly packumentCache full:https://registry.npmjs.org/yallist set size:34610 disposed:false
1294 http fetch GET 200 https://registry.npmjs.org/caniuse-lite 249ms (cache revalidated)
1295 silly packumentCache full:https://registry.npmjs.org/caniuse-lite set size:2304894 disposed:false
1296 silly placeDep ROOT @babel/helper-module-imports@7.29.7 OK for: @babel/helper-module-transforms@7.29.7 want: ^7.29.7
1297 silly placeDep ROOT @babel/helper-plugin-utils@7.29.7 OK for: @babel/plugin-transform-modules-commonjs@7.29.7 want: ^7.29.7
1298 silly placeDep ROOT @babel/helper-globals@7.29.7 OK for: @babel/traverse@7.29.7 want: ^7.29.7
1299 silly placeDep ROOT @babel/helper-string-parser@7.29.7 OK for: @babel/types@7.29.7 want: ^7.29.7
1300 silly placeDep ROOT cross-spawn@7.0.6 OK for: @expo/spawn-async@1.8.0 want: ^7.0.6
1301 silly fetch manifest which@^2.0.1
1302 silly packumentCache full:https://registry.npmjs.org/which cache-miss
1303 silly fetch manifest path-key@^3.1.0
1304 silly packumentCache full:https://registry.npmjs.org/path-key cache-miss
1305 silly fetch manifest shebang-command@^2.0.0
1306 silly packumentCache full:https://registry.npmjs.org/shebang-command cache-miss
1307 http fetch GET 200 https://registry.npmjs.org/path-key 140ms (cache revalidated)
1308 silly packumentCache full:https://registry.npmjs.org/path-key set size:16975 disposed:false
1309 http fetch GET 200 https://registry.npmjs.org/shebang-command 156ms (cache revalidated)
1310 silly packumentCache full:https://registry.npmjs.org/shebang-command set size:8525 disposed:false
1311 http fetch GET 200 https://registry.npmjs.org/which 170ms (cache revalidated)
1312 silly packumentCache full:https://registry.npmjs.org/which set size:70087 disposed:false
1313 silly placeDep ROOT @jridgewell/sourcemap-codec@1.5.5 OK for: @jridgewell/gen-mapping@0.3.13 want: ^1.5.0
1314 silly placeDep ROOT @jridgewell/resolve-uri@3.1.2 OK for: @jridgewell/trace-mapping@0.3.31 want: ^3.1.0
1315 silly fetch manifest browserslist@>= 4.21.0
1316 silly packumentCache full:https://registry.npmjs.org/browserslist cache-hit
1317 silly placeDep ROOT baseline-browser-mapping@2.10.43 OK for: browserslist@4.28.6 want: ^2.10.42
1318 silly placeDep ROOT caniuse-lite@1.0.30001805 OK for: browserslist@4.28.6 want: ^1.0.30001803
1319 silly placeDep ROOT electron-to-chromium@1.5.392 OK for: browserslist@4.28.6 want: ^1.5.389
1320 silly placeDep ROOT node-releases@2.0.51 OK for: browserslist@4.28.6 want: ^2.0.51
1321 silly placeDep ROOT update-browserslist-db@1.2.3 OK for: browserslist@4.28.6 want: ^1.2.3
1322 silly fetch manifest escalade@^3.2.0
1323 silly packumentCache full:https://registry.npmjs.org/escalade cache-miss
1324 http fetch GET 200 https://registry.npmjs.org/escalade 124ms (cache revalidated)
1325 silly packumentCache full:https://registry.npmjs.org/escalade set size:33724 disposed:false
1326 silly placeDep ROOT ansi-styles@4.3.0 OK for: chalk@4.1.2 want: ^4.1.0
1327 silly placeDep ROOT supports-color@7.2.0 OK for: chalk@4.1.2 want: ^7.1.0
1328 silly fetch manifest color-convert@^2.0.1
1329 silly packumentCache full:https://registry.npmjs.org/color-convert cache-miss
1330 silly fetch manifest has-flag@^4.0.0
1331 silly packumentCache full:https://registry.npmjs.org/has-flag cache-miss
1332 http fetch GET 200 https://registry.npmjs.org/color-convert 449ms (cache revalidated)
1333 silly packumentCache full:https://registry.npmjs.org/color-convert set size:72663 disposed:false
1334 http fetch GET 200 https://registry.npmjs.org/has-flag 509ms (cache revalidated)
1335 silly packumentCache full:https://registry.npmjs.org/has-flag set size:15180 disposed:false
1336 silly placeDep ROOT color-convert@2.0.1 OK for: ansi-styles@4.3.0 want: ^2.0.1
1337 silly fetch manifest color-name@~1.1.4
1338 silly packumentCache full:https://registry.npmjs.org/color-name cache-miss
1339 http fetch GET 200 https://registry.npmjs.org/color-name 159ms (cache revalidated)
1340 silly packumentCache full:https://registry.npmjs.org/color-name set size:19467 disposed:false
1341 silly placeDep ROOT color-name@1.1.4 OK for: color-convert@2.0.1 want: ~1.1.4
1342 silly placeDep ROOT path-key@3.1.1 OK for: cross-spawn@7.0.6 want: ^3.1.0
1343 silly placeDep ROOT shebang-command@2.0.0 OK for: cross-spawn@7.0.6 want: ^2.0.0
1344 silly placeDep ROOT which@2.0.2 OK for: cross-spawn@7.0.6 want: ^2.0.1
1345 silly fetch manifest shebang-regex@^3.0.0
1346 silly packumentCache full:https://registry.npmjs.org/shebang-regex cache-miss
1347 silly fetch manifest isexe@^2.0.0
1348 silly packumentCache full:https://registry.npmjs.org/isexe cache-miss
1349 http fetch GET 200 https://registry.npmjs.org/shebang-regex 153ms (cache revalidated)
1350 silly packumentCache full:https://registry.npmjs.org/shebang-regex set size:9763 disposed:false
1351 http fetch GET 200 https://registry.npmjs.org/isexe 172ms (cache revalidated)
1352 silly packumentCache full:https://registry.npmjs.org/isexe set size:31756 disposed:false
1353 silly placeDep ROOT ms@2.1.3 OK for: debug@4.4.3 want: ^2.1.3
1354 silly placeDep ROOT commander@7.2.0 OK for: expo-modules-autolinking@57.0.7 want: ^7.2.0
1355 silly placeDep ROOT @expo/expo-modules-macros-plugin@0.6.1 OK for: expo-modules-core@57.0.5 want: 0.6.1
1356 silly placeDep ROOT expo-modules-jsi@57.0.3 OK for: expo-modules-core@57.0.5 want: ~57.0.3
1357 silly placeDep ROOT invariant@2.2.4 OK for: expo-modules-core@57.0.5 want: ^2.2.4
1358 silly fetch manifest loose-envify@^1.0.0
1359 silly packumentCache full:https://registry.npmjs.org/loose-envify cache-miss
1360 http fetch GET 200 https://registry.npmjs.org/loose-envify 141ms (cache revalidated)
1361 silly packumentCache full:https://registry.npmjs.org/loose-envify set size:12559 disposed:false
1362 silly placeDep ROOT minipass@7.1.3 OK for: glob@13.0.6 want: ^7.1.3
1363 silly placeDep ROOT path-scurry@2.0.2 OK for: glob@13.0.6 want: ^2.0.2
1364 silly fetch manifest lru-cache@^11.0.0
1365 silly packumentCache full:https://registry.npmjs.org/lru-cache cache-hit
1366 silly placeDep ROOT loose-envify@1.4.0 OK for: invariant@2.2.4 want: ^1.0.0
1367 silly placeDep ROOT yallist@3.1.1 OK for: lru-cache@5.1.1 want: ^3.0.2
1368 silly fetch manifest bufferutil@^4.0.1
1369 silly packumentCache full:https://registry.npmjs.org/bufferutil cache-miss
1370 http fetch GET 200 https://registry.npmjs.org/bufferutil 145ms (cache revalidated)
1371 silly packumentCache full:https://registry.npmjs.org/bufferutil set size:52763 disposed:false
1372 silly fetch manifest utf-8-validate@^5.0.2
1373 silly packumentCache full:https://registry.npmjs.org/utf-8-validate cache-miss
1374 http fetch GET 200 https://registry.npmjs.org/utf-8-validate 142ms (cache revalidated)
1375 silly packumentCache full:https://registry.npmjs.org/utf-8-validate set size:77148 disposed:false
1376 silly placeDep ROOT accepts@2.0.0 OK for: metro@0.84.4 want: ^2.0.0
1377 silly placeDep ROOT ci-info@2.0.0 OK for: metro@0.84.4 want: ^2.0.0
1378 silly placeDep ROOT connect@3.7.0 OK for: metro@0.84.4 want: ^3.6.5
1379 silly placeDep ROOT error-stack-parser@2.1.4 OK for: metro@0.84.4 want: ^2.0.6
1380 silly placeDep ROOT flow-enums-runtime@0.0.6 OK for: metro@0.84.4 want: ^0.0.6
1381 silly placeDep ROOT graceful-fs@4.2.11 OK for: metro@0.84.4 want: ^4.2.4
1382 silly placeDep ROOT hermes-parser@0.35.0 OK for: metro@0.84.4 want: 0.35.0
1383 silly placeDep ROOT image-size@1.2.1 OK for: metro@0.84.4 want: ^1.0.2
1384 silly placeDep ROOT jest-worker@29.7.0 OK for: metro@0.84.4 want: ^29.7.0
1385 silly placeDep ROOT jsc-safe-url@0.2.4 OK for: metro@0.84.4 want: ^0.2.2
1386 silly placeDep ROOT lodash.throttle@4.1.1 OK for: metro@0.84.4 want: ^4.1.1
1387 silly placeDep ROOT mime-types@3.0.2 OK for: metro@0.84.4 want: ^3.0.1
1388 silly placeDep ROOT nullthrows@1.1.1 OK for: metro@0.84.4 want: ^1.1.1
1389 silly placeDep ROOT serialize-error@2.1.0 OK for: metro@0.84.4 want: ^2.1.0
1390 silly placeDep ROOT source-map@0.5.7 OK for: metro@0.84.4 want: ^0.5.6
1391 silly placeDep ROOT throat@5.0.0 OK for: metro@0.84.4 want: ^5.0.0
1392 silly placeDep ROOT ws@7.5.12 OK for: metro@0.84.4 want: ^7.5.10
1393 silly placeDep ROOT yargs@17.7.3 OK for: metro@0.84.4 want: ^17.6.2
1394 silly fetch manifest mime-types@^3.0.0
1395 silly packumentCache full:https://registry.npmjs.org/mime-types cache-hit
1396 silly fetch manifest negotiator@^1.0.0
1397 silly packumentCache full:https://registry.npmjs.org/negotiator cache-miss
1398 silly fetch manifest debug@2.6.9
1399 silly packumentCache full:https://registry.npmjs.org/debug cache-hit
1400 silly fetch manifest finalhandler@1.1.2
1401 silly packumentCache full:https://registry.npmjs.org/finalhandler cache-miss
1402 silly fetch manifest parseurl@~1.3.3
1403 silly packumentCache full:https://registry.npmjs.org/parseurl cache-miss
1404 silly fetch manifest utils-merge@1.0.1
1405 silly packumentCache full:https://registry.npmjs.org/utils-merge cache-miss
1406 silly fetch manifest stackframe@^1.3.4
1407 silly packumentCache full:https://registry.npmjs.org/stackframe cache-miss
1408 silly fetch manifest hermes-estree@0.35.0
1409 silly packumentCache full:https://registry.npmjs.org/hermes-estree cache-miss
1410 silly fetch manifest queue@6.0.2
1411 silly packumentCache full:https://registry.npmjs.org/queue cache-miss
1412 http fetch GET 200 https://registry.npmjs.org/finalhandler 160ms (cache revalidated)
1413 silly packumentCache full:https://registry.npmjs.org/finalhandler set size:79291 disposed:false
1414 silly fetch manifest jest-util@^29.7.0
1415 silly packumentCache full:https://registry.npmjs.org/jest-util cache-miss
1416 http fetch GET 200 https://registry.npmjs.org/negotiator 162ms (cache revalidated)
1417 silly packumentCache full:https://registry.npmjs.org/negotiator set size:48046 disposed:false
1418 silly fetch manifest @types/node@*
1419 silly packumentCache full:https://registry.npmjs.org/@types%2fnode cache-miss
1420 http fetch GET 200 https://registry.npmjs.org/utils-merge 163ms (cache revalidated)
1421 silly packumentCache full:https://registry.npmjs.org/utils-merge set size:5237 disposed:false
1422 silly fetch manifest merge-stream@^2.0.0
1423 silly packumentCache full:https://registry.npmjs.org/merge-stream cache-miss
1424 http fetch GET 200 https://registry.npmjs.org/queue 166ms (cache revalidated)
1425 silly packumentCache full:https://registry.npmjs.org/queue set size:76287 disposed:false
1426 silly fetch manifest supports-color@^8.0.0
1427 silly packumentCache full:https://registry.npmjs.org/supports-color cache-hit
1428 silly fetch manifest mime-db@^1.54.0
1429 silly packumentCache full:https://registry.npmjs.org/mime-db cache-miss
1430 http fetch GET 200 https://registry.npmjs.org/parseurl 205ms (cache revalidated)
1431 silly packumentCache full:https://registry.npmjs.org/parseurl set size:24148 disposed:false
1432 silly fetch manifest cliui@^8.0.1
1433 silly packumentCache full:https://registry.npmjs.org/cliui cache-miss
1434 http fetch GET 200 https://registry.npmjs.org/stackframe 208ms (cache revalidated)
1435 silly packumentCache full:https://registry.npmjs.org/stackframe set size:54134 disposed:false
1436 silly fetch manifest escalade@^3.1.1
1437 silly packumentCache full:https://registry.npmjs.org/escalade cache-hit
1438 silly fetch manifest get-caller-file@^2.0.5
1439 silly packumentCache full:https://registry.npmjs.org/get-caller-file cache-miss
1440 http fetch GET 200 https://registry.npmjs.org/hermes-estree 233ms (cache revalidated)
1441 silly packumentCache full:https://registry.npmjs.org/hermes-estree set size:132569 disposed:false
1442 silly fetch manifest require-directory@^2.1.1
1443 silly packumentCache full:https://registry.npmjs.org/require-directory cache-miss
1444 http fetch GET 200 https://registry.npmjs.org/jest-util 202ms (cache revalidated)
1445 silly packumentCache full:https://registry.npmjs.org/jest-util set size:587891 disposed:false
1446 silly fetch manifest string-width@^4.2.3
1447 silly packumentCache full:https://registry.npmjs.org/string-width cache-miss
1448 http fetch GET 200 https://registry.npmjs.org/merge-stream 214ms (cache revalidated)
1449 silly packumentCache full:https://registry.npmjs.org/merge-stream set size:22168 disposed:false
1450 silly fetch manifest y18n@^5.0.5
1451 silly packumentCache full:https://registry.npmjs.org/y18n cache-miss
1452 http fetch GET 200 https://registry.npmjs.org/cliui 390ms (cache revalidated)
1453 silly packumentCache full:https://registry.npmjs.org/cliui set size:69089 disposed:false
1454 silly fetch manifest yargs-parser@^21.1.1
1455 silly packumentCache full:https://registry.npmjs.org/yargs-parser cache-miss
1456 http fetch GET 200 https://registry.npmjs.org/y18n 220ms (cache revalidated)
1457 silly packumentCache full:https://registry.npmjs.org/y18n set size:76155 disposed:false
1458 http fetch GET 200 https://registry.npmjs.org/get-caller-file 392ms (cache revalidated)
1459 silly packumentCache full:https://registry.npmjs.org/get-caller-file set size:26456 disposed:false
1460 http fetch GET 200 https://registry.npmjs.org/string-width 235ms (cache revalidated)
1461 silly packumentCache full:https://registry.npmjs.org/string-width set size:72458 disposed:false
1462 http fetch GET 200 https://registry.npmjs.org/require-directory 358ms (cache revalidated)
1463 silly packumentCache full:https://registry.npmjs.org/require-directory set size:26866 disposed:false
1464 http fetch GET 200 https://registry.npmjs.org/mime-db 436ms (cache revalidated)
1465 silly packumentCache full:https://registry.npmjs.org/mime-db set size:164953 disposed:false
1466 http fetch GET 200 https://registry.npmjs.org/@types%2fnode 473ms (cache revalidated)
1467 silly packumentCache full:https://registry.npmjs.org/@types%2fnode set size:11080817 disposed:false
1468 http fetch GET 200 https://registry.npmjs.org/yargs-parser 714ms (cache revalidated)
1469 silly packumentCache full:https://registry.npmjs.org/yargs-parser set size:238630 disposed:false
1470 silly placeDep ROOT negotiator@1.0.0 OK for: accepts@2.0.0 want: ^1.0.0
1471 silly placeDep node_modules/connect debug@2.6.9 OK for: connect@3.7.0 want: 2.6.9
1472 silly placeDep ROOT finalhandler@1.1.2 OK for: connect@3.7.0 want: 1.1.2
1473 silly placeDep ROOT parseurl@1.3.3 OK for: connect@3.7.0 want: ~1.3.3
1474 silly placeDep ROOT utils-merge@1.0.1 OK for: connect@3.7.0 want: 1.0.1
1475 silly fetch manifest ms@2.0.0
1476 silly packumentCache full:https://registry.npmjs.org/ms cache-hit
1477 silly fetch manifest unpipe@~1.0.0
1478 silly packumentCache full:https://registry.npmjs.org/unpipe cache-miss
1479 silly fetch manifest statuses@~1.5.0
1480 silly packumentCache full:https://registry.npmjs.org/statuses cache-miss
1481 silly fetch manifest encodeurl@~1.0.2
1482 silly packumentCache full:https://registry.npmjs.org/encodeurl cache-miss
1483 silly fetch manifest escape-html@~1.0.3
1484 silly packumentCache full:https://registry.npmjs.org/escape-html cache-miss
1485 silly fetch manifest on-finished@~2.3.0
1486 silly packumentCache full:https://registry.npmjs.org/on-finished cache-miss
1487 http fetch GET 200 https://registry.npmjs.org/on-finished 178ms (cache revalidated)
1488 silly packumentCache full:https://registry.npmjs.org/on-finished set size:23212 disposed:false
1489 http fetch GET 200 https://registry.npmjs.org/encodeurl 180ms (cache revalidated)
1490 silly packumentCache full:https://registry.npmjs.org/encodeurl set size:12296 disposed:false
1491 http fetch GET 200 https://registry.npmjs.org/escape-html 533ms (cache revalidated)
1492 silly packumentCache full:https://registry.npmjs.org/escape-html set size:7345 disposed:false
1493 http fetch GET 200 https://registry.npmjs.org/unpipe 535ms (cache revalidated)
1494 silly packumentCache full:https://registry.npmjs.org/unpipe set size:3609 disposed:false
1495 http fetch GET 200 https://registry.npmjs.org/statuses 560ms (cache revalidated)
1496 silly packumentCache full:https://registry.npmjs.org/statuses set size:37117 disposed:false
1497 silly placeDep ROOT stackframe@1.3.4 OK for: error-stack-parser@2.1.4 want: ^1.3.4
1498 silly placeDep node_modules/finalhandler debug@2.6.9 OK for: finalhandler@1.1.2 want: 2.6.9
1499 silly placeDep ROOT encodeurl@1.0.2 OK for: finalhandler@1.1.2 want: ~1.0.2
1500 silly placeDep ROOT escape-html@1.0.3 OK for: finalhandler@1.1.2 want: ~1.0.3
1501 silly placeDep ROOT on-finished@2.3.0 OK for: finalhandler@1.1.2 want: ~2.3.0
1502 silly placeDep ROOT statuses@1.5.0 OK for: finalhandler@1.1.2 want: ~1.5.0
1503 silly placeDep ROOT unpipe@1.0.0 OK for: finalhandler@1.1.2 want: ~1.0.0
1504 silly fetch manifest ee-first@1.1.1
1505 silly packumentCache full:https://registry.npmjs.org/ee-first cache-miss
1506 http fetch GET 200 https://registry.npmjs.org/ee-first 144ms (cache revalidated)
1507 silly packumentCache full:https://registry.npmjs.org/ee-first set size:15327 disposed:false
1508 silly placeDep ROOT hermes-estree@0.35.0 OK for: hermes-parser@0.35.0 want: 0.35.0
1509 silly placeDep ROOT queue@6.0.2 OK for: image-size@1.2.1 want: 6.0.2
1510 silly fetch manifest inherits@~2.0.3
1511 silly packumentCache full:https://registry.npmjs.org/inherits cache-miss
1512 http fetch GET 200 https://registry.npmjs.org/inherits 179ms (cache revalidated)
1513 silly packumentCache full:https://registry.npmjs.org/inherits set size:12925 disposed:false
1514 silly placeDep ROOT @types/node@26.1.1 OK for: jest-worker@29.7.0 want: *
1515 silly placeDep ROOT jest-util@29.7.0 OK for: jest-worker@29.7.0 want: ^29.7.0
1516 silly placeDep ROOT merge-stream@2.0.0 OK for: jest-worker@29.7.0 want: ^2.0.0
1517 silly placeDep node_modules/jest-worker supports-color@8.1.1 OK for: jest-worker@29.7.0 want: ^8.0.0
1518 silly fetch manifest undici-types@~8.3.0
1519 silly packumentCache full:https://registry.npmjs.org/undici-types cache-miss
1520 silly fetch manifest ci-info@^3.2.0
1521 silly packumentCache full:https://registry.npmjs.org/ci-info cache-hit
1522 silly fetch manifest picomatch@^2.2.3
1523 silly packumentCache full:https://registry.npmjs.org/picomatch cache-hit
1524 silly fetch manifest @jest/types@^29.6.3
1525 silly packumentCache full:https://registry.npmjs.org/@jest%2ftypes cache-miss
1526 http fetch GET 200 https://registry.npmjs.org/undici-types 211ms (cache revalidated)
1527 silly packumentCache full:https://registry.npmjs.org/undici-types set size:239474 disposed:false
1528 http fetch GET 200 https://registry.npmjs.org/@jest%2ftypes 679ms (cache revalidated)
1529 silly packumentCache full:https://registry.npmjs.org/@jest%2ftypes set size:292365 disposed:false
1530 silly placeDep ROOT undici-types@8.3.0 OK for: @types/node@26.1.1 want: ~8.3.0
1531 silly placeDep ROOT @jest/types@29.6.3 OK for: jest-util@29.7.0 want: ^29.6.3
1532 silly placeDep node_modules/jest-util ci-info@3.9.0 OK for: jest-util@29.7.0 want: ^3.2.0
1533 silly placeDep ROOT picomatch@2.3.2 OK for: jest-util@29.7.0 want: ^2.2.3
1534 silly fetch manifest @types/yargs@^17.0.8
1535 silly packumentCache full:https://registry.npmjs.org/@types%2fyargs cache-miss
1536 silly fetch manifest @types/istanbul-reports@^3.0.0
1537 silly packumentCache full:https://registry.npmjs.org/@types%2fistanbul-reports cache-miss
1538 silly fetch manifest @types/istanbul-lib-coverage@^2.0.0
1539 silly packumentCache full:https://registry.npmjs.org/@types%2fistanbul-lib-coverage cache-miss
1540 http fetch GET 200 https://registry.npmjs.org/@types%2fyargs 155ms (cache revalidated)
1541 silly packumentCache full:https://registry.npmjs.org/@types%2fyargs set size:390540 disposed:false
1542 http fetch GET 200 https://registry.npmjs.org/@types%2fistanbul-lib-coverage 160ms (cache revalidated)
1543 silly packumentCache full:https://registry.npmjs.org/@types%2fistanbul-lib-coverage set size:18110 disposed:false
1544 http fetch GET 200 https://registry.npmjs.org/@types%2fistanbul-reports 171ms (cache revalidated)
1545 silly packumentCache full:https://registry.npmjs.org/@types%2fistanbul-reports set size:17607 disposed:false
1546 silly placeDep ROOT @jest/schemas@29.6.3 OK for: @jest/types@29.6.3 want: ^29.6.3
1547 silly placeDep ROOT @types/istanbul-lib-coverage@2.0.6 OK for: @jest/types@29.6.3 want: ^2.0.0
1548 silly placeDep ROOT @types/istanbul-reports@3.0.4 OK for: @jest/types@29.6.3 want: ^3.0.0
1549 silly placeDep ROOT @types/yargs@17.0.35 OK for: @jest/types@29.6.3 want: ^17.0.8
1550 silly fetch manifest @sinclair/typebox@^0.27.8
1551 silly packumentCache full:https://registry.npmjs.org/@sinclair%2ftypebox cache-miss
1552 silly fetch manifest @types/istanbul-lib-report@*
1553 silly packumentCache full:https://registry.npmjs.org/@types%2fistanbul-lib-report cache-miss
1554 silly fetch manifest @types/yargs-parser@*
1555 silly packumentCache full:https://registry.npmjs.org/@types%2fyargs-parser cache-miss
1556 http fetch GET 200 https://registry.npmjs.org/@types%2fistanbul-lib-report 165ms (cache revalidated)
1557 silly packumentCache full:https://registry.npmjs.org/@types%2fistanbul-lib-report set size:12674 disposed:false
1558 http fetch GET 200 https://registry.npmjs.org/@sinclair%2ftypebox 182ms (cache revalidated)
1559 silly packumentCache full:https://registry.npmjs.org/@sinclair%2ftypebox set size:1181871 disposed:false
1560 http fetch GET 200 https://registry.npmjs.org/@types%2fyargs-parser 577ms (cache revalidated)
1561 silly packumentCache full:https://registry.npmjs.org/@types%2fyargs-parser set size:42751 disposed:false
1562 silly placeDep ROOT @sinclair/typebox@0.27.10 OK for: @jest/schemas@29.6.3 want: ^0.27.8
1563 silly placeDep ROOT @types/istanbul-lib-report@3.0.3 OK for: @types/istanbul-reports@3.0.4 want: *
1564 silly placeDep ROOT @types/yargs-parser@21.0.3 OK for: @types/yargs@17.0.35 want: *
1565 silly placeDep ROOT exponential-backoff@3.1.3 OK for: metro-cache@0.84.4 want: ^3.1.1
1566 silly placeDep ROOT https-proxy-agent@7.0.6 OK for: metro-cache@0.84.4 want: ^7.0.5
1567 silly fetch manifest agent-base@^7.1.2
1568 silly packumentCache full:https://registry.npmjs.org/agent-base cache-miss
1569 http fetch GET 200 https://registry.npmjs.org/agent-base 147ms (cache revalidated)
1570 silly packumentCache full:https://registry.npmjs.org/agent-base set size:72085 disposed:false
1571 silly placeDep ROOT agent-base@7.1.4 OK for: https-proxy-agent@7.0.6 want: ^7.1.2
1572 silly placeDep ROOT jest-validate@29.7.0 OK for: metro-config@0.84.4 want: ^29.7.0
1573 silly placeDep ROOT yaml@2.9.0 OK for: metro-config@0.84.4 want: ^2.6.1
1574 silly fetch manifest leven@^3.1.0
1575 silly packumentCache full:https://registry.npmjs.org/leven cache-miss
1576 silly fetch manifest camelcase@^6.2.0
1577 silly packumentCache full:https://registry.npmjs.org/camelcase cache-miss
1578 silly fetch manifest jest-get-type@^29.6.3
1579 silly packumentCache full:https://registry.npmjs.org/jest-get-type cache-miss
1580 http fetch GET 200 https://registry.npmjs.org/camelcase 119ms (cache revalidated)
1581 silly packumentCache full:https://registry.npmjs.org/camelcase set size:60255 disposed:false
1582 http fetch GET 200 https://registry.npmjs.org/leven 132ms (cache revalidated)
1583 silly packumentCache full:https://registry.npmjs.org/leven set size:23210 disposed:false
1584 http fetch GET 200 https://registry.npmjs.org/jest-get-type 149ms (cache revalidated)
1585 silly packumentCache full:https://registry.npmjs.org/jest-get-type set size:201170 disposed:false
1586 silly placeDep ROOT camelcase@6.3.0 OK for: jest-validate@29.7.0 want: ^6.2.0
1587 silly placeDep ROOT jest-get-type@29.6.3 OK for: jest-validate@29.7.0 want: ^29.6.3
1588 silly placeDep ROOT leven@3.1.0 OK for: jest-validate@29.7.0 want: ^3.1.0
1589 silly placeDep ROOT fb-watchman@2.0.2 OK for: metro-file-map@0.84.4 want: ^2.0.0
1590 silly placeDep ROOT micromatch@4.0.8 OK for: metro-file-map@0.84.4 want: ^4.0.4
1591 silly placeDep ROOT walker@1.0.8 OK for: metro-file-map@0.84.4 want: ^1.0.7
1592 silly fetch manifest bser@2.1.1
1593 silly packumentCache full:https://registry.npmjs.org/bser cache-miss
1594 silly fetch manifest braces@^3.0.3
1595 silly packumentCache full:https://registry.npmjs.org/braces cache-miss
1596 silly fetch manifest makeerror@1.0.12
1597 silly packumentCache full:https://registry.npmjs.org/makeerror cache-miss
1598 http fetch GET 200 https://registry.npmjs.org/bser 168ms (cache revalidated)
1599 silly packumentCache full:https://registry.npmjs.org/bser set size:14158 disposed:false
1600 http fetch GET 200 https://registry.npmjs.org/braces 193ms (cache revalidated)
1601 silly packumentCache full:https://registry.npmjs.org/braces set size:114529 disposed:false
1602 http fetch GET 200 https://registry.npmjs.org/makeerror 194ms (cache revalidated)
1603 silly packumentCache full:https://registry.npmjs.org/makeerror set size:16681 disposed:false
1604 silly placeDep ROOT bser@2.1.1 OK for: fb-watchman@2.0.2 want: 2.1.1
1605 silly fetch manifest node-int64@^0.4.0
1606 silly packumentCache full:https://registry.npmjs.org/node-int64 cache-miss
1607 http fetch GET 200 https://registry.npmjs.org/node-int64 150ms (cache revalidated)
1608 silly packumentCache full:https://registry.npmjs.org/node-int64 set size:11660 disposed:false
1609 silly placeDep ROOT node-int64@0.4.0 OK for: bser@2.1.1 want: ^0.4.0
1610 silly placeDep ROOT terser@5.49.0 OK for: metro-minify-terser@0.84.4 want: ^5.15.0
1611 silly fetch manifest @jridgewell/source-map@^0.3.3
1612 silly packumentCache full:https://registry.npmjs.org/@jridgewell%2fsource-map cache-miss
1613 silly fetch manifest acorn@^8.15.0
1614 silly packumentCache full:https://registry.npmjs.org/acorn cache-miss
1615 silly fetch manifest commander@^2.20.0
1616 silly packumentCache full:https://registry.npmjs.org/commander cache-hit
1617 silly fetch manifest source-map-support@~0.5.20
1618 silly packumentCache full:https://registry.npmjs.org/source-map-support cache-miss
1619 http fetch GET 200 https://registry.npmjs.org/source-map-support 217ms (cache revalidated)
1620 silly packumentCache full:https://registry.npmjs.org/source-map-support set size:125488 disposed:false
1621 http fetch GET 200 https://registry.npmjs.org/acorn 220ms (cache revalidated)
1622 silly packumentCache full:https://registry.npmjs.org/acorn set size:381366 disposed:false
1623 http fetch GET 200 https://registry.npmjs.org/@jridgewell%2fsource-map 270ms (cache revalidated)
1624 silly packumentCache full:https://registry.npmjs.org/@jridgewell%2fsource-map set size:45204 disposed:false
1625 silly placeDep ROOT ob1@0.84.4 OK for: metro-source-map@0.84.4 want: 0.84.4
1626 silly placeDep ROOT vlq@1.0.1 OK for: metro-source-map@0.84.4 want: ^1.0.0
1627 silly placeDep ROOT braces@3.0.3 OK for: micromatch@4.0.8 want: ^3.0.3
1628 silly fetch manifest fill-range@^7.1.1
1629 silly packumentCache full:https://registry.npmjs.org/fill-range cache-miss
1630 http fetch GET 200 https://registry.npmjs.org/fill-range 172ms (cache revalidated)
1631 silly packumentCache full:https://registry.npmjs.org/fill-range set size:90162 disposed:false
1632 silly placeDep ROOT fill-range@7.1.1 OK for: braces@3.0.3 want: ^7.1.1
1633 silly fetch manifest to-regex-range@^5.0.1
1634 silly packumentCache full:https://registry.npmjs.org/to-regex-range cache-miss
1635 http fetch GET 200 https://registry.npmjs.org/to-regex-range 156ms (cache revalidated)
1636 silly packumentCache full:https://registry.npmjs.org/to-regex-range set size:61569 disposed:false
1637 silly placeDep ROOT to-regex-range@5.0.1 OK for: fill-range@7.1.1 want: ^5.0.1
1638 silly fetch manifest is-number@^7.0.0
1639 silly packumentCache full:https://registry.npmjs.org/is-number cache-miss
1640 http fetch GET 200 https://registry.npmjs.org/is-number 157ms (cache revalidated)
1641 silly packumentCache full:https://registry.npmjs.org/is-number set size:36183 disposed:false
1642 silly placeDep ROOT mime-db@1.54.0 OK for: mime-types@3.0.2 want: ^1.54.0
1643 silly placeDep ROOT brace-expansion@5.0.7 OK for: minimatch@10.2.5 want: ^5.0.5
1644 silly fetch manifest balanced-match@^4.0.2
1645 silly packumentCache full:https://registry.npmjs.org/balanced-match cache-miss
1646 http fetch GET 200 https://registry.npmjs.org/balanced-match 162ms (cache revalidated)
1647 silly packumentCache full:https://registry.npmjs.org/balanced-match set size:39082 disposed:false
1648 silly placeDep ROOT balanced-match@4.0.4 OK for: brace-expansion@5.0.7 want: ^4.0.2
1649 silly placeDep ROOT ee-first@1.1.1 OK for: on-finished@2.3.0 want: 1.1.1
1650 silly placeDep node_modules/path-scurry lru-cache@11.5.2 OK for: path-scurry@2.0.2 want: ^11.0.0
1651 silly placeDep node_modules/pretty-format ansi-styles@5.2.0 OK for: pretty-format@29.7.0 want: ^5.0.0
1652 silly placeDep ROOT react-is@18.3.1 OK for: pretty-format@29.7.0 want: ^18.0.0
1653 silly placeDep ROOT inherits@2.0.4 OK for: queue@6.0.2 want: ~2.0.3
1654 silly fetch manifest react@^19.2.3
1655 silly packumentCache full:https://registry.npmjs.org/react cache-miss
1656 http cache https://registry.npmjs.org/react 25ms (cache hit)
1657 silly packumentCache full:https://registry.npmjs.org/react set size:6796788 disposed:false
1658 silly fetch manifest @react-native-community/cli@*
1659 silly packumentCache full:https://registry.npmjs.org/@react-native-community%2fcli cache-miss
1660 http fetch GET 200 https://registry.npmjs.org/@react-native-community%2fcli 358ms (cache revalidated)
1661 silly packumentCache full:https://registry.npmjs.org/@react-native-community%2fcli set size:1038784 disposed:false
1662 silly fetch manifest @react-native/metro-config@0.86.0
1663 silly packumentCache full:https://registry.npmjs.org/@react-native%2fmetro-config cache-miss
1664 http cache https://registry.npmjs.org/@react-native%2fmetro-config 10ms (cache hit)
1665 silly packumentCache full:https://registry.npmjs.org/@react-native%2fmetro-config set size:2287267 disposed:false
1666 silly placeDep ROOT @react-native/assets-registry@0.86.0 OK for: react-native@0.86.0 want: 0.86.0
1667 silly placeDep ROOT @react-native/codegen@0.86.0 OK for: react-native@0.86.0 want: 0.86.0
1668 silly placeDep ROOT @react-native/community-cli-plugin@0.86.0 OK for: react-native@0.86.0 want: 0.86.0
1669 silly placeDep ROOT @react-native/gradle-plugin@0.86.0 OK for: react-native@0.86.0 want: 0.86.0
1670 silly placeDep ROOT @react-native/js-polyfills@0.86.0 OK for: react-native@0.86.0 want: 0.86.0
1671 silly placeDep ROOT @react-native/normalize-colors@0.86.0 OK for: react-native@0.86.0 want: 0.86.0
1672 silly placeDep ROOT @react-native/virtualized-lists@0.86.0 OK for: react-native@0.86.0 want: 0.86.0
1673 silly placeDep ROOT abort-controller@3.0.0 OK for: react-native@0.86.0 want: ^3.0.0
1674 silly placeDep ROOT anser@1.4.10 OK for: react-native@0.86.0 want: ^1.4.9
1675 silly placeDep ROOT ansi-regex@5.0.1 OK for: react-native@0.86.0 want: ^5.0.0
1676 silly placeDep ROOT babel-plugin-syntax-hermes-parser@0.36.0 OK for: react-native@0.86.0 want: 0.36.0
1677 silly placeDep node_modules/react-native commander@12.1.0 OK for: react-native@0.86.0 want: ^12.0.0
1678 silly placeDep ROOT hermes-compiler@250829098.0.14 OK for: react-native@0.86.0 want: 250829098.0.14
1679 silly placeDep ROOT memoize-one@5.2.1 OK for: react-native@0.86.0 want: ^5.0.0
1680 silly placeDep ROOT promise@8.3.0 OK for: react-native@0.86.0 want: ^8.3.0
1681 silly placeDep ROOT react-devtools-core@6.1.5 OK for: react-native@0.86.0 want: ^6.1.5
1682 silly placeDep ROOT regenerator-runtime@0.13.11 OK for: react-native@0.86.0 want: ^0.13.2
1683 silly placeDep ROOT scheduler@0.27.0 OK for: react-native@0.86.0 want: 0.27.0
1684 silly placeDep ROOT stacktrace-parser@0.1.11 OK for: react-native@0.86.0 want: ^0.1.10
1685 silly placeDep ROOT tinyglobby@0.2.17 OK for: react-native@0.86.0 want: ^0.2.15
1686 silly placeDep ROOT whatwg-fetch@3.6.20 OK for: react-native@0.86.0 want: ^3.0.0
1687 silly fetch manifest hermes-parser@0.36.0
1688 silly packumentCache full:https://registry.npmjs.org/hermes-parser cache-hit
1689 silly fetch manifest event-target-shim@^5.0.0
1690 silly packumentCache full:https://registry.npmjs.org/event-target-shim cache-miss
1691 silly fetch manifest hermes-parser@0.36.0
1692 silly packumentCache full:https://registry.npmjs.org/hermes-parser cache-hit
1693 silly fetch manifest asap@~2.0.6
1694 silly packumentCache full:https://registry.npmjs.org/asap cache-miss
1695 silly fetch manifest shell-quote@^1.6.1
1696 silly packumentCache full:https://registry.npmjs.org/shell-quote cache-miss
1697 silly fetch manifest type-fest@^0.7.1
1698 silly packumentCache full:https://registry.npmjs.org/type-fest cache-miss
1699 silly fetch manifest fdir@^6.5.0
1700 silly packumentCache full:https://registry.npmjs.org/fdir cache-miss
1701 http fetch GET 200 https://registry.npmjs.org/asap 285ms (cache revalidated)
1702 silly packumentCache full:https://registry.npmjs.org/asap set size:30968 disposed:false
1703 http fetch GET 200 https://registry.npmjs.org/event-target-shim 288ms (cache revalidated)
1704 silly packumentCache full:https://registry.npmjs.org/event-target-shim set size:103601 disposed:false
1705 http fetch GET 200 https://registry.npmjs.org/fdir 287ms (cache revalidated)
1706 silly packumentCache full:https://registry.npmjs.org/fdir set size:136182 disposed:false
1707 http fetch GET 200 https://registry.npmjs.org/type-fest 323ms (cache revalidated)
1708 silly packumentCache full:https://registry.npmjs.org/type-fest set size:566201 disposed:false
1709 http fetch GET 200 https://registry.npmjs.org/shell-quote 563ms (cache revalidated)
1710 silly packumentCache full:https://registry.npmjs.org/shell-quote set size:72517 disposed:false
1711 silly placeDep node_modules/@react-native/codegen hermes-parser@0.36.0 OK for: @react-native/codegen@0.86.0 want: 0.36.0
1712 silly fetch manifest hermes-estree@0.36.0
1713 silly packumentCache full:https://registry.npmjs.org/hermes-estree cache-hit
1714 silly placeDep ROOT @react-native/dev-middleware@0.86.0 OK for: @react-native/community-cli-plugin@0.86.0 want: 0.86.0
1715 silly fetch manifest open@^7.0.3
1716 silly packumentCache full:https://registry.npmjs.org/open cache-miss
1717 silly fetch manifest serve-static@^1.16.2
1718 silly packumentCache full:https://registry.npmjs.org/serve-static cache-miss
1719 silly fetch manifest chrome-launcher@^0.15.2
1720 silly packumentCache full:https://registry.npmjs.org/chrome-launcher cache-miss
1721 silly fetch manifest @isaacs/ttlcache@^1.4.1
1722 silly packumentCache full:https://registry.npmjs.org/@isaacs%2fttlcache cache-miss
1723 silly fetch manifest chromium-edge-launcher@^0.3.0
1724 silly packumentCache full:https://registry.npmjs.org/chromium-edge-launcher cache-miss
1725 silly fetch manifest @react-native/debugger-shell@0.86.0
1726 silly packumentCache full:https://registry.npmjs.org/@react-native%2fdebugger-shell cache-miss
1727 silly fetch manifest @react-native/debugger-frontend@0.86.0
1728 silly packumentCache full:https://registry.npmjs.org/@react-native%2fdebugger-frontend cache-miss
1729 http fetch GET 200 https://registry.npmjs.org/chromium-edge-launcher 176ms (cache revalidated)
1730 silly packumentCache full:https://registry.npmjs.org/chromium-edge-launcher set size:72314 disposed:false
1731 http fetch GET 200 https://registry.npmjs.org/chrome-launcher 177ms (cache revalidated)
1732 silly packumentCache full:https://registry.npmjs.org/chrome-launcher set size:131779 disposed:false
1733 http fetch GET 200 https://registry.npmjs.org/open 181ms (cache revalidated)
1734 silly packumentCache full:https://registry.npmjs.org/open set size:136392 disposed:false
1735 http fetch GET 200 https://registry.npmjs.org/@isaacs%2fttlcache 361ms (cache revalidated)
1736 silly packumentCache full:https://registry.npmjs.org/@isaacs%2fttlcache set size:65208 disposed:false
1737 http fetch GET 200 https://registry.npmjs.org/@react-native%2fdebugger-frontend 370ms (cache revalidated)
1738 silly packumentCache full:https://registry.npmjs.org/@react-native%2fdebugger-frontend set size:1998582 disposed:false
1739 http fetch GET 200 https://registry.npmjs.org/serve-static 551ms (cache revalidated)
1740 silly packumentCache full:https://registry.npmjs.org/serve-static set size:150391 disposed:false
1741 http fetch GET 200 https://registry.npmjs.org/@react-native%2fdebugger-shell 709ms (cache revalidated)
1742 silly packumentCache full:https://registry.npmjs.org/@react-native%2fdebugger-shell set size:918727 disposed:false
1743 silly placeDep ROOT @isaacs/ttlcache@1.4.1 OK for: @react-native/dev-middleware@0.86.0 want: ^1.4.1
1744 silly placeDep ROOT @react-native/debugger-frontend@0.86.0 OK for: @react-native/dev-middleware@0.86.0 want: 0.86.0
1745 silly placeDep ROOT @react-native/debugger-shell@0.86.0 OK for: @react-native/dev-middleware@0.86.0 want: 0.86.0
1746 silly placeDep ROOT chrome-launcher@0.15.2 OK for: @react-native/dev-middleware@0.86.0 want: ^0.15.2
1747 silly placeDep ROOT chromium-edge-launcher@0.3.0 OK for: @react-native/dev-middleware@0.86.0 want: ^0.3.0
1748 silly placeDep ROOT open@7.4.2 OK for: @react-native/dev-middleware@0.86.0 want: ^7.0.3
1749 silly placeDep ROOT serve-static@1.16.3 OK for: @react-native/dev-middleware@0.86.0 want: ^1.16.2
1750 silly fetch manifest fb-dotslash@0.5.8
1751 silly packumentCache full:https://registry.npmjs.org/fb-dotslash cache-miss
1752 silly fetch manifest is-wsl@^2.2.0
1753 silly packumentCache full:https://registry.npmjs.org/is-wsl cache-miss
1754 silly fetch manifest lighthouse-logger@^1.0.0
1755 silly packumentCache full:https://registry.npmjs.org/lighthouse-logger cache-miss
1756 silly fetch manifest escape-string-regexp@^4.0.0
1757 silly packumentCache full:https://registry.npmjs.org/escape-string-regexp cache-miss
1758 silly fetch manifest is-wsl@^2.2.0
1759 silly packumentCache full:https://registry.npmjs.org/is-wsl cache-miss
1760 silly fetch manifest mkdirp@^1.0.4
1761 silly packumentCache full:https://registry.npmjs.org/mkdirp cache-miss
1762 silly fetch manifest lighthouse-logger@^1.0.0
1763 silly packumentCache full:https://registry.npmjs.org/lighthouse-logger cache-miss
1764 http fetch GET 200 https://registry.npmjs.org/escape-string-regexp 225ms (cache revalidated)
1765 silly packumentCache full:https://registry.npmjs.org/escape-string-regexp set size:22244 disposed:false
1766 silly fetch manifest is-wsl@^2.1.1
1767 silly packumentCache full:https://registry.npmjs.org/is-wsl cache-miss
1768 http fetch GET 200 https://registry.npmjs.org/is-wsl 265ms (cache revalidated)
1769 silly packumentCache full:https://registry.npmjs.org/is-wsl set size:20683 disposed:false
1770 silly fetch manifest is-docker@^2.0.0
1771 silly packumentCache full:https://registry.npmjs.org/is-docker cache-miss
1772 http fetch GET 200 https://registry.npmjs.org/lighthouse-logger 283ms (cache revalidated)
1773 silly packumentCache full:https://registry.npmjs.org/lighthouse-logger set size:19412 disposed:false
1774 silly fetch manifest send@~0.19.1
1775 silly packumentCache full:https://registry.npmjs.org/send cache-hit
1776 silly fetch manifest encodeurl@~2.0.0
1777 silly packumentCache full:https://registry.npmjs.org/encodeurl cache-hit
1778 http fetch GET 200 https://registry.npmjs.org/lighthouse-logger 307ms (cache revalidated)
1779 silly packumentCache full:https://registry.npmjs.org/lighthouse-logger set size:19412 disposed:false
1780 silly packumentCache full:https://registry.npmjs.org/lighthouse-logger dispose
1781 http fetch GET 200 https://registry.npmjs.org/mkdirp 316ms (cache revalidated)
1782 silly packumentCache full:https://registry.npmjs.org/mkdirp set size:116431 disposed:false
1783 http fetch GET 200 https://registry.npmjs.org/is-wsl 321ms (cache revalidated)
1784 silly packumentCache full:https://registry.npmjs.org/is-wsl set size:20683 disposed:false
1785 silly packumentCache full:https://registry.npmjs.org/is-wsl dispose
1786 http cache https://registry.npmjs.org/is-wsl 115ms (cache hit)
1787 silly packumentCache full:https://registry.npmjs.org/is-wsl set size:20683 disposed:true
1788 silly packumentCache full:https://registry.npmjs.org/is-wsl dispose
1789 http fetch GET 200 https://registry.npmjs.org/is-docker 232ms (cache revalidated)
1790 silly packumentCache full:https://registry.npmjs.org/is-docker set size:23690 disposed:false
1791 http fetch GET 200 https://registry.npmjs.org/fb-dotslash 516ms (cache revalidated)
1792 silly packumentCache full:https://registry.npmjs.org/fb-dotslash set size:8646 disposed:false
1793 silly placeDep ROOT fb-dotslash@0.5.8 OK for: @react-native/debugger-shell@0.86.0 want: 0.5.8
1794 silly placeDep ROOT event-target-shim@5.0.1 OK for: abort-controller@3.0.0 want: ^5.0.0
1795 silly placeDep node_modules/babel-plugin-syntax-hermes-parser hermes-parser@0.36.0 OK for: babel-plugin-syntax-hermes-parser@0.36.0 want: 0.36.0
1796 silly placeDep ROOT escape-string-regexp@4.0.0 OK for: chrome-launcher@0.15.2 want: ^4.0.0
1797 silly placeDep ROOT is-wsl@2.2.0 OK for: chrome-launcher@0.15.2 want: ^2.2.0
1798 silly placeDep ROOT lighthouse-logger@1.4.2 OK for: chrome-launcher@0.15.2 want: ^1.0.0
1799 silly fetch manifest debug@^2.6.9
1800 silly packumentCache full:https://registry.npmjs.org/debug cache-hit
1801 silly fetch manifest marky@^1.2.2
1802 silly packumentCache full:https://registry.npmjs.org/marky cache-miss
1803 http fetch GET 200 https://registry.npmjs.org/marky 195ms (cache revalidated)
1804 silly packumentCache full:https://registry.npmjs.org/marky set size:45300 disposed:false
1805 silly placeDep ROOT mkdirp@1.0.4 OK for: chromium-edge-launcher@0.3.0 want: ^1.0.4
1806 silly placeDep ROOT is-docker@2.2.1 OK for: is-wsl@2.2.0 want: ^2.0.0
1807 silly placeDep node_modules/lighthouse-logger debug@2.6.9 OK for: lighthouse-logger@1.4.2 want: ^2.6.9
1808 silly placeDep ROOT marky@1.3.0 OK for: lighthouse-logger@1.4.2 want: ^1.2.2
1809 silly placeDep ROOT asap@2.0.6 OK for: promise@8.3.0 want: ~2.0.6
1810 silly placeDep ROOT shell-quote@1.10.0 OK for: react-devtools-core@6.1.5 want: ^1.6.1
1811 silly placeDep node_modules/serve-static encodeurl@2.0.0 OK for: serve-static@1.16.3 want: ~2.0.0
1812 silly placeDep ROOT send@0.19.2 OK for: serve-static@1.16.3 want: ~0.19.1
1813 silly fetch manifest depd@2.0.0
1814 silly packumentCache full:https://registry.npmjs.org/depd cache-miss
1815 silly fetch manifest etag@~1.8.1
1816 silly packumentCache full:https://registry.npmjs.org/etag cache-miss
1817 silly fetch manifest mime@1.6.0
1818 silly packumentCache full:https://registry.npmjs.org/mime cache-miss
1819 silly fetch manifest fresh@~0.5.2
1820 silly packumentCache full:https://registry.npmjs.org/fresh cache-miss
1821 silly fetch manifest destroy@1.2.0
1822 silly packumentCache full:https://registry.npmjs.org/destroy cache-miss
1823 silly fetch manifest statuses@~2.0.2
1824 silly packumentCache full:https://registry.npmjs.org/statuses cache-hit
1825 silly fetch manifest http-errors@~2.0.1
1826 silly packumentCache full:https://registry.npmjs.org/http-errors cache-miss
1827 silly fetch manifest on-finished@~2.4.1
1828 silly packumentCache full:https://registry.npmjs.org/on-finished cache-hit
1829 silly fetch manifest range-parser@~1.2.1
1830 silly packumentCache full:https://registry.npmjs.org/range-parser cache-miss
1831 http fetch GET 200 https://registry.npmjs.org/depd 169ms (cache revalidated)
1832 silly packumentCache full:https://registry.npmjs.org/depd set size:40182 disposed:false
1833 http fetch GET 200 https://registry.npmjs.org/fresh 188ms (cache revalidated)
1834 silly packumentCache full:https://registry.npmjs.org/fresh set size:25427 disposed:false
1835 http fetch GET 200 https://registry.npmjs.org/etag 204ms (cache revalidated)
1836 silly packumentCache full:https://registry.npmjs.org/etag set size:30032 disposed:false
1837 http fetch GET 200 https://registry.npmjs.org/range-parser 218ms (cache revalidated)
1838 silly packumentCache full:https://registry.npmjs.org/range-parser set size:24852 disposed:false
1839 http fetch GET 200 https://registry.npmjs.org/http-errors 224ms (cache revalidated)
1840 silly packumentCache full:https://registry.npmjs.org/http-errors set size:71987 disposed:false
1841 http fetch GET 200 https://registry.npmjs.org/mime 233ms (cache revalidated)
1842 silly packumentCache full:https://registry.npmjs.org/mime set size:119236 disposed:false
1843 http fetch GET 200 https://registry.npmjs.org/destroy 238ms (cache revalidated)
1844 silly packumentCache full:https://registry.npmjs.org/destroy set size:15738 disposed:false
1845 silly placeDep node_modules/send debug@2.6.9 OK for: send@0.19.2 want: 2.6.9
1846 silly placeDep ROOT depd@2.0.0 OK for: send@0.19.2 want: 2.0.0
1847 silly placeDep ROOT destroy@1.2.0 OK for: send@0.19.2 want: 1.2.0
1848 silly placeDep node_modules/send encodeurl@2.0.0 OK for: send@0.19.2 want: ~2.0.0
1849 silly placeDep ROOT etag@1.8.1 OK for: send@0.19.2 want: ~1.8.1
1850 silly placeDep ROOT fresh@0.5.2 OK for: send@0.19.2 want: ~0.5.2
1851 silly placeDep ROOT http-errors@2.0.1 OK for: send@0.19.2 want: ~2.0.1
1852 silly placeDep ROOT mime@1.6.0 OK for: send@0.19.2 want: 1.6.0
1853 silly placeDep node_modules/send on-finished@2.4.1 OK for: send@0.19.2 want: ~2.4.1
1854 silly placeDep ROOT range-parser@1.2.1 OK for: send@0.19.2 want: ~1.2.1
1855 silly placeDep node_modules/send statuses@2.0.2 OK for: send@0.19.2 want: ~2.0.2
1856 silly fetch manifest setprototypeof@~1.2.0
1857 silly packumentCache full:https://registry.npmjs.org/setprototypeof cache-miss
1858 silly fetch manifest toidentifier@~1.0.1
1859 silly packumentCache full:https://registry.npmjs.org/toidentifier cache-miss
1860 http fetch GET 200 https://registry.npmjs.org/toidentifier 195ms (cache revalidated)
1861 silly packumentCache full:https://registry.npmjs.org/toidentifier set size:12006 disposed:false
1862 http fetch GET 200 https://registry.npmjs.org/setprototypeof 228ms (cache revalidated)
1863 silly packumentCache full:https://registry.npmjs.org/setprototypeof set size:14532 disposed:false
1864 silly placeDep ROOT setprototypeof@1.2.0 OK for: http-errors@2.0.1 want: ~1.2.0
1865 silly placeDep node_modules/http-errors statuses@2.0.2 OK for: http-errors@2.0.1 want: ~2.0.2
1866 silly placeDep ROOT toidentifier@1.0.1 OK for: http-errors@2.0.1 want: ~1.0.1
1867 silly placeDep ROOT shebang-regex@3.0.0 OK for: shebang-command@2.0.0 want: ^3.0.0
1868 silly placeDep ROOT type-fest@0.7.1 OK for: stacktrace-parser@0.1.11 want: ^0.7.1
1869 silly placeDep ROOT has-flag@4.0.0 OK for: supports-color@7.2.0 want: ^4.0.0
1870 silly placeDep ROOT @jridgewell/source-map@0.3.11 OK for: terser@5.49.0 want: ^0.3.3
1871 silly placeDep ROOT acorn@8.17.0 OK for: terser@5.49.0 want: ^8.15.0
1872 silly placeDep node_modules/terser commander@2.20.3 OK for: terser@5.49.0 want: ^2.20.0
1873 silly placeDep ROOT source-map-support@0.5.21 OK for: terser@5.49.0 want: ~0.5.20
1874 silly fetch manifest buffer-from@^1.0.0
1875 silly packumentCache full:https://registry.npmjs.org/buffer-from cache-miss
1876 silly fetch manifest source-map@^0.6.0
1877 silly packumentCache full:https://registry.npmjs.org/source-map cache-hit
1878 http fetch GET 200 https://registry.npmjs.org/buffer-from 150ms (cache revalidated)
1879 silly packumentCache full:https://registry.npmjs.org/buffer-from set size:15463 disposed:false
1880 silly placeDep ROOT buffer-from@1.1.2 OK for: source-map-support@0.5.21 want: ^1.0.0
1881 silly placeDep node_modules/source-map-support source-map@0.6.1 OK for: source-map-support@0.5.21 want: ^0.6.0
1882 silly placeDep node_modules/tinyglobby fdir@6.5.0 OK for: tinyglobby@0.2.17 want: ^6.5.0
1883 silly placeDep node_modules/tinyglobby picomatch@4.0.5 OK for: fdir@6.5.0 want: ^3 || ^4
1884 silly placeDep ROOT is-number@7.0.0 OK for: to-regex-range@5.0.1 want: ^7.0.0
1885 silly placeDep ROOT escalade@3.2.0 OK for: update-browserslist-db@1.2.3 want: ^3.2.0
1886 silly placeDep ROOT makeerror@1.0.12 OK for: walker@1.0.8 want: 1.0.12
1887 silly fetch manifest tmpl@1.0.5
1888 silly packumentCache full:https://registry.npmjs.org/tmpl cache-miss
1889 http fetch GET 200 https://registry.npmjs.org/tmpl 162ms (cache revalidated)
1890 silly packumentCache full:https://registry.npmjs.org/tmpl set size:7979 disposed:false
1891 silly placeDep ROOT tmpl@1.0.5 OK for: makeerror@1.0.12 want: 1.0.5
1892 silly placeDep ROOT isexe@2.0.0 OK for: which@2.0.2 want: ^2.0.0
1893 silly placeDep ROOT simple-plist@1.3.1 OK for: xcode@3.0.1 want: ^1.1.0
1894 silly placeDep ROOT uuid@7.0.3 OK for: xcode@3.0.1 want: ^7.0.3
1895 silly fetch manifest bplist-parser@0.3.1
1896 silly packumentCache full:https://registry.npmjs.org/bplist-parser cache-hit
1897 silly fetch manifest plist@^3.0.5
1898 silly packumentCache full:https://registry.npmjs.org/plist cache-miss
1899 http fetch GET 200 https://registry.npmjs.org/plist 121ms (cache revalidated)
1900 silly packumentCache full:https://registry.npmjs.org/plist set size:60755 disposed:false
1901 silly placeDep ROOT bplist-creator@0.1.0 OK for: simple-plist@1.3.1 want: 0.1.0
1902 silly placeDep ROOT bplist-parser@0.3.1 OK for: simple-plist@1.3.1 want: 0.3.1
1903 silly placeDep ROOT plist@3.1.1 OK for: simple-plist@1.3.1 want: ^3.0.5
1904 silly fetch manifest stream-buffers@2.2.x
1905 silly packumentCache full:https://registry.npmjs.org/stream-buffers cache-miss
1906 silly fetch manifest big-integer@1.6.x
1907 silly packumentCache full:https://registry.npmjs.org/big-integer cache-miss
1908 silly fetch manifest @xmldom/xmldom@^0.9.10
1909 silly packumentCache full:https://registry.npmjs.org/@xmldom%2fxmldom cache-hit
1910 http fetch GET 200 https://registry.npmjs.org/big-integer 171ms (cache revalidated)
1911 silly packumentCache full:https://registry.npmjs.org/big-integer set size:205433 disposed:false
1912 http fetch GET 200 https://registry.npmjs.org/stream-buffers 183ms (cache revalidated)
1913 silly packumentCache full:https://registry.npmjs.org/stream-buffers set size:32945 disposed:false
1914 silly placeDep ROOT stream-buffers@2.2.0 OK for: bplist-creator@0.1.0 want: 2.2.x
1915 silly placeDep ROOT big-integer@1.6.52 OK for: bplist-parser@0.3.1 want: 1.6.x
1916 silly placeDep node_modules/plist @xmldom/xmldom@0.9.10 OK for: plist@3.1.1 want: ^0.9.10
1917 silly placeDep ROOT sax@1.6.0 OK for: xml2js@0.6.0 want: >=0.6.0
1918 silly placeDep node_modules/xml2js xmlbuilder@11.0.1 OK for: xml2js@0.6.0 want: ~11.0.0
1919 silly placeDep ROOT cliui@8.0.1 OK for: yargs@17.7.3 want: ^8.0.1
1920 silly placeDep ROOT get-caller-file@2.0.5 OK for: yargs@17.7.3 want: ^2.0.5
1921 silly placeDep ROOT require-directory@2.1.1 OK for: yargs@17.7.3 want: ^2.1.1
1922 silly placeDep ROOT string-width@4.2.3 OK for: yargs@17.7.3 want: ^4.2.3
1923 silly placeDep ROOT y18n@5.0.8 OK for: yargs@17.7.3 want: ^5.0.5
1924 silly placeDep ROOT yargs-parser@21.1.1 OK for: yargs@17.7.3 want: ^21.1.1
1925 silly fetch manifest strip-ansi@^6.0.1
1926 silly packumentCache full:https://registry.npmjs.org/strip-ansi cache-miss
1927 silly fetch manifest string-width@^4.2.0
1928 silly packumentCache full:https://registry.npmjs.org/string-width cache-hit
1929 silly fetch manifest strip-ansi@^6.0.1
1930 silly packumentCache full:https://registry.npmjs.org/strip-ansi cache-miss
1931 silly fetch manifest emoji-regex@^8.0.0
1932 silly packumentCache full:https://registry.npmjs.org/emoji-regex cache-miss
1933 silly fetch manifest is-fullwidth-code-point@^3.0.0
1934 silly packumentCache full:https://registry.npmjs.org/is-fullwidth-code-point cache-miss
1935 http fetch GET 200 https://registry.npmjs.org/emoji-regex 165ms (cache revalidated)
1936 silly packumentCache full:https://registry.npmjs.org/emoji-regex set size:89064 disposed:false
1937 http fetch GET 200 https://registry.npmjs.org/strip-ansi 176ms (cache revalidated)
1938 silly packumentCache full:https://registry.npmjs.org/strip-ansi set size:44998 disposed:false
1939 http fetch GET 200 https://registry.npmjs.org/is-fullwidth-code-point 176ms (cache revalidated)
1940 silly packumentCache full:https://registry.npmjs.org/is-fullwidth-code-point set size:14578 disposed:false
1941 http fetch GET 200 https://registry.npmjs.org/strip-ansi 185ms (cache revalidated)
1942 silly packumentCache full:https://registry.npmjs.org/strip-ansi set size:44998 disposed:false
1943 silly packumentCache full:https://registry.npmjs.org/strip-ansi dispose
1944 silly placeDep ROOT strip-ansi@6.0.1 OK for: cliui@8.0.1 want: ^6.0.1
1945 silly placeDep ROOT wrap-ansi@7.0.0 OK for: cliui@8.0.1 want: ^7.0.0
1946 silly placeDep ROOT emoji-regex@8.0.0 OK for: string-width@4.2.3 want: ^8.0.0
1947 silly placeDep ROOT is-fullwidth-code-point@3.0.0 OK for: string-width@4.2.3 want: ^3.0.0
1948 silly placeDep node_modules/@react-native/codegen hermes-estree@0.36.0 OK for: hermes-parser@0.36.0 want: 0.36.0
1949 silly placeDep node_modules/babel-plugin-syntax-hermes-parser hermes-estree@0.36.0 OK for: hermes-parser@0.36.0 want: 0.36.0
1950 silly placeDep node_modules/connect ms@2.0.0 OK for: debug@2.6.9 want: 2.0.0
1951 silly fetch manifest utf-8-validate@>=5.0.2
1952 silly packumentCache full:https://registry.npmjs.org/utf-8-validate cache-hit
1953 silly fetch manifest @expo/metro-runtime@^57.0.5
1954 silly packumentCache full:https://registry.npmjs.org/@expo%2fmetro-runtime cache-hit
1955 silly fetch manifest expo-constants@^57.0.5
1956 silly packumentCache full:https://registry.npmjs.org/expo-constants cache-miss
1957 http cache https://registry.npmjs.org/expo-constants 73ms (cache hit)
1958 silly packumentCache full:https://registry.npmjs.org/expo-constants set size:1135531 disposed:false
1959 silly fetch manifest expo-font@^57.0.1
1960 silly packumentCache full:https://registry.npmjs.org/expo-font cache-hit
1961 silly placeDep ROOT @expo/code-signing-certificates@0.0.6 OK for: @expo/cli@57.0.8 want: ^0.0.6
1962 silly placeDep ROOT @expo/devcert@1.2.1 OK for: @expo/cli@57.0.8 want: ^1.2.1
1963 silly placeDep ROOT @expo/image-utils@0.11.3 OK for: @expo/cli@57.0.8 want: ^0.11.3
1964 silly placeDep ROOT @expo/inline-modules@0.1.3 OK for: @expo/cli@57.0.8 want: ^0.1.3
1965 silly placeDep ROOT @expo/metro-file-map@57.0.1 OK for: @expo/cli@57.0.8 want: ^57.0.1
1966 silly placeDep ROOT @expo/osascript@2.7.1 OK for: @expo/cli@57.0.8 want: ^2.7.1
1967 silly placeDep ROOT @expo/package-manager@1.13.1 OK for: @expo/cli@57.0.8 want: ^1.13.1
1968 silly placeDep ROOT @expo/prebuild-config@57.0.7 OK for: @expo/cli@57.0.8 want: ^57.0.7
1969 silly placeDep node_modules/expo/node_modules/@expo/cli @expo/router-server@57.0.3 CONFLICT for: @expo/cli@57.0.8 want: ^57.0.3
1970 silly placeDep ROOT expo-server@57.0.1 OK for: @expo/router-server@57.0.3 want: ^57.0.1
1971 silly placeDep ROOT @expo/schema-utils@57.0.2 OK for: @expo/cli@57.0.8 want: ^57.0.2
1972 silly placeDep node_modules/expo @expo/ws-tunnel@2.0.0 OK for: @expo/cli@57.0.8 want: ^2.0.0
1973 silly placeDep node_modules/expo ws@8.21.1 OK for: @expo/ws-tunnel@2.0.0 want: ^8.0.0
1974 silly placeDep ROOT @expo/xcpretty@4.4.4 OK for: @expo/cli@57.0.8 want: ^4.4.4
1975 silly placeDep node_modules/expo accepts@1.3.8 OK for: @expo/cli@57.0.8 want: ^1.3.8
1976 silly placeDep ROOT agent-cli-detector@0.1.2 OK for: @expo/cli@57.0.8 want: ^0.1.2
1977 silly placeDep node_modules/expo ci-info@3.9.0 OK for: @expo/cli@57.0.8 want: ^3.3.0
1978 silly placeDep ROOT compression@1.8.1 OK for: @expo/cli@57.0.8 want: ^1.7.4
1979 silly placeDep ROOT dnssd-advertise@1.1.6 OK for: @expo/cli@57.0.8 want: ^1.1.4
1980 silly placeDep ROOT fetch-nodeshim@0.4.10 OK for: @expo/cli@57.0.8 want: ^0.4.10
1981 silly placeDep ROOT lan-network@0.2.1 OK for: @expo/cli@57.0.8 want: ^0.2.1
1982 silly placeDep ROOT multitars@1.0.0 OK for: @expo/cli@57.0.8 want: ^1.0.0
1983 silly placeDep ROOT node-forge@1.4.0 OK for: @expo/cli@57.0.8 want: ^1.3.3
1984 silly placeDep ROOT npm-package-arg@11.0.3 OK for: @expo/cli@57.0.8 want: ^11.0.0
1985 silly placeDep ROOT ora@3.4.0 OK for: @expo/cli@57.0.8 want: ^3.4.0
1986 silly placeDep node_modules/expo picomatch@4.0.5 OK for: @expo/cli@57.0.8 want: ^4.0.4
1987 silly placeDep ROOT progress@2.0.3 OK for: @expo/cli@57.0.8 want: ^2.0.3
1988 silly placeDep ROOT prompts@2.4.2 OK for: @expo/cli@57.0.8 want: ^2.3.2
1989 silly placeDep ROOT structured-headers@0.4.1 OK for: @expo/cli@57.0.8 want: ^0.4.1
1990 silly placeDep ROOT terminal-link@2.1.1 OK for: @expo/cli@57.0.8 want: ^2.1.1
1991 silly placeDep ROOT toqr@0.1.1 OK for: @expo/cli@57.0.8 want: ^0.1.1
1992 silly placeDep ROOT zod@3.25.76 OK for: @expo/cli@57.0.8 want: ^3.25.76
1993 silly fetch manifest debug@^3.1.0
1994 silly packumentCache full:https://registry.npmjs.org/debug cache-hit
1995 silly fetch manifest @expo/sudo-prompt@^9.3.1
1996 silly packumentCache full:https://registry.npmjs.org/@expo%2fsudo-prompt cache-miss
1997 silly fetch manifest parse-png@^2.1.0
1998 silly packumentCache full:https://registry.npmjs.org/parse-png cache-miss
1999 silly fetch manifest jimp-compact@0.16.1
2000 silly packumentCache full:https://registry.npmjs.org/jimp-compact cache-miss
2001 silly fetch manifest js-yaml@^4.1.0
2002 silly packumentCache full:https://registry.npmjs.org/js-yaml cache-miss
2003 silly fetch manifest mime-types@~2.1.34
2004 silly packumentCache full:https://registry.npmjs.org/mime-types cache-hit
2005 silly fetch manifest negotiator@0.6.3
2006 silly packumentCache full:https://registry.npmjs.org/negotiator cache-hit
2007 silly fetch manifest vary@~1.1.2
2008 silly packumentCache full:https://registry.npmjs.org/vary cache-miss
2009 silly fetch manifest bytes@3.1.2
2010 silly packumentCache full:https://registry.npmjs.org/bytes cache-miss
2011 silly fetch manifest negotiator@~0.6.4
2012 silly packumentCache full:https://registry.npmjs.org/negotiator cache-hit
2013 silly fetch manifest on-headers@~1.1.0
2014 silly packumentCache full:https://registry.npmjs.org/on-headers cache-miss
2015 http fetch GET 200 https://registry.npmjs.org/bytes 190ms (cache revalidated)
2016 silly packumentCache full:https://registry.npmjs.org/bytes set size:37018 disposed:false
2017 silly fetch manifest safe-buffer@5.2.1
2018 silly packumentCache full:https://registry.npmjs.org/safe-buffer cache-miss
2019 http fetch GET 200 https://registry.npmjs.org/vary 199ms (cache revalidated)
2020 silly packumentCache full:https://registry.npmjs.org/vary set size:15994 disposed:false
2021 silly fetch manifest compressible@~2.0.18
2022 silly packumentCache full:https://registry.npmjs.org/compressible cache-miss
2023 http fetch GET 200 https://registry.npmjs.org/on-headers 201ms (cache revalidated)
2024 silly packumentCache full:https://registry.npmjs.org/on-headers set size:13226 disposed:false
2025 silly fetch manifest proc-log@^4.0.0
2026 silly packumentCache full:https://registry.npmjs.org/proc-log cache-miss
2027 http fetch GET 200 https://registry.npmjs.org/js-yaml 216ms (cache revalidated)
2028 silly packumentCache full:https://registry.npmjs.org/js-yaml set size:171743 disposed:false
2029 silly fetch manifest hosted-git-info@^7.0.0
2030 silly packumentCache full:https://registry.npmjs.org/hosted-git-info cache-miss
2031 http fetch GET 200 https://registry.npmjs.org/parse-png 235ms (cache revalidated)
2032 silly packumentCache full:https://registry.npmjs.org/parse-png set size:13026 disposed:false
2033 silly fetch manifest validate-npm-package-name@^5.0.0
2034 silly packumentCache full:https://registry.npmjs.org/validate-npm-package-name cache-miss
2035 http fetch GET 200 https://registry.npmjs.org/compressible 151ms (cache revalidated)
2036 silly packumentCache full:https://registry.npmjs.org/compressible set size:61733 disposed:false
2037 silly fetch manifest chalk@^2.4.2
2038 silly packumentCache full:https://registry.npmjs.org/chalk cache-hit
2039 silly fetch manifest wcwidth@^1.0.1
2040 silly packumentCache full:https://registry.npmjs.org/wcwidth cache-miss
2041 http fetch GET 200 https://registry.npmjs.org/proc-log 163ms (cache revalidated)
2042 silly packumentCache full:https://registry.npmjs.org/proc-log set size:35796 disposed:false
2043 silly fetch manifest cli-cursor@^2.1.0
2044 silly packumentCache full:https://registry.npmjs.org/cli-cursor cache-miss
2045 http fetch GET 200 https://registry.npmjs.org/hosted-git-info 163ms (cache revalidated)
2046 silly packumentCache full:https://registry.npmjs.org/hosted-git-info set size:190140 disposed:false
2047 silly fetch manifest strip-ansi@^5.2.0
2048 silly packumentCache full:https://registry.npmjs.org/strip-ansi cache-hit
2049 silly fetch manifest log-symbols@^2.2.0
2050 silly packumentCache full:https://registry.npmjs.org/log-symbols cache-miss
2051 http fetch GET 200 https://registry.npmjs.org/wcwidth 142ms (cache revalidated)
2052 silly packumentCache full:https://registry.npmjs.org/wcwidth set size:5904 disposed:false
2053 silly fetch manifest cli-spinners@^2.0.0
2054 silly packumentCache full:https://registry.npmjs.org/cli-spinners cache-miss
2055 http fetch GET 200 https://registry.npmjs.org/cli-cursor 137ms (cache revalidated)
2056 silly packumentCache full:https://registry.npmjs.org/cli-cursor set size:18913 disposed:false
2057 silly fetch manifest kleur@^3.0.3
2058 silly packumentCache full:https://registry.npmjs.org/kleur cache-miss
2059 http fetch GET 200 https://registry.npmjs.org/log-symbols 150ms (cache revalidated)
2060 silly packumentCache full:https://registry.npmjs.org/log-symbols set size:31977 disposed:false
2061 silly fetch manifest sisteransi@^1.0.5
2062 silly packumentCache full:https://registry.npmjs.org/sisteransi cache-miss
2063 http fetch GET 200 https://registry.npmjs.org/cli-spinners 150ms (cache revalidated)
2064 silly packumentCache full:https://registry.npmjs.org/cli-spinners set size:67473 disposed:false
2065 silly fetch manifest ansi-escapes@^4.2.1
2066 silly packumentCache full:https://registry.npmjs.org/ansi-escapes cache-miss
2067 http fetch GET 200 https://registry.npmjs.org/@expo%2fsudo-prompt 673ms (cache revalidated)
2068 silly packumentCache full:https://registry.npmjs.org/@expo%2fsudo-prompt set size:8758 disposed:false
2069 silly fetch manifest supports-hyperlinks@^2.0.0
2070 silly packumentCache full:https://registry.npmjs.org/supports-hyperlinks cache-miss
2071 http fetch GET 200 https://registry.npmjs.org/validate-npm-package-name 443ms (cache revalidated)
2072 silly packumentCache full:https://registry.npmjs.org/validate-npm-package-name set size:51100 disposed:false
2073 http fetch GET 200 https://registry.npmjs.org/sisteransi 151ms (cache revalidated)
2074 silly packumentCache full:https://registry.npmjs.org/sisteransi set size:25723 disposed:false
2075 http fetch GET 200 https://registry.npmjs.org/safe-buffer 511ms (cache revalidated)
2076 silly packumentCache full:https://registry.npmjs.org/safe-buffer set size:41183 disposed:false
2077 http fetch GET 200 https://registry.npmjs.org/ansi-escapes 133ms (cache revalidated)
2078 silly packumentCache full:https://registry.npmjs.org/ansi-escapes set size:70915 disposed:false
2079 http fetch GET 200 https://registry.npmjs.org/supports-hyperlinks 120ms (cache revalidated)
2080 silly packumentCache full:https://registry.npmjs.org/supports-hyperlinks set size:38477 disposed:false
2081 http fetch GET 200 https://registry.npmjs.org/jimp-compact 861ms (cache revalidated)
2082 silly packumentCache full:https://registry.npmjs.org/jimp-compact set size:55876 disposed:false
2083 http fetch GET 200 https://registry.npmjs.org/kleur 503ms (cache revalidated)
2084 silly packumentCache full:https://registry.npmjs.org/kleur set size:61853 disposed:false
2085 silly placeDep ROOT @expo/sudo-prompt@9.3.2 OK for: @expo/devcert@1.2.1 want: ^9.3.1
2086 silly placeDep node_modules/@expo/devcert debug@3.2.7 OK for: @expo/devcert@1.2.1 want: ^3.1.0
2087 silly placeDep ROOT jimp-compact@0.16.1 OK for: @expo/image-utils@0.11.3 want: 0.16.1
2088 silly placeDep ROOT parse-png@2.1.0 OK for: @expo/image-utils@0.11.3 want: ^2.1.0
2089 silly fetch manifest pngjs@^3.3.0
2090 silly packumentCache full:https://registry.npmjs.org/pngjs cache-miss
2091 http fetch GET 200 https://registry.npmjs.org/pngjs 155ms (cache revalidated)
2092 silly packumentCache full:https://registry.npmjs.org/pngjs set size:70154 disposed:false
2093 silly placeDep ROOT js-yaml@4.3.0 OK for: @expo/xcpretty@4.4.4 want: ^4.1.0
2094 silly fetch manifest argparse@^2.0.1
2095 silly packumentCache full:https://registry.npmjs.org/argparse cache-miss
2096 http fetch GET 200 https://registry.npmjs.org/argparse 150ms (cache revalidated)
2097 silly packumentCache full:https://registry.npmjs.org/argparse set size:51348 disposed:false
2098 silly placeDep ROOT bytes@3.1.2 OK for: compression@1.8.1 want: 3.1.2
2099 silly placeDep ROOT compressible@2.0.18 OK for: compression@1.8.1 want: ~2.0.18
2100 silly placeDep node_modules/compression debug@2.6.9 OK for: compression@1.8.1 want: 2.6.9
2101 silly placeDep node_modules/compression negotiator@0.6.4 OK for: compression@1.8.1 want: ~0.6.4
2102 silly placeDep ROOT on-headers@1.1.0 OK for: compression@1.8.1 want: ~1.1.0
2103 silly placeDep ROOT safe-buffer@5.2.1 OK for: compression@1.8.1 want: 5.2.1
2104 silly placeDep ROOT vary@1.1.2 OK for: compression@1.8.1 want: ~1.1.2
2105 silly placeDep ROOT argparse@2.0.1 OK for: js-yaml@4.3.0 want: ^2.0.1
2106 silly placeDep ROOT hosted-git-info@7.0.2 OK for: npm-package-arg@11.0.3 want: ^7.0.0
2107 silly placeDep ROOT proc-log@4.2.0 OK for: npm-package-arg@11.0.3 want: ^4.0.0
2108 silly placeDep ROOT validate-npm-package-name@5.0.1 OK for: npm-package-arg@11.0.3 want: ^5.0.0
2109 silly fetch manifest lru-cache@^10.0.1
2110 silly packumentCache full:https://registry.npmjs.org/lru-cache cache-hit
2111 silly placeDep node_modules/hosted-git-info lru-cache@10.4.3 OK for: hosted-git-info@7.0.2 want: ^10.0.1
2112 silly placeDep node_modules/ora chalk@2.4.2 OK for: ora@3.4.0 want: ^2.4.2
2113 silly placeDep ROOT cli-cursor@2.1.0 OK for: ora@3.4.0 want: ^2.1.0
2114 silly placeDep ROOT cli-spinners@2.9.2 OK for: ora@3.4.0 want: ^2.0.0
2115 silly placeDep ROOT log-symbols@2.2.0 OK for: ora@3.4.0 want: ^2.2.0
2116 silly placeDep node_modules/ora strip-ansi@5.2.0 OK for: ora@3.4.0 want: ^5.2.0
2117 silly placeDep ROOT wcwidth@1.0.1 OK for: ora@3.4.0 want: ^1.0.1
2118 silly fetch manifest ansi-styles@^3.2.1
2119 silly packumentCache full:https://registry.npmjs.org/ansi-styles cache-hit
2120 silly fetch manifest supports-color@^5.3.0
2121 silly packumentCache full:https://registry.npmjs.org/supports-color cache-hit
2122 silly fetch manifest escape-string-regexp@^1.0.5
2123 silly packumentCache full:https://registry.npmjs.org/escape-string-regexp cache-hit
2124 silly fetch manifest restore-cursor@^2.0.0
2125 silly packumentCache full:https://registry.npmjs.org/restore-cursor cache-miss
2126 silly fetch manifest chalk@^2.0.1
2127 silly packumentCache full:https://registry.npmjs.org/chalk cache-hit
2128 silly fetch manifest ansi-regex@^4.1.0
2129 silly packumentCache full:https://registry.npmjs.org/ansi-regex cache-hit
2130 silly fetch manifest defaults@^1.0.3
2131 silly packumentCache full:https://registry.npmjs.org/defaults cache-miss
2132 http fetch GET 200 https://registry.npmjs.org/restore-cursor 125ms (cache revalidated)
2133 silly packumentCache full:https://registry.npmjs.org/restore-cursor set size:17895 disposed:false
2134 http fetch GET 200 https://registry.npmjs.org/defaults 438ms (cache revalidated)
2135 silly packumentCache full:https://registry.npmjs.org/defaults set size:18134 disposed:false
2136 silly placeDep ROOT restore-cursor@2.0.0 OK for: cli-cursor@2.1.0 want: ^2.0.0
2137 silly fetch manifest onetime@^2.0.0
2138 silly packumentCache full:https://registry.npmjs.org/onetime cache-miss
2139 silly fetch manifest signal-exit@^3.0.2
2140 silly packumentCache full:https://registry.npmjs.org/signal-exit cache-miss
2141 http fetch GET 200 https://registry.npmjs.org/signal-exit 154ms (cache revalidated)
2142 silly packumentCache full:https://registry.npmjs.org/signal-exit set size:53489 disposed:false
2143 http fetch GET 200 https://registry.npmjs.org/onetime 157ms (cache revalidated)
2144 silly packumentCache full:https://registry.npmjs.org/onetime set size:32314 disposed:false
2145 silly placeDep node_modules/log-symbols chalk@2.4.2 OK for: log-symbols@2.2.0 want: ^2.0.1
2146 silly placeDep ROOT pngjs@3.4.0 OK for: parse-png@2.1.0 want: ^3.3.0
2147 silly placeDep ROOT kleur@3.0.3 OK for: prompts@2.4.2 want: ^3.0.3
2148 silly placeDep ROOT sisteransi@1.0.5 OK for: prompts@2.4.2 want: ^1.0.5
2149 silly placeDep ROOT onetime@2.0.1 OK for: restore-cursor@2.0.0 want: ^2.0.0
2150 silly placeDep ROOT signal-exit@3.0.7 OK for: restore-cursor@2.0.0 want: ^3.0.2
2151 silly fetch manifest mimic-fn@^1.0.0
2152 silly packumentCache full:https://registry.npmjs.org/mimic-fn cache-miss
2153 http fetch GET 200 https://registry.npmjs.org/mimic-fn 150ms (cache revalidated)
2154 silly packumentCache full:https://registry.npmjs.org/mimic-fn set size:22257 disposed:false
2155 silly placeDep ROOT mimic-fn@1.2.0 OK for: onetime@2.0.1 want: ^1.0.0
2156 silly placeDep ROOT ansi-escapes@4.3.2 OK for: terminal-link@2.1.1 want: ^4.2.1
2157 silly placeDep ROOT supports-hyperlinks@2.3.0 OK for: terminal-link@2.1.1 want: ^2.0.0
2158 silly fetch manifest type-fest@^0.21.3
2159 silly packumentCache full:https://registry.npmjs.org/type-fest cache-hit
2160 silly placeDep node_modules/ansi-escapes type-fest@0.21.3 OK for: ansi-escapes@4.3.2 want: ^0.21.3
2161 silly placeDep ROOT defaults@1.0.4 OK for: wcwidth@1.0.1 want: ^1.0.3
2162 silly fetch manifest clone@^1.0.2
2163 silly packumentCache full:https://registry.npmjs.org/clone cache-miss
2164 http fetch GET 200 https://registry.npmjs.org/clone 166ms (cache revalidated)
2165 silly packumentCache full:https://registry.npmjs.org/clone set size:82973 disposed:false
2166 silly placeDep ROOT clone@1.0.4 OK for: defaults@1.0.4 want: ^1.0.2
2167 silly placeDep node_modules/compression ms@2.0.0 OK for: debug@2.6.9 want: 2.0.0
2168 silly placeDep node_modules/expo hermes-parser@0.36.1 OK for: @expo/metro-config@57.0.5 want: ^0.36.0
2169 silly placeDep ROOT lightningcss@1.32.0 OK for: @expo/metro-config@57.0.5 want: ^1.30.1
2170 silly placeDep ROOT postcss@8.5.19 OK for: @expo/metro-config@57.0.5 want: ^8.5.14
2171 silly fetch manifest hermes-estree@0.36.1
2172 silly packumentCache full:https://registry.npmjs.org/hermes-estree cache-hit
2173 silly fetch manifest detect-libc@^2.0.3
2174 silly packumentCache full:https://registry.npmjs.org/detect-libc cache-miss
2175 silly fetch manifest lightningcss-darwin-x64@1.32.0
2176 silly packumentCache full:https://registry.npmjs.org/lightningcss-darwin-x64 cache-miss
2177 silly fetch manifest lightningcss-linux-x64-gnu@1.32.0
2178 silly packumentCache full:https://registry.npmjs.org/lightningcss-linux-x64-gnu cache-miss
2179 silly fetch manifest lightningcss-win32-x64-msvc@1.32.0
2180 silly packumentCache full:https://registry.npmjs.org/lightningcss-win32-x64-msvc cache-miss
2181 silly fetch manifest lightningcss-win32-arm64-msvc@1.32.0
2182 silly packumentCache full:https://registry.npmjs.org/lightningcss-win32-arm64-msvc cache-miss
2183 silly fetch manifest lightningcss-darwin-arm64@1.32.0
2184 silly packumentCache full:https://registry.npmjs.org/lightningcss-darwin-arm64 cache-miss
2185 silly fetch manifest lightningcss-linux-arm64-gnu@1.32.0
2186 silly packumentCache full:https://registry.npmjs.org/lightningcss-linux-arm64-gnu cache-miss
2187 http fetch GET 200 https://registry.npmjs.org/lightningcss-darwin-arm64 151ms (cache revalidated)
2188 silly packumentCache full:https://registry.npmjs.org/lightningcss-darwin-arm64 set size:79276 disposed:false
2189 silly fetch manifest lightningcss-linux-arm-gnueabihf@1.32.0
2190 silly packumentCache full:https://registry.npmjs.org/lightningcss-linux-arm-gnueabihf cache-miss
2191 http fetch GET 200 https://registry.npmjs.org/lightningcss-win32-arm64-msvc 153ms (cache revalidated)
2192 silly packumentCache full:https://registry.npmjs.org/lightningcss-win32-arm64-msvc set size:26629 disposed:false
2193 silly fetch manifest lightningcss-linux-arm64-musl@1.32.0
2194 silly packumentCache full:https://registry.npmjs.org/lightningcss-linux-arm64-musl cache-miss
2195 http fetch GET 200 https://registry.npmjs.org/detect-libc 161ms (cache revalidated)
2196 silly packumentCache full:https://registry.npmjs.org/detect-libc set size:47861 disposed:false
2197 silly fetch manifest lightningcss-linux-x64-musl@1.32.0
2198 silly packumentCache full:https://registry.npmjs.org/lightningcss-linux-x64-musl cache-miss
2199 http fetch GET 200 https://registry.npmjs.org/lightningcss-linux-arm64-gnu 161ms (cache revalidated)
2200 silly packumentCache full:https://registry.npmjs.org/lightningcss-linux-arm64-gnu set size:80669 disposed:false
2201 silly fetch manifest lightningcss-freebsd-x64@1.32.0
2202 silly packumentCache full:https://registry.npmjs.org/lightningcss-freebsd-x64 cache-miss
2203 http fetch GET 200 https://registry.npmjs.org/lightningcss-darwin-x64 166ms (cache revalidated)
2204 silly packumentCache full:https://registry.npmjs.org/lightningcss-darwin-x64 set size:78694 disposed:false
2205 silly fetch manifest lightningcss-android-arm64@1.32.0
2206 silly packumentCache full:https://registry.npmjs.org/lightningcss-android-arm64 cache-miss
2207 http fetch GET 200 https://registry.npmjs.org/lightningcss-win32-x64-msvc 168ms (cache revalidated)
2208 silly packumentCache full:https://registry.npmjs.org/lightningcss-win32-x64-msvc set size:79645 disposed:false
2209 silly fetch manifest nanoid@^3.3.12
2210 silly packumentCache full:https://registry.npmjs.org/nanoid cache-miss
2211 http fetch GET 200 https://registry.npmjs.org/lightningcss-linux-x64-gnu 187ms (cache revalidated)
2212 silly packumentCache full:https://registry.npmjs.org/lightningcss-linux-x64-gnu set size:80105 disposed:false
2213 silly fetch manifest source-map-js@^1.2.1
2214 silly packumentCache full:https://registry.npmjs.org/source-map-js cache-miss
2215 http fetch GET 200 https://registry.npmjs.org/lightningcss-android-arm64 141ms (cache revalidated)
2216 silly packumentCache full:https://registry.npmjs.org/lightningcss-android-arm64 set size:7671 disposed:false
2217 http fetch GET 200 https://registry.npmjs.org/lightningcss-linux-x64-musl 155ms (cache revalidated)
2218 silly packumentCache full:https://registry.npmjs.org/lightningcss-linux-x64-musl set size:80313 disposed:false
2219 http fetch GET 200 https://registry.npmjs.org/lightningcss-linux-arm-gnueabihf 169ms (cache revalidated)
2220 silly packumentCache full:https://registry.npmjs.org/lightningcss-linux-arm-gnueabihf set size:80903 disposed:false
2221 http fetch GET 200 https://registry.npmjs.org/source-map-js 141ms (cache revalidated)
2222 silly packumentCache full:https://registry.npmjs.org/source-map-js set size:62640 disposed:false
2223 http fetch GET 200 https://registry.npmjs.org/lightningcss-linux-arm64-musl 177ms (cache revalidated)
2224 silly packumentCache full:https://registry.npmjs.org/lightningcss-linux-arm64-musl set size:80887 disposed:false
2225 http fetch GET 200 https://registry.npmjs.org/lightningcss-freebsd-x64 167ms (cache revalidated)
2226 silly packumentCache full:https://registry.npmjs.org/lightningcss-freebsd-x64 set size:42877 disposed:false
2227 http fetch GET 200 https://registry.npmjs.org/nanoid 165ms (cache revalidated)
2228 silly packumentCache full:https://registry.npmjs.org/nanoid set size:335912 disposed:false
2229 silly placeDep ROOT detect-libc@2.1.2 OK for: lightningcss@1.32.0 want: ^2.0.3
2230 silly placeDep ROOT lightningcss-android-arm64@1.32.0 OK for: lightningcss@1.32.0 want: 1.32.0
2231 silly placeDep ROOT lightningcss-darwin-arm64@1.32.0 OK for: lightningcss@1.32.0 want: 1.32.0
2232 silly placeDep ROOT lightningcss-darwin-x64@1.32.0 OK for: lightningcss@1.32.0 want: 1.32.0
2233 silly placeDep ROOT lightningcss-freebsd-x64@1.32.0 OK for: lightningcss@1.32.0 want: 1.32.0
2234 silly placeDep ROOT lightningcss-linux-arm-gnueabihf@1.32.0 OK for: lightningcss@1.32.0 want: 1.32.0
2235 silly placeDep ROOT lightningcss-linux-arm64-gnu@1.32.0 OK for: lightningcss@1.32.0 want: 1.32.0
2236 silly placeDep ROOT lightningcss-linux-arm64-musl@1.32.0 OK for: lightningcss@1.32.0 want: 1.32.0
2237 silly placeDep ROOT lightningcss-linux-x64-gnu@1.32.0 OK for: lightningcss@1.32.0 want: 1.32.0
2238 silly placeDep ROOT lightningcss-linux-x64-musl@1.32.0 OK for: lightningcss@1.32.0 want: 1.32.0
2239 silly placeDep ROOT lightningcss-win32-arm64-msvc@1.32.0 OK for: lightningcss@1.32.0 want: 1.32.0
2240 silly placeDep ROOT lightningcss-win32-x64-msvc@1.32.0 OK for: lightningcss@1.32.0 want: 1.32.0
2241 silly placeDep ROOT nanoid@3.3.16 OK for: postcss@8.5.19 want: ^3.3.12
2242 silly placeDep ROOT source-map-js@1.2.1 OK for: postcss@8.5.19 want: ^1.2.1
2243 silly placeDep node_modules/expo mime-types@2.1.35 OK for: accepts@1.3.8 want: ~2.1.34
2244 silly placeDep node_modules/expo negotiator@0.6.3 OK for: accepts@1.3.8 want: 0.6.3
2245 silly fetch manifest mime-db@1.52.0
2246 silly packumentCache full:https://registry.npmjs.org/mime-db cache-hit
2247 silly fetch manifest @babel/core@^7.0.0-0
2248 silly packumentCache full:https://registry.npmjs.org/@babel%2fcore cache-hit
2249 silly fetch manifest @babel/core@^7.12.0
2250 silly packumentCache full:https://registry.npmjs.org/@babel%2fcore cache-hit
2251 silly placeDep ROOT @babel/plugin-proposal-decorators@7.29.7 OK for: babel-preset-expo@57.0.3 want: ^7.12.9
2252 silly placeDep ROOT @babel/plugin-proposal-export-default-from@7.29.7 OK for: babel-preset-expo@57.0.3 want: ^7.24.7
2253 silly placeDep ROOT @babel/plugin-syntax-dynamic-import@7.8.3 OK for: babel-preset-expo@57.0.3 want: ^7.8.3
2254 silly placeDep ROOT @babel/plugin-syntax-export-default-from@7.29.7 OK for: babel-preset-expo@57.0.3 want: ^7.24.7
2255 silly placeDep ROOT @babel/plugin-syntax-nullish-coalescing-operator@7.8.3 OK for: babel-preset-expo@57.0.3 want: ^7.8.3
2256 silly placeDep ROOT @babel/plugin-syntax-optional-chaining@7.8.3 OK for: babel-preset-expo@57.0.3 want: ^7.8.3
2257 silly placeDep ROOT @babel/plugin-transform-async-generator-functions@7.29.7 OK for: babel-preset-expo@57.0.3 want: ^7.25.4
2258 silly placeDep ROOT @babel/plugin-transform-async-to-generator@7.29.7 OK for: babel-preset-expo@57.0.3 want: ^7.24.7
2259 silly placeDep ROOT @babel/plugin-transform-block-scoping@7.29.7 OK for: babel-preset-expo@57.0.3 want: ^7.25.0
2260 silly placeDep ROOT @babel/plugin-transform-class-properties@7.29.7 OK for: babel-preset-expo@57.0.3 want: ^7.25.4
2261 silly placeDep ROOT @babel/plugin-transform-class-static-block@7.29.7 OK for: babel-preset-expo@57.0.3 want: ^7.27.1
2262 silly placeDep ROOT @babel/plugin-transform-classes@7.29.7 OK for: babel-preset-expo@57.0.3 want: ^7.25.4
2263 silly placeDep ROOT @babel/plugin-transform-destructuring@7.29.7 OK for: babel-preset-expo@57.0.3 want: ^7.24.8
2264 silly placeDep ROOT @babel/plugin-transform-export-namespace-from@7.29.7 OK for: babel-preset-expo@57.0.3 want: ^7.25.9
2265 silly placeDep ROOT @babel/plugin-transform-flow-strip-types@7.29.7 OK for: babel-preset-expo@57.0.3 want: ^7.25.2
2266 silly placeDep ROOT @babel/plugin-transform-for-of@7.29.7 OK for: babel-preset-expo@57.0.3 want: ^7.24.7
2267 silly placeDep ROOT @babel/plugin-transform-logical-assignment-operators@7.29.7 OK for: babel-preset-expo@57.0.3 want: ^7.24.7
2268 silly placeDep ROOT @babel/plugin-transform-named-capturing-groups-regex@7.29.7 OK for: babel-preset-expo@57.0.3 want: ^7.24.7
2269 silly placeDep ROOT @babel/plugin-transform-nullish-coalescing-operator@7.29.7 OK for: babel-preset-expo@57.0.3 want: ^7.24.7
2270 silly placeDep ROOT @babel/plugin-transform-object-rest-spread@7.29.7 OK for: babel-preset-expo@57.0.3 want: ^7.24.7
2271 silly placeDep ROOT @babel/plugin-transform-optional-catch-binding@7.29.7 OK for: babel-preset-expo@57.0.3 want: ^7.24.7
2272 silly placeDep ROOT @babel/plugin-transform-optional-chaining@7.29.7 OK for: babel-preset-expo@57.0.3 want: ^7.24.8
2273 silly placeDep ROOT @babel/plugin-transform-parameters@7.29.7 OK for: babel-preset-expo@57.0.3 want: ^7.24.7
2274 silly placeDep ROOT @babel/plugin-transform-private-methods@7.29.7 OK for: babel-preset-expo@57.0.3 want: ^7.24.7
2275 silly placeDep ROOT @babel/plugin-transform-private-property-in-object@7.29.7 OK for: babel-preset-expo@57.0.3 want: ^7.24.7
2276 silly placeDep ROOT @babel/plugin-transform-react-display-name@7.29.7 OK for: babel-preset-expo@57.0.3 want: ^7.24.7
2277 silly placeDep ROOT @babel/plugin-transform-react-jsx@7.29.7 OK for: babel-preset-expo@57.0.3 want: ^7.28.6
2278 silly placeDep ROOT @babel/plugin-transform-react-jsx-development@7.29.7 OK for: babel-preset-expo@57.0.3 want: ^7.27.1
2279 silly placeDep ROOT @babel/plugin-transform-react-pure-annotations@7.29.7 OK for: babel-preset-expo@57.0.3 want: ^7.27.1
2280 silly placeDep ROOT @babel/plugin-transform-runtime@7.29.7 OK for: babel-preset-expo@57.0.3 want: ^7.24.7
2281 silly placeDep ROOT @babel/plugin-transform-typescript@7.29.7 OK for: babel-preset-expo@57.0.3 want: ^7.25.2
2282 silly placeDep ROOT @babel/plugin-transform-unicode-regex@7.29.7 OK for: babel-preset-expo@57.0.3 want: ^7.24.7
2283 silly placeDep ROOT @babel/preset-typescript@7.29.7 OK for: babel-preset-expo@57.0.3 want: ^7.23.0
2284 silly placeDep ROOT @react-native/babel-plugin-codegen@0.86.0 OK for: babel-preset-expo@57.0.3 want: 0.86.0
2285 silly placeDep ROOT babel-plugin-react-compiler@1.0.0 OK for: babel-preset-expo@57.0.3 want: ^1.0.0
2286 silly placeDep ROOT babel-plugin-react-native-web@0.21.2 OK for: babel-preset-expo@57.0.3 want: ~0.21.0
2287 silly placeDep ROOT babel-plugin-transform-flow-enums@0.0.2 OK for: babel-preset-expo@57.0.3 want: ^0.0.2
2288 silly fetch manifest @babel/plugin-syntax-decorators@^7.29.7
2289 silly packumentCache full:https://registry.npmjs.org/@babel%2fplugin-syntax-decorators cache-miss
2290 silly fetch manifest @babel/helper-create-class-features-plugin@^7.29.7
2291 silly packumentCache full:https://registry.npmjs.org/@babel%2fhelper-create-class-features-plugin cache-miss
2292 silly fetch manifest @babel/helper-remap-async-to-generator@^7.29.7
2293 silly packumentCache full:https://registry.npmjs.org/@babel%2fhelper-remap-async-to-generator cache-miss
2294 silly fetch manifest @babel/helper-remap-async-to-generator@^7.29.7
2295 silly packumentCache full:https://registry.npmjs.org/@babel%2fhelper-remap-async-to-generator cache-miss
2296 silly fetch manifest @babel/helper-create-class-features-plugin@^7.29.7
2297 silly packumentCache full:https://registry.npmjs.org/@babel%2fhelper-create-class-features-plugin cache-miss
2298 silly fetch manifest @babel/helper-create-class-features-plugin@^7.29.7
2299 silly packumentCache full:https://registry.npmjs.org/@babel%2fhelper-create-class-features-plugin cache-miss
2300 silly fetch manifest @babel/helper-replace-supers@^7.29.7
2301 silly packumentCache full:https://registry.npmjs.org/@babel%2fhelper-replace-supers cache-miss
2302 http fetch GET 200 https://registry.npmjs.org/@babel%2fhelper-create-class-features-plugin 206ms (cache revalidated)
2303 silly packumentCache full:https://registry.npmjs.org/@babel%2fhelper-create-class-features-plugin set size:382403 disposed:false
2304 silly fetch manifest @babel/helper-annotate-as-pure@^7.29.7
2305 silly packumentCache full:https://registry.npmjs.org/@babel%2fhelper-annotate-as-pure cache-miss
2306 http fetch GET 200 https://registry.npmjs.org/@babel%2fhelper-create-class-features-plugin 209ms (cache revalidated)
2307 silly packumentCache full:https://registry.npmjs.org/@babel%2fhelper-create-class-features-plugin set size:382403 disposed:false
2308 silly packumentCache full:https://registry.npmjs.org/@babel%2fhelper-create-class-features-plugin dispose
2309 silly fetch manifest @babel/plugin-syntax-flow@^7.29.7
2310 silly packumentCache full:https://registry.npmjs.org/@babel%2fplugin-syntax-flow cache-miss
2311 http fetch GET 200 https://registry.npmjs.org/@babel%2fhelper-create-class-features-plugin 230ms (cache revalidated)
2312 silly packumentCache full:https://registry.npmjs.org/@babel%2fhelper-create-class-features-plugin set size:382403 disposed:true
2313 silly packumentCache full:https://registry.npmjs.org/@babel%2fhelper-create-class-features-plugin dispose
2314 silly fetch manifest @babel/helper-skip-transparent-expression-wrappers@^7.29.7
2315 silly packumentCache full:https://registry.npmjs.org/@babel%2fhelper-skip-transparent-expression-wrappers cache-miss
2316 http fetch GET 200 https://registry.npmjs.org/@babel%2fplugin-syntax-decorators 235ms (cache revalidated)
2317 silly packumentCache full:https://registry.npmjs.org/@babel%2fplugin-syntax-decorators set size:215890 disposed:false
2318 silly fetch manifest @babel/helper-create-regexp-features-plugin@^7.29.7
2319 silly packumentCache full:https://registry.npmjs.org/@babel%2fhelper-create-regexp-features-plugin cache-miss
2320 http fetch GET 200 https://registry.npmjs.org/@babel%2fplugin-syntax-flow 133ms (cache revalidated)
2321 silly packumentCache full:https://registry.npmjs.org/@babel%2fplugin-syntax-flow set size:201006 disposed:false
2322 silly fetch manifest @babel/plugin-transform-parameters@^7.29.7
2323 silly packumentCache full:https://registry.npmjs.org/@babel%2fplugin-transform-parameters cache-hit
2324 silly fetch manifest @babel/helper-skip-transparent-expression-wrappers@^7.29.7
2325 silly packumentCache full:https://registry.npmjs.org/@babel%2fhelper-skip-transparent-expression-wrappers cache-miss
2326 http fetch GET 200 https://registry.npmjs.org/@babel%2fhelper-create-regexp-features-plugin 217ms (cache revalidated)
2327 silly packumentCache full:https://registry.npmjs.org/@babel%2fhelper-create-regexp-features-plugin set size:189184 disposed:false
2328 silly fetch manifest @babel/helper-annotate-as-pure@^7.29.7
2329 silly packumentCache full:https://registry.npmjs.org/@babel%2fhelper-annotate-as-pure cache-miss
2330 http fetch GET 200 https://registry.npmjs.org/@babel%2fhelper-replace-supers 499ms (cache revalidated)
2331 silly packumentCache full:https://registry.npmjs.org/@babel%2fhelper-replace-supers set size:270231 disposed:false
2332 silly fetch manifest @babel/plugin-syntax-jsx@^7.29.7
2333 silly packumentCache full:https://registry.npmjs.org/@babel%2fplugin-syntax-jsx cache-miss
2334 http fetch GET 200 https://registry.npmjs.org/@babel%2fhelper-annotate-as-pure 170ms (cache revalidated)
2335 silly packumentCache full:https://registry.npmjs.org/@babel%2fhelper-annotate-as-pure set size:181560 disposed:false
2336 silly fetch manifest babel-plugin-polyfill-corejs2@^0.4.14
2337 silly packumentCache full:https://registry.npmjs.org/babel-plugin-polyfill-corejs2 cache-miss
2338 http fetch GET 200 https://registry.npmjs.org/@babel%2fhelper-annotate-as-pure 424ms (cache revalidated)
2339 silly packumentCache full:https://registry.npmjs.org/@babel%2fhelper-annotate-as-pure set size:181560 disposed:false
2340 silly packumentCache full:https://registry.npmjs.org/@babel%2fhelper-annotate-as-pure dispose
2341 silly fetch manifest babel-plugin-polyfill-corejs3@^0.13.0
2342 silly packumentCache full:https://registry.npmjs.org/babel-plugin-polyfill-corejs3 cache-miss
2343 http fetch GET 200 https://registry.npmjs.org/@babel%2fplugin-syntax-jsx 155ms (cache revalidated)
2344 silly packumentCache full:https://registry.npmjs.org/@babel%2fplugin-syntax-jsx set size:194952 disposed:false
2345 silly fetch manifest babel-plugin-polyfill-regenerator@^0.6.5
2346 silly packumentCache full:https://registry.npmjs.org/babel-plugin-polyfill-regenerator cache-miss
2347 http fetch GET 200 https://registry.npmjs.org/@babel%2fhelper-remap-async-to-generator 670ms (cache revalidated)
2348 silly packumentCache full:https://registry.npmjs.org/@babel%2fhelper-remap-async-to-generator set size:230688 disposed:false
2349 silly fetch manifest @babel/plugin-syntax-typescript@^7.29.7
2350 silly packumentCache full:https://registry.npmjs.org/@babel%2fplugin-syntax-typescript cache-miss
2351 http fetch GET 200 https://registry.npmjs.org/@babel%2fhelper-remap-async-to-generator 674ms (cache revalidated)
2352 silly packumentCache full:https://registry.npmjs.org/@babel%2fhelper-remap-async-to-generator set size:230688 disposed:false
2353 silly packumentCache full:https://registry.npmjs.org/@babel%2fhelper-remap-async-to-generator dispose
2354 silly fetch manifest @babel/helper-skip-transparent-expression-wrappers@^7.29.7
2355 silly packumentCache full:https://registry.npmjs.org/@babel%2fhelper-skip-transparent-expression-wrappers cache-miss
2356 http fetch GET 200 https://registry.npmjs.org/@babel%2fhelper-skip-transparent-expression-wrappers 359ms (cache revalidated)
2357 silly packumentCache full:https://registry.npmjs.org/@babel%2fhelper-skip-transparent-expression-wrappers set size:105696 disposed:false
2358 silly fetch manifest @babel/plugin-syntax-flow@^7.12.1
2359 silly packumentCache full:https://registry.npmjs.org/@babel%2fplugin-syntax-flow cache-hit
2360 http fetch GET 200 https://registry.npmjs.org/@babel%2fhelper-skip-transparent-expression-wrappers 484ms (cache revalidated)
2361 silly packumentCache full:https://registry.npmjs.org/@babel%2fhelper-skip-transparent-expression-wrappers set size:105696 disposed:false
2362 silly packumentCache full:https://registry.npmjs.org/@babel%2fhelper-skip-transparent-expression-wrappers dispose
2363 http fetch GET 200 https://registry.npmjs.org/babel-plugin-polyfill-corejs2 132ms (cache revalidated)
2364 silly packumentCache full:https://registry.npmjs.org/babel-plugin-polyfill-corejs2 set size:116417 disposed:false
2365 http fetch GET 200 https://registry.npmjs.org/babel-plugin-polyfill-corejs3 136ms (cache revalidated)
2366 silly packumentCache full:https://registry.npmjs.org/babel-plugin-polyfill-corejs3 set size:154739 disposed:false
2367 http fetch GET 200 https://registry.npmjs.org/babel-plugin-polyfill-regenerator 141ms (cache revalidated)
2368 silly packumentCache full:https://registry.npmjs.org/babel-plugin-polyfill-regenerator set size:101432 disposed:false
2369 http fetch GET 200 https://registry.npmjs.org/@babel%2fhelper-skip-transparent-expression-wrappers 148ms (cache revalidated)
2370 silly packumentCache full:https://registry.npmjs.org/@babel%2fhelper-skip-transparent-expression-wrappers set size:105696 disposed:true
2371 silly packumentCache full:https://registry.npmjs.org/@babel%2fhelper-skip-transparent-expression-wrappers dispose
2372 http fetch GET 200 https://registry.npmjs.org/@babel%2fplugin-syntax-typescript 475ms (cache revalidated)
2373 silly packumentCache full:https://registry.npmjs.org/@babel%2fplugin-syntax-typescript set size:221236 disposed:false
2374 silly placeDep ROOT @babel/helper-create-class-features-plugin@7.29.7 OK for: @babel/plugin-proposal-decorators@7.29.7 want: ^7.29.7
2375 silly placeDep ROOT @babel/plugin-syntax-decorators@7.29.7 OK for: @babel/plugin-proposal-decorators@7.29.7 want: ^7.29.7
2376 silly fetch manifest @babel/helper-optimise-call-expression@^7.29.7
2377 silly packumentCache full:https://registry.npmjs.org/@babel%2fhelper-optimise-call-expression cache-miss
2378 silly fetch manifest @babel/helper-member-expression-to-functions@^7.29.7
2379 silly packumentCache full:https://registry.npmjs.org/@babel%2fhelper-member-expression-to-functions cache-miss
2380 http fetch GET 200 https://registry.npmjs.org/@babel%2fhelper-member-expression-to-functions 160ms (cache revalidated)
2381 silly packumentCache full:https://registry.npmjs.org/@babel%2fhelper-member-expression-to-functions set size:229230 disposed:false
2382 http fetch GET 200 https://registry.npmjs.org/@babel%2fhelper-optimise-call-expression 884ms (cache revalidated)
2383 silly packumentCache full:https://registry.npmjs.org/@babel%2fhelper-optimise-call-expression set size:193007 disposed:false
2384 silly placeDep ROOT @babel/helper-annotate-as-pure@7.29.7 OK for: @babel/helper-create-class-features-plugin@7.29.7 want: ^7.29.7
2385 silly placeDep ROOT @babel/helper-member-expression-to-functions@7.29.7 OK for: @babel/helper-create-class-features-plugin@7.29.7 want: ^7.29.7
2386 silly placeDep ROOT @babel/helper-optimise-call-expression@7.29.7 OK for: @babel/helper-create-class-features-plugin@7.29.7 want: ^7.29.7
2387 silly placeDep ROOT @babel/helper-replace-supers@7.29.7 OK for: @babel/helper-create-class-features-plugin@7.29.7 want: ^7.29.7
2388 silly placeDep ROOT @babel/helper-skip-transparent-expression-wrappers@7.29.7 OK for: @babel/helper-create-class-features-plugin@7.29.7 want: ^7.29.7
2389 silly placeDep node_modules/@babel/helper-create-class-features-plugin semver@6.3.1 OK for: @babel/helper-create-class-features-plugin@7.29.7 want: ^6.3.1
2390 silly placeDep ROOT @babel/helper-remap-async-to-generator@7.29.7 OK for: @babel/plugin-transform-async-generator-functions@7.29.7 want: ^7.29.7
2391 silly fetch manifest @babel/helper-wrap-function@^7.29.7
2392 silly packumentCache full:https://registry.npmjs.org/@babel%2fhelper-wrap-function cache-miss
2393 http fetch GET 200 https://registry.npmjs.org/@babel%2fhelper-wrap-function 442ms (cache revalidated)
2394 silly packumentCache full:https://registry.npmjs.org/@babel%2fhelper-wrap-function set size:224861 disposed:false
2395 silly placeDep ROOT @babel/helper-wrap-function@7.29.7 OK for: @babel/helper-remap-async-to-generator@7.29.7 want: ^7.29.7
2396 silly placeDep ROOT @babel/plugin-syntax-flow@7.29.7 OK for: @babel/plugin-transform-flow-strip-types@7.29.7 want: ^7.29.7
2397 silly placeDep ROOT @babel/helper-create-regexp-features-plugin@7.29.7 OK for: @babel/plugin-transform-named-capturing-groups-regex@7.29.7 want: ^7.29.7
2398 silly fetch manifest regexpu-core@^6.3.1
2399 silly packumentCache full:https://registry.npmjs.org/regexpu-core cache-miss
2400 http fetch GET 200 https://registry.npmjs.org/regexpu-core 139ms (cache revalidated)
2401 silly packumentCache full:https://registry.npmjs.org/regexpu-core set size:156240 disposed:false
2402 silly placeDep ROOT regexpu-core@6.4.0 OK for: @babel/helper-create-regexp-features-plugin@7.29.7 want: ^6.3.1
2403 silly placeDep node_modules/@babel/helper-create-regexp-features-plugin semver@6.3.1 OK for: @babel/helper-create-regexp-features-plugin@7.29.7 want: ^6.3.1
2404 silly fetch manifest regenerate@^1.4.2
2405 silly packumentCache full:https://registry.npmjs.org/regenerate cache-miss
2406 silly fetch manifest regenerate-unicode-properties@^10.2.2
2407 silly packumentCache full:https://registry.npmjs.org/regenerate-unicode-properties cache-miss
2408 silly fetch manifest regjsgen@^0.8.0
2409 silly packumentCache full:https://registry.npmjs.org/regjsgen cache-miss
2410 silly fetch manifest regjsparser@^0.13.0
2411 silly packumentCache full:https://registry.npmjs.org/regjsparser cache-miss
2412 silly fetch manifest unicode-match-property-ecmascript@^2.0.0
2413 silly packumentCache full:https://registry.npmjs.org/unicode-match-property-ecmascript cache-miss
2414 silly fetch manifest unicode-match-property-value-ecmascript@^2.2.1
2415 silly packumentCache full:https://registry.npmjs.org/unicode-match-property-value-ecmascript cache-miss
2416 http fetch GET 200 https://registry.npmjs.org/regenerate 164ms (cache revalidated)
2417 silly packumentCache full:https://registry.npmjs.org/regenerate set size:56872 disposed:false
2418 http fetch GET 200 https://registry.npmjs.org/unicode-match-property-value-ecmascript 167ms (cache revalidated)
2419 silly packumentCache full:https://registry.npmjs.org/unicode-match-property-value-ecmascript set size:26439 disposed:false
2420 http fetch GET 200 https://registry.npmjs.org/unicode-match-property-ecmascript 181ms (cache revalidated)
2421 silly packumentCache full:https://registry.npmjs.org/unicode-match-property-ecmascript set size:16934 disposed:false
2422 http fetch GET 200 https://registry.npmjs.org/regenerate-unicode-properties 182ms (cache revalidated)
2423 silly packumentCache full:https://registry.npmjs.org/regenerate-unicode-properties set size:78166 disposed:false
2424 http fetch GET 200 https://registry.npmjs.org/regjsparser 184ms (cache revalidated)
2425 silly packumentCache full:https://registry.npmjs.org/regjsparser set size:85785 disposed:false
2426 http fetch GET 200 https://registry.npmjs.org/regjsgen 187ms (cache revalidated)
2427 silly packumentCache full:https://registry.npmjs.org/regjsgen set size:26409 disposed:false
2428 silly placeDep ROOT @babel/plugin-syntax-jsx@7.29.7 OK for: @babel/plugin-transform-react-jsx@7.29.7 want: ^7.29.7
2429 silly placeDep ROOT babel-plugin-polyfill-corejs2@0.4.17 OK for: @babel/plugin-transform-runtime@7.29.7 want: ^0.4.14
2430 silly placeDep ROOT babel-plugin-polyfill-corejs3@0.13.0 OK for: @babel/plugin-transform-runtime@7.29.7 want: ^0.13.0
2431 silly placeDep ROOT babel-plugin-polyfill-regenerator@0.6.8 OK for: @babel/plugin-transform-runtime@7.29.7 want: ^0.6.5
2432 silly placeDep node_modules/@babel/plugin-transform-runtime semver@6.3.1 OK for: @babel/plugin-transform-runtime@7.29.7 want: ^6.3.1
2433 silly fetch manifest @babel/helper-define-polyfill-provider@^0.6.8
2434 silly packumentCache full:https://registry.npmjs.org/@babel%2fhelper-define-polyfill-provider cache-miss
2435 silly fetch manifest core-js-compat@^3.43.0
2436 silly packumentCache full:https://registry.npmjs.org/core-js-compat cache-miss
2437 silly fetch manifest @babel/helper-define-polyfill-provider@^0.6.5
2438 silly packumentCache full:https://registry.npmjs.org/@babel%2fhelper-define-polyfill-provider cache-miss
2439 silly fetch manifest @babel/helper-define-polyfill-provider@^0.6.8
2440 silly packumentCache full:https://registry.npmjs.org/@babel%2fhelper-define-polyfill-provider cache-miss
2441 http fetch GET 200 https://registry.npmjs.org/core-js-compat 228ms (cache revalidated)
2442 silly packumentCache full:https://registry.npmjs.org/core-js-compat set size:345744 disposed:false
2443 http fetch GET 200 https://registry.npmjs.org/@babel%2fhelper-define-polyfill-provider 231ms (cache revalidated)
2444 silly packumentCache full:https://registry.npmjs.org/@babel%2fhelper-define-polyfill-provider set size:119317 disposed:false
2445 http fetch GET 200 https://registry.npmjs.org/@babel%2fhelper-define-polyfill-provider 234ms (cache revalidated)
2446 silly packumentCache full:https://registry.npmjs.org/@babel%2fhelper-define-polyfill-provider set size:119317 disposed:false
2447 silly packumentCache full:https://registry.npmjs.org/@babel%2fhelper-define-polyfill-provider dispose
2448 http fetch GET 200 https://registry.npmjs.org/@babel%2fhelper-define-polyfill-provider 236ms (cache revalidated)
2449 silly packumentCache full:https://registry.npmjs.org/@babel%2fhelper-define-polyfill-provider set size:119317 disposed:true
2450 silly packumentCache full:https://registry.npmjs.org/@babel%2fhelper-define-polyfill-provider dispose
2451 silly placeDep ROOT @babel/plugin-syntax-typescript@7.29.7 OK for: @babel/plugin-transform-typescript@7.29.7 want: ^7.29.7
2452 silly fetch manifest @babel/core@^7.4.0 || ^8.0.0-0 <8.0.0
2453 silly packumentCache full:https://registry.npmjs.org/@babel%2fcore cache-hit
2454 silly placeDep ROOT @babel/helper-define-polyfill-provider@0.6.8 OK for: babel-plugin-polyfill-corejs2@0.4.17 want: ^0.6.8
2455 silly placeDep node_modules/babel-plugin-polyfill-corejs2 semver@6.3.1 OK for: babel-plugin-polyfill-corejs2@0.4.17 want: ^6.3.1
2456 silly fetch manifest resolve@^1.22.11
2457 silly packumentCache full:https://registry.npmjs.org/resolve cache-miss
2458 silly fetch manifest lodash.debounce@^4.0.8
2459 silly packumentCache full:https://registry.npmjs.org/lodash.debounce cache-miss
2460 http fetch GET 200 https://registry.npmjs.org/lodash.debounce 176ms (cache revalidated)
2461 silly packumentCache full:https://registry.npmjs.org/lodash.debounce set size:44123 disposed:false
2462 http fetch GET 200 https://registry.npmjs.org/resolve 179ms (cache revalidated)
2463 silly packumentCache full:https://registry.npmjs.org/resolve set size:244568 disposed:false
2464 silly placeDep ROOT lodash.debounce@4.0.8 OK for: @babel/helper-define-polyfill-provider@0.6.8 want: ^4.0.8
2465 silly placeDep ROOT resolve@1.22.12 OK for: @babel/helper-define-polyfill-provider@0.6.8 want: ^1.22.11
2466 silly fetch manifest es-errors@^1.3.0
2467 silly packumentCache full:https://registry.npmjs.org/es-errors cache-miss
2468 silly fetch manifest path-parse@^1.0.7
2469 silly packumentCache full:https://registry.npmjs.org/path-parse cache-miss
2470 silly fetch manifest is-core-module@^2.16.1
2471 silly packumentCache full:https://registry.npmjs.org/is-core-module cache-miss
2472 silly fetch manifest supports-preserve-symlinks-flag@^1.0.0
2473 silly packumentCache full:https://registry.npmjs.org/supports-preserve-symlinks-flag cache-miss
2474 http fetch GET 200 https://registry.npmjs.org/es-errors 132ms (cache revalidated)
2475 silly packumentCache full:https://registry.npmjs.org/es-errors set size:16918 disposed:false
2476 http fetch GET 200 https://registry.npmjs.org/is-core-module 137ms (cache revalidated)
2477 silly packumentCache full:https://registry.npmjs.org/is-core-module set size:74378 disposed:false
2478 http fetch GET 200 https://registry.npmjs.org/supports-preserve-symlinks-flag 143ms (cache revalidated)
2479 silly packumentCache full:https://registry.npmjs.org/supports-preserve-symlinks-flag set size:6802 disposed:false
2480 http fetch GET 200 https://registry.npmjs.org/path-parse 159ms (cache revalidated)
2481 silly packumentCache full:https://registry.npmjs.org/path-parse set size:14523 disposed:false
2482 silly placeDep ROOT core-js-compat@3.49.0 OK for: babel-plugin-polyfill-corejs3@0.13.0 want: ^3.43.0
2483 silly placeDep ROOT regenerate@1.4.2 OK for: regexpu-core@6.4.0 want: ^1.4.2
2484 silly placeDep ROOT regenerate-unicode-properties@10.2.2 OK for: regexpu-core@6.4.0 want: ^10.2.2
2485 silly placeDep ROOT regjsgen@0.8.0 OK for: regexpu-core@6.4.0 want: ^0.8.0
2486 silly placeDep ROOT regjsparser@0.13.2 OK for: regexpu-core@6.4.0 want: ^0.13.0
2487 silly placeDep ROOT unicode-match-property-ecmascript@2.0.0 OK for: regexpu-core@6.4.0 want: ^2.0.0
2488 silly placeDep ROOT unicode-match-property-value-ecmascript@2.2.1 OK for: regexpu-core@6.4.0 want: ^2.2.1
2489 silly fetch manifest unicode-canonical-property-names-ecmascript@^2.0.0
2490 silly packumentCache full:https://registry.npmjs.org/unicode-canonical-property-names-ecmascript cache-miss
2491 silly fetch manifest unicode-property-aliases-ecmascript@^2.0.0
2492 silly packumentCache full:https://registry.npmjs.org/unicode-property-aliases-ecmascript cache-miss
2493 http fetch GET 200 https://registry.npmjs.org/unicode-canonical-property-names-ecmascript 140ms (cache revalidated)
2494 silly packumentCache full:https://registry.npmjs.org/unicode-canonical-property-names-ecmascript set size:17227 disposed:false
2495 http fetch GET 200 https://registry.npmjs.org/unicode-property-aliases-ecmascript 1032ms (cache revalidated)
2496 silly packumentCache full:https://registry.npmjs.org/unicode-property-aliases-ecmascript set size:28095 disposed:false
2497 silly placeDep ROOT es-errors@1.3.0 OK for: resolve@1.22.12 want: ^1.3.0
2498 silly placeDep ROOT is-core-module@2.16.2 OK for: resolve@1.22.12 want: ^2.16.1
2499 silly placeDep ROOT path-parse@1.0.7 OK for: resolve@1.22.12 want: ^1.0.7
2500 silly placeDep ROOT supports-preserve-symlinks-flag@1.0.0 OK for: resolve@1.22.12 want: ^1.0.0
2501 silly fetch manifest hasown@^2.0.3
2502 silly packumentCache full:https://registry.npmjs.org/hasown cache-miss
2503 http fetch GET 200 https://registry.npmjs.org/hasown 146ms (cache revalidated)
2504 silly packumentCache full:https://registry.npmjs.org/hasown set size:18361 disposed:false
2505 silly placeDep ROOT hasown@2.0.4 OK for: is-core-module@2.16.2 want: ^2.0.3
2506 silly fetch manifest function-bind@^1.1.2
2507 silly packumentCache full:https://registry.npmjs.org/function-bind cache-miss
2508 http fetch GET 200 https://registry.npmjs.org/function-bind 146ms (cache revalidated)
2509 silly packumentCache full:https://registry.npmjs.org/function-bind set size:15733 disposed:false
2510 silly placeDep ROOT function-bind@1.1.2 OK for: hasown@2.0.4 want: ^1.1.2
2511 silly placeDep ROOT unicode-canonical-property-names-ecmascript@2.0.1 OK for: unicode-match-property-ecmascript@2.0.0 want: ^2.0.0
2512 silly placeDep ROOT unicode-property-aliases-ecmascript@2.2.0 OK for: unicode-match-property-ecmascript@2.0.0 want: ^2.0.0
2513 silly placeDep ROOT fontfaceobserver@2.3.0 OK for: expo-font@57.0.1 want: ^2.1.0
2514 silly placeDep node_modules/expo hermes-estree@0.36.1 OK for: hermes-parser@0.36.1 want: 0.36.1
2515 silly placeDep node_modules/expo mime-db@1.52.0 OK for: mime-types@2.1.35 want: 1.52.0
2516 silly placeDep node_modules/finalhandler ms@2.0.0 OK for: debug@2.6.9 want: 2.0.0
2517 silly placeDep node_modules/lighthouse-logger ms@2.0.0 OK for: debug@2.6.9 want: 2.0.0
2518 silly placeDep node_modules/log-symbols ansi-styles@3.2.1 OK for: chalk@2.4.2 want: ^3.2.1
2519 silly placeDep node_modules/log-symbols escape-string-regexp@1.0.5 OK for: chalk@2.4.2 want: ^1.0.5
2520 silly placeDep node_modules/log-symbols supports-color@5.5.0 OK for: chalk@2.4.2 want: ^5.3.0
2521 silly fetch manifest color-convert@^1.9.0
2522 silly packumentCache full:https://registry.npmjs.org/color-convert cache-hit
2523 silly fetch manifest has-flag@^3.0.0
2524 silly packumentCache full:https://registry.npmjs.org/has-flag cache-hit
2525 silly placeDep node_modules/log-symbols color-convert@1.9.3 OK for: ansi-styles@3.2.1 want: ^1.9.0
2526 silly fetch manifest color-name@1.1.3
2527 silly packumentCache full:https://registry.npmjs.org/color-name cache-hit
2528 silly placeDep node_modules/log-symbols color-name@1.1.3 OK for: color-convert@1.9.3 want: 1.1.3
2529 silly placeDep node_modules/log-symbols has-flag@3.0.0 OK for: supports-color@5.5.0 want: ^3.0.0
2530 silly placeDep node_modules/ora ansi-styles@3.2.1 OK for: chalk@2.4.2 want: ^3.2.1
2531 silly placeDep node_modules/ora escape-string-regexp@1.0.5 OK for: chalk@2.4.2 want: ^1.0.5
2532 silly placeDep node_modules/ora supports-color@5.5.0 OK for: chalk@2.4.2 want: ^5.3.0
2533 silly placeDep node_modules/ora color-convert@1.9.3 OK for: ansi-styles@3.2.1 want: ^1.9.0
2534 silly placeDep node_modules/ora color-name@1.1.3 OK for: color-convert@1.9.3 want: 1.1.3
2535 silly placeDep node_modules/ora ansi-regex@4.1.1 OK for: strip-ansi@5.2.0 want: ^4.1.0
2536 silly placeDep node_modules/ora has-flag@3.0.0 OK for: supports-color@5.5.0 want: ^3.0.0
2537 silly placeDep node_modules/send/node_modules/debug ms@2.0.0 OK for: debug@2.6.9 want: 2.0.0
2538 silly reify moves {}
2539 http cache fontfaceobserver@https://registry.npmjs.org/fontfaceobserver/-/fontfaceobserver-2.3.0.tgz 0ms (cache hit)
2540 http cache function-bind@https://registry.npmjs.org/function-bind/-/function-bind-1.1.2.tgz 0ms (cache hit)
2541 http cache unicode-property-aliases-ecmascript@https://registry.npmjs.org/unicode-property-aliases-ecmascript/-/unicode-property-aliases-ecmascript-2.2.0.tgz 0ms (cache hit)
2542 http cache unicode-canonical-property-names-ecmascript@https://registry.npmjs.org/unicode-canonical-property-names-ecmascript/-/unicode-canonical-property-names-ecmascript-2.0.1.tgz 0ms (cache hit)
2543 http cache hasown@https://registry.npmjs.org/hasown/-/hasown-2.0.4.tgz 0ms (cache hit)
2544 http cache supports-preserve-symlinks-flag@https://registry.npmjs.org/supports-preserve-symlinks-flag/-/supports-preserve-symlinks-flag-1.0.0.tgz 0ms (cache hit)
2545 http cache path-parse@https://registry.npmjs.org/path-parse/-/path-parse-1.0.7.tgz 0ms (cache hit)
2546 http cache is-core-module@https://registry.npmjs.org/is-core-module/-/is-core-module-2.16.2.tgz 0ms (cache hit)
2547 http cache es-errors@https://registry.npmjs.org/es-errors/-/es-errors-1.3.0.tgz 0ms (cache hit)
2548 http cache unicode-match-property-ecmascript@https://registry.npmjs.org/unicode-match-property-ecmascript/-/unicode-match-property-ecmascript-2.0.0.tgz 0ms (cache hit)
2549 http cache regjsgen@https://registry.npmjs.org/regjsgen/-/regjsgen-0.8.0.tgz 0ms (cache hit)
2550 http cache regjsparser@https://registry.npmjs.org/regjsparser/-/regjsparser-0.13.2.tgz 0ms (cache hit)
2551 http cache unicode-match-property-value-ecmascript@https://registry.npmjs.org/unicode-match-property-value-ecmascript/-/unicode-match-property-value-ecmascript-2.2.1.tgz 0ms (cache hit)
2552 http cache regenerate-unicode-properties@https://registry.npmjs.org/regenerate-unicode-properties/-/regenerate-unicode-properties-10.2.2.tgz 0ms (cache hit)
2553 http cache regenerate@https://registry.npmjs.org/regenerate/-/regenerate-1.4.2.tgz 0ms (cache hit)
2554 http cache core-js-compat@https://registry.npmjs.org/core-js-compat/-/core-js-compat-3.49.0.tgz 0ms (cache hit)
2555 http cache lodash.debounce@https://registry.npmjs.org/lodash.debounce/-/lodash.debounce-4.0.8.tgz 0ms (cache hit)
2556 http cache resolve@https://registry.npmjs.org/resolve/-/resolve-1.22.12.tgz 0ms (cache hit)
2557 http cache @babel/plugin-syntax-typescript@https://registry.npmjs.org/@babel/plugin-syntax-typescript/-/plugin-syntax-typescript-7.29.7.tgz 0ms (cache hit)
2558 http cache @babel/helper-define-polyfill-provider@https://registry.npmjs.org/@babel/helper-define-polyfill-provider/-/helper-define-polyfill-provider-0.6.8.tgz 2ms (cache hit)
2559 http cache babel-plugin-polyfill-regenerator@https://registry.npmjs.org/babel-plugin-polyfill-regenerator/-/babel-plugin-polyfill-regenerator-0.6.8.tgz 0ms (cache hit)
2560 http cache babel-plugin-polyfill-corejs3@https://registry.npmjs.org/babel-plugin-polyfill-corejs3/-/babel-plugin-polyfill-corejs3-0.13.0.tgz 0ms (cache hit)
2561 http cache babel-plugin-polyfill-corejs2@https://registry.npmjs.org/babel-plugin-polyfill-corejs2/-/babel-plugin-polyfill-corejs2-0.4.17.tgz 0ms (cache hit)
2562 http cache regexpu-core@https://registry.npmjs.org/regexpu-core/-/regexpu-core-6.4.0.tgz 0ms (cache hit)
2563 http cache @babel/plugin-syntax-jsx@https://registry.npmjs.org/@babel/plugin-syntax-jsx/-/plugin-syntax-jsx-7.29.7.tgz 0ms (cache hit)
2564 http cache @babel/helper-create-regexp-features-plugin@https://registry.npmjs.org/@babel/helper-create-regexp-features-plugin/-/helper-create-regexp-features-plugin-7.29.7.tgz 0ms (cache hit)
2565 http cache @babel/plugin-syntax-flow@https://registry.npmjs.org/@babel/plugin-syntax-flow/-/plugin-syntax-flow-7.29.7.tgz 0ms (cache hit)
2566 http cache @babel/helper-wrap-function@https://registry.npmjs.org/@babel/helper-wrap-function/-/helper-wrap-function-7.29.7.tgz 0ms (cache hit)
2567 http cache @babel/helper-remap-async-to-generator@https://registry.npmjs.org/@babel/helper-remap-async-to-generator/-/helper-remap-async-to-generator-7.29.7.tgz 0ms (cache hit)
2568 http cache @babel/helper-skip-transparent-expression-wrappers@https://registry.npmjs.org/@babel/helper-skip-transparent-expression-wrappers/-/helper-skip-transparent-expression-wrappers-7.29.7.tgz 0ms (cache hit)
2569 http cache @babel/helper-replace-supers@https://registry.npmjs.org/@babel/helper-replace-supers/-/helper-replace-supers-7.29.7.tgz 0ms (cache hit)
2570 http cache @babel/helper-optimise-call-expression@https://registry.npmjs.org/@babel/helper-optimise-call-expression/-/helper-optimise-call-expression-7.29.7.tgz 0ms (cache hit)
2571 http cache @babel/helper-member-expression-to-functions@https://registry.npmjs.org/@babel/helper-member-expression-to-functions/-/helper-member-expression-to-functions-7.29.7.tgz 0ms (cache hit)
2572 http cache @babel/helper-annotate-as-pure@https://registry.npmjs.org/@babel/helper-annotate-as-pure/-/helper-annotate-as-pure-7.29.7.tgz 0ms (cache hit)
2573 http cache @babel/plugin-syntax-decorators@https://registry.npmjs.org/@babel/plugin-syntax-decorators/-/plugin-syntax-decorators-7.29.7.tgz 0ms (cache hit)
2574 http cache @babel/helper-create-class-features-plugin@https://registry.npmjs.org/@babel/helper-create-class-features-plugin/-/helper-create-class-features-plugin-7.29.7.tgz 0ms (cache hit)
2575 http cache babel-plugin-transform-flow-enums@https://registry.npmjs.org/babel-plugin-transform-flow-enums/-/babel-plugin-transform-flow-enums-0.0.2.tgz 0ms (cache hit)
2576 http cache babel-plugin-react-native-web@https://registry.npmjs.org/babel-plugin-react-native-web/-/babel-plugin-react-native-web-0.21.2.tgz 0ms (cache hit)
2577 http cache @react-native/babel-plugin-codegen@https://registry.npmjs.org/@react-native/babel-plugin-codegen/-/babel-plugin-codegen-0.86.0.tgz 0ms (cache hit)
2578 http cache babel-plugin-react-compiler@https://registry.npmjs.org/babel-plugin-react-compiler/-/babel-plugin-react-compiler-1.0.0.tgz 0ms (cache hit)
2579 http cache @babel/preset-typescript@https://registry.npmjs.org/@babel/preset-typescript/-/preset-typescript-7.29.7.tgz 0ms (cache hit)
2580 http cache @babel/plugin-transform-unicode-regex@https://registry.npmjs.org/@babel/plugin-transform-unicode-regex/-/plugin-transform-unicode-regex-7.29.7.tgz 0ms (cache hit)
2581 http cache @babel/plugin-transform-runtime@https://registry.npmjs.org/@babel/plugin-transform-runtime/-/plugin-transform-runtime-7.29.7.tgz 0ms (cache hit)
2582 http cache @babel/plugin-transform-typescript@https://registry.npmjs.org/@babel/plugin-transform-typescript/-/plugin-transform-typescript-7.29.7.tgz 0ms (cache hit)
2583 http cache @babel/plugin-transform-react-pure-annotations@https://registry.npmjs.org/@babel/plugin-transform-react-pure-annotations/-/plugin-transform-react-pure-annotations-7.29.7.tgz 1ms (cache hit)
2584 http cache @babel/plugin-transform-react-jsx@https://registry.npmjs.org/@babel/plugin-transform-react-jsx/-/plugin-transform-react-jsx-7.29.7.tgz 0ms (cache hit)
2585 http cache @babel/plugin-transform-react-display-name@https://registry.npmjs.org/@babel/plugin-transform-react-display-name/-/plugin-transform-react-display-name-7.29.7.tgz 0ms (cache hit)
2586 http cache @babel/plugin-transform-private-property-in-object@https://registry.npmjs.org/@babel/plugin-transform-private-property-in-object/-/plugin-transform-private-property-in-object-7.29.7.tgz 0ms (cache hit)
2587 http cache @babel/plugin-transform-parameters@https://registry.npmjs.org/@babel/plugin-transform-parameters/-/plugin-transform-parameters-7.29.7.tgz 0ms (cache hit)
2588 http cache @babel/plugin-transform-private-methods@https://registry.npmjs.org/@babel/plugin-transform-private-methods/-/plugin-transform-private-methods-7.29.7.tgz 0ms (cache hit)
2589 http cache @babel/plugin-transform-object-rest-spread@https://registry.npmjs.org/@babel/plugin-transform-object-rest-spread/-/plugin-transform-object-rest-spread-7.29.7.tgz 0ms (cache hit)
2590 http cache @babel/plugin-transform-optional-chaining@https://registry.npmjs.org/@babel/plugin-transform-optional-chaining/-/plugin-transform-optional-chaining-7.29.7.tgz 0ms (cache hit)
2591 http cache @babel/plugin-transform-optional-catch-binding@https://registry.npmjs.org/@babel/plugin-transform-optional-catch-binding/-/plugin-transform-optional-catch-binding-7.29.7.tgz 0ms (cache hit)
2592 http cache @babel/plugin-transform-nullish-coalescing-operator@https://registry.npmjs.org/@babel/plugin-transform-nullish-coalescing-operator/-/plugin-transform-nullish-coalescing-operator-7.29.7.tgz 0ms (cache hit)
2593 http cache @babel/plugin-transform-react-jsx-development@https://registry.npmjs.org/@babel/plugin-transform-react-jsx-development/-/plugin-transform-react-jsx-development-7.29.7.tgz 0ms (cache hit)
2594 http cache @babel/plugin-transform-named-capturing-groups-regex@https://registry.npmjs.org/@babel/plugin-transform-named-capturing-groups-regex/-/plugin-transform-named-capturing-groups-regex-7.29.7.tgz 0ms (cache hit)
2595 http cache @babel/plugin-transform-logical-assignment-operators@https://registry.npmjs.org/@babel/plugin-transform-logical-assignment-operators/-/plugin-transform-logical-assignment-operators-7.29.7.tgz 0ms (cache hit)
2596 http cache @babel/plugin-transform-flow-strip-types@https://registry.npmjs.org/@babel/plugin-transform-flow-strip-types/-/plugin-transform-flow-strip-types-7.29.7.tgz 0ms (cache hit)
2597 http cache @babel/plugin-transform-export-namespace-from@https://registry.npmjs.org/@babel/plugin-transform-export-namespace-from/-/plugin-transform-export-namespace-from-7.29.7.tgz 0ms (cache hit)
2598 http cache @babel/plugin-transform-destructuring@https://registry.npmjs.org/@babel/plugin-transform-destructuring/-/plugin-transform-destructuring-7.29.7.tgz 0ms (cache hit)
2599 http cache @babel/plugin-transform-classes@https://registry.npmjs.org/@babel/plugin-transform-classes/-/plugin-transform-classes-7.29.7.tgz 0ms (cache hit)
2600 http cache @babel/plugin-transform-for-of@https://registry.npmjs.org/@babel/plugin-transform-for-of/-/plugin-transform-for-of-7.29.7.tgz 0ms (cache hit)
2601 http cache @babel/plugin-transform-class-properties@https://registry.npmjs.org/@babel/plugin-transform-class-properties/-/plugin-transform-class-properties-7.29.7.tgz 0ms (cache hit)
2602 http cache @babel/plugin-transform-class-static-block@https://registry.npmjs.org/@babel/plugin-transform-class-static-block/-/plugin-transform-class-static-block-7.29.7.tgz 0ms (cache hit)
2603 http cache @babel/plugin-transform-block-scoping@https://registry.npmjs.org/@babel/plugin-transform-block-scoping/-/plugin-transform-block-scoping-7.29.7.tgz 0ms (cache hit)
2604 http cache @babel/plugin-transform-async-generator-functions@https://registry.npmjs.org/@babel/plugin-transform-async-generator-functions/-/plugin-transform-async-generator-functions-7.29.7.tgz 0ms (cache hit)
2605 http cache @babel/plugin-transform-async-to-generator@https://registry.npmjs.org/@babel/plugin-transform-async-to-generator/-/plugin-transform-async-to-generator-7.29.7.tgz 0ms (cache hit)
2606 http cache @babel/plugin-syntax-nullish-coalescing-operator@https://registry.npmjs.org/@babel/plugin-syntax-nullish-coalescing-operator/-/plugin-syntax-nullish-coalescing-operator-7.8.3.tgz 0ms (cache hit)
2607 http cache @babel/plugin-syntax-optional-chaining@https://registry.npmjs.org/@babel/plugin-syntax-optional-chaining/-/plugin-syntax-optional-chaining-7.8.3.tgz 0ms (cache hit)
2608 http cache @babel/plugin-syntax-export-default-from@https://registry.npmjs.org/@babel/plugin-syntax-export-default-from/-/plugin-syntax-export-default-from-7.29.7.tgz 0ms (cache hit)
2609 http cache @babel/plugin-syntax-dynamic-import@https://registry.npmjs.org/@babel/plugin-syntax-dynamic-import/-/plugin-syntax-dynamic-import-7.8.3.tgz 0ms (cache hit)
2610 http cache @babel/plugin-proposal-export-default-from@https://registry.npmjs.org/@babel/plugin-proposal-export-default-from/-/plugin-proposal-export-default-from-7.29.7.tgz 0ms (cache hit)
2611 http cache nanoid@https://registry.npmjs.org/nanoid/-/nanoid-3.3.16.tgz 0ms (cache hit)
2612 http cache @babel/plugin-proposal-decorators@https://registry.npmjs.org/@babel/plugin-proposal-decorators/-/plugin-proposal-decorators-7.29.7.tgz 0ms (cache hit)
2613 http cache source-map-js@https://registry.npmjs.org/source-map-js/-/source-map-js-1.2.1.tgz 0ms (cache hit)
2614 http cache lightningcss-win32-x64-msvc@https://registry.npmjs.org/lightningcss-win32-x64-msvc/-/lightningcss-win32-x64-msvc-1.32.0.tgz 0ms (cache hit)
2615 http cache detect-libc@https://registry.npmjs.org/detect-libc/-/detect-libc-2.1.2.tgz 0ms (cache hit)
2616 http cache lightningcss@https://registry.npmjs.org/lightningcss/-/lightningcss-1.32.0.tgz 0ms (cache hit)
2617 http cache postcss@https://registry.npmjs.org/postcss/-/postcss-8.5.19.tgz 0ms (cache hit)
2618 http cache clone@https://registry.npmjs.org/clone/-/clone-1.0.4.tgz 0ms (cache hit)
2619 http cache defaults@https://registry.npmjs.org/defaults/-/defaults-1.0.4.tgz 0ms (cache hit)
2620 http cache supports-hyperlinks@https://registry.npmjs.org/supports-hyperlinks/-/supports-hyperlinks-2.3.0.tgz 0ms (cache hit)
2621 http cache mimic-fn@https://registry.npmjs.org/mimic-fn/-/mimic-fn-1.2.0.tgz 0ms (cache hit)
2622 http cache ansi-escapes@https://registry.npmjs.org/ansi-escapes/-/ansi-escapes-4.3.2.tgz 0ms (cache hit)
2623 http cache onetime@https://registry.npmjs.org/onetime/-/onetime-2.0.1.tgz 0ms (cache hit)
2624 http cache signal-exit@https://registry.npmjs.org/signal-exit/-/signal-exit-3.0.7.tgz 0ms (cache hit)
2625 http cache sisteransi@https://registry.npmjs.org/sisteransi/-/sisteransi-1.0.5.tgz 0ms (cache hit)
2626 http cache pngjs@https://registry.npmjs.org/pngjs/-/pngjs-3.4.0.tgz 0ms (cache hit)
2627 http cache kleur@https://registry.npmjs.org/kleur/-/kleur-3.0.3.tgz 0ms (cache hit)
2628 http cache restore-cursor@https://registry.npmjs.org/restore-cursor/-/restore-cursor-2.0.0.tgz 0ms (cache hit)
2629 http cache log-symbols@https://registry.npmjs.org/log-symbols/-/log-symbols-2.2.0.tgz 0ms (cache hit)
2630 http cache wcwidth@https://registry.npmjs.org/wcwidth/-/wcwidth-1.0.1.tgz 0ms (cache hit)
2631 http cache validate-npm-package-name@https://registry.npmjs.org/validate-npm-package-name/-/validate-npm-package-name-5.0.1.tgz 0ms (cache hit)
2632 http cache cli-cursor@https://registry.npmjs.org/cli-cursor/-/cli-cursor-2.1.0.tgz 0ms (cache hit)
2633 http cache proc-log@https://registry.npmjs.org/proc-log/-/proc-log-4.2.0.tgz 0ms (cache hit)
2634 http cache cli-spinners@https://registry.npmjs.org/cli-spinners/-/cli-spinners-2.9.2.tgz 0ms (cache hit)
2635 http cache hosted-git-info@https://registry.npmjs.org/hosted-git-info/-/hosted-git-info-7.0.2.tgz 0ms (cache hit)
2636 http cache argparse@https://registry.npmjs.org/argparse/-/argparse-2.0.1.tgz 0ms (cache hit)
2637 http cache vary@https://registry.npmjs.org/vary/-/vary-1.1.2.tgz 0ms (cache hit)
2638 http cache safe-buffer@https://registry.npmjs.org/safe-buffer/-/safe-buffer-5.2.1.tgz 0ms (cache hit)
2639 http cache compressible@https://registry.npmjs.org/compressible/-/compressible-2.0.18.tgz 0ms (cache hit)
2640 http cache on-headers@https://registry.npmjs.org/on-headers/-/on-headers-1.1.0.tgz 0ms (cache hit)
2641 http cache js-yaml@https://registry.npmjs.org/js-yaml/-/js-yaml-4.3.0.tgz 0ms (cache hit)
2642 http cache bytes@https://registry.npmjs.org/bytes/-/bytes-3.1.2.tgz 0ms (cache hit)
2643 http cache parse-png@https://registry.npmjs.org/parse-png/-/parse-png-2.1.0.tgz 0ms (cache hit)
2644 http cache @expo/sudo-prompt@https://registry.npmjs.org/@expo/sudo-prompt/-/sudo-prompt-9.3.2.tgz 0ms (cache hit)
2645 http cache jimp-compact@https://registry.npmjs.org/jimp-compact/-/jimp-compact-0.16.1.tgz 0ms (cache hit)
2646 http cache zod@https://registry.npmjs.org/zod/-/zod-3.25.76.tgz 0ms (cache hit)
2647 http cache toqr@https://registry.npmjs.org/toqr/-/toqr-0.1.1.tgz 0ms (cache hit)
2648 http cache structured-headers@https://registry.npmjs.org/structured-headers/-/structured-headers-0.4.1.tgz 0ms (cache hit)
2649 http cache terminal-link@https://registry.npmjs.org/terminal-link/-/terminal-link-2.1.1.tgz 0ms (cache hit)
2650 http cache prompts@https://registry.npmjs.org/prompts/-/prompts-2.4.2.tgz 0ms (cache hit)
2651 http cache ora@https://registry.npmjs.org/ora/-/ora-3.4.0.tgz 0ms (cache hit)
2652 http cache progress@https://registry.npmjs.org/progress/-/progress-2.0.3.tgz 0ms (cache hit)
2653 http cache npm-package-arg@https://registry.npmjs.org/npm-package-arg/-/npm-package-arg-11.0.3.tgz 0ms (cache hit)
2654 http cache node-forge@https://registry.npmjs.org/node-forge/-/node-forge-1.4.0.tgz 0ms (cache hit)
2655 http cache multitars@https://registry.npmjs.org/multitars/-/multitars-1.0.0.tgz 0ms (cache hit)
2656 http cache lan-network@https://registry.npmjs.org/lan-network/-/lan-network-0.2.1.tgz 0ms (cache hit)
2657 http cache @expo/xcpretty@https://registry.npmjs.org/@expo/xcpretty/-/xcpretty-4.4.4.tgz 0ms (cache hit)
2658 http cache fetch-nodeshim@https://registry.npmjs.org/fetch-nodeshim/-/fetch-nodeshim-0.4.10.tgz 0ms (cache hit)
2659 http cache @expo/schema-utils@https://registry.npmjs.org/@expo/schema-utils/-/schema-utils-57.0.2.tgz 0ms (cache hit)
2660 http cache compression@https://registry.npmjs.org/compression/-/compression-1.8.1.tgz 1ms (cache hit)
2661 http cache dnssd-advertise@https://registry.npmjs.org/dnssd-advertise/-/dnssd-advertise-1.1.6.tgz 0ms (cache hit)
2662 http cache agent-cli-detector@https://registry.npmjs.org/agent-cli-detector/-/agent-cli-detector-0.1.2.tgz 0ms (cache hit)
2663 http cache expo-server@https://registry.npmjs.org/expo-server/-/expo-server-57.0.1.tgz 0ms (cache hit)
2664 http cache @expo/prebuild-config@https://registry.npmjs.org/@expo/prebuild-config/-/prebuild-config-57.0.7.tgz 0ms (cache hit)
2665 http cache @expo/package-manager@https://registry.npmjs.org/@expo/package-manager/-/package-manager-1.13.1.tgz 0ms (cache hit)
2666 http cache @expo/metro-file-map@https://registry.npmjs.org/@expo/metro-file-map/-/metro-file-map-57.0.1.tgz 0ms (cache hit)
2667 http cache @expo/inline-modules@https://registry.npmjs.org/@expo/inline-modules/-/inline-modules-0.1.3.tgz 0ms (cache hit)
2668 http cache @expo/osascript@https://registry.npmjs.org/@expo/osascript/-/osascript-2.7.1.tgz 0ms (cache hit)
2669 http cache @expo/image-utils@https://registry.npmjs.org/@expo/image-utils/-/image-utils-0.11.3.tgz 0ms (cache hit)
2670 http cache @expo/devcert@https://registry.npmjs.org/@expo/devcert/-/devcert-1.2.1.tgz 0ms (cache hit)
2671 http cache @expo/code-signing-certificates@https://registry.npmjs.org/@expo/code-signing-certificates/-/code-signing-certificates-0.0.6.tgz 0ms (cache hit)
2672 http cache is-fullwidth-code-point@https://registry.npmjs.org/is-fullwidth-code-point/-/is-fullwidth-code-point-3.0.0.tgz 0ms (cache hit)
2673 http cache emoji-regex@https://registry.npmjs.org/emoji-regex/-/emoji-regex-8.0.0.tgz 0ms (cache hit)
2674 http cache wrap-ansi@https://registry.npmjs.org/wrap-ansi/-/wrap-ansi-7.0.0.tgz 0ms (cache hit)
2675 http cache strip-ansi@https://registry.npmjs.org/strip-ansi/-/strip-ansi-6.0.1.tgz 0ms (cache hit)
2676 http cache y18n@https://registry.npmjs.org/y18n/-/y18n-5.0.8.tgz 0ms (cache hit)
2677 http cache yargs-parser@https://registry.npmjs.org/yargs-parser/-/yargs-parser-21.1.1.tgz 0ms (cache hit)
2678 http cache require-directory@https://registry.npmjs.org/require-directory/-/require-directory-2.1.1.tgz 0ms (cache hit)
2679 http cache string-width@https://registry.npmjs.org/string-width/-/string-width-4.2.3.tgz 0ms (cache hit)
2680 http cache get-caller-file@https://registry.npmjs.org/get-caller-file/-/get-caller-file-2.0.5.tgz 0ms (cache hit)
2681 http cache cliui@https://registry.npmjs.org/cliui/-/cliui-8.0.1.tgz 0ms (cache hit)
2682 http cache sax@https://registry.npmjs.org/sax/-/sax-1.6.0.tgz 0ms (cache hit)
2683 http cache big-integer@https://registry.npmjs.org/big-integer/-/big-integer-1.6.52.tgz 0ms (cache hit)
2684 http cache stream-buffers@https://registry.npmjs.org/stream-buffers/-/stream-buffers-2.2.0.tgz 0ms (cache hit)
2685 http cache plist@https://registry.npmjs.org/plist/-/plist-3.1.1.tgz 0ms (cache hit)
2686 http cache bplist-parser@https://registry.npmjs.org/bplist-parser/-/bplist-parser-0.3.1.tgz 0ms (cache hit)
2687 http cache uuid@https://registry.npmjs.org/uuid/-/uuid-7.0.3.tgz 0ms (cache hit)
2688 http cache bplist-creator@https://registry.npmjs.org/bplist-creator/-/bplist-creator-0.1.0.tgz 0ms (cache hit)
2689 http cache simple-plist@https://registry.npmjs.org/simple-plist/-/simple-plist-1.3.1.tgz 0ms (cache hit)
2690 http cache isexe@https://registry.npmjs.org/isexe/-/isexe-2.0.0.tgz 1ms (cache hit)
2691 http cache tmpl@https://registry.npmjs.org/tmpl/-/tmpl-1.0.5.tgz 0ms (cache hit)
2692 http cache makeerror@https://registry.npmjs.org/makeerror/-/makeerror-1.0.12.tgz 0ms (cache hit)
2693 http cache escalade@https://registry.npmjs.org/escalade/-/escalade-3.2.0.tgz 0ms (cache hit)
2694 http cache is-number@https://registry.npmjs.org/is-number/-/is-number-7.0.0.tgz 0ms (cache hit)
2695 http cache buffer-from@https://registry.npmjs.org/buffer-from/-/buffer-from-1.1.2.tgz 0ms (cache hit)
2696 http cache source-map-support@https://registry.npmjs.org/source-map-support/-/source-map-support-0.5.21.tgz 0ms (cache hit)
2697 http cache @jridgewell/source-map@https://registry.npmjs.org/@jridgewell/source-map/-/source-map-0.3.11.tgz 0ms (cache hit)
2698 http cache acorn@https://registry.npmjs.org/acorn/-/acorn-8.17.0.tgz 0ms (cache hit)
2699 http cache type-fest@https://registry.npmjs.org/type-fest/-/type-fest-0.7.1.tgz 0ms (cache hit)
2700 http cache toidentifier@https://registry.npmjs.org/toidentifier/-/toidentifier-1.0.1.tgz 0ms (cache hit)
2701 http cache has-flag@https://registry.npmjs.org/has-flag/-/has-flag-4.0.0.tgz 0ms (cache hit)
2702 http cache shebang-regex@https://registry.npmjs.org/shebang-regex/-/shebang-regex-3.0.0.tgz 0ms (cache hit)
2703 http cache setprototypeof@https://registry.npmjs.org/setprototypeof/-/setprototypeof-1.2.0.tgz 0ms (cache hit)
2704 http cache range-parser@https://registry.npmjs.org/range-parser/-/range-parser-1.2.1.tgz 0ms (cache hit)
2705 http cache mime@https://registry.npmjs.org/mime/-/mime-1.6.0.tgz 0ms (cache hit)
2706 http cache http-errors@https://registry.npmjs.org/http-errors/-/http-errors-2.0.1.tgz 0ms (cache hit)
2707 http cache fresh@https://registry.npmjs.org/fresh/-/fresh-0.5.2.tgz 0ms (cache hit)
2708 http cache etag@https://registry.npmjs.org/etag/-/etag-1.8.1.tgz 0ms (cache hit)
2709 http cache destroy@https://registry.npmjs.org/destroy/-/destroy-1.2.0.tgz 0ms (cache hit)
2710 http cache send@https://registry.npmjs.org/send/-/send-0.19.2.tgz 0ms (cache hit)
2711 http cache depd@https://registry.npmjs.org/depd/-/depd-2.0.0.tgz 0ms (cache hit)
2712 http cache shell-quote@https://registry.npmjs.org/shell-quote/-/shell-quote-1.10.0.tgz 0ms (cache hit)
2713 http cache asap@https://registry.npmjs.org/asap/-/asap-2.0.6.tgz 0ms (cache hit)
2714 http cache is-docker@https://registry.npmjs.org/is-docker/-/is-docker-2.2.1.tgz 0ms (cache hit)
2715 http cache marky@https://registry.npmjs.org/marky/-/marky-1.3.0.tgz 0ms (cache hit)
2716 http cache mkdirp@https://registry.npmjs.org/mkdirp/-/mkdirp-1.0.4.tgz 0ms (cache hit)
2717 http cache lighthouse-logger@https://registry.npmjs.org/lighthouse-logger/-/lighthouse-logger-1.4.2.tgz 0ms (cache hit)
2718 http cache is-wsl@https://registry.npmjs.org/is-wsl/-/is-wsl-2.2.0.tgz 0ms (cache hit)
2719 http cache event-target-shim@https://registry.npmjs.org/event-target-shim/-/event-target-shim-5.0.1.tgz 0ms (cache hit)
2720 http cache escape-string-regexp@https://registry.npmjs.org/escape-string-regexp/-/escape-string-regexp-4.0.0.tgz 0ms (cache hit)
2721 http cache fb-dotslash@https://registry.npmjs.org/fb-dotslash/-/fb-dotslash-0.5.8.tgz 0ms (cache hit)
2722 http cache @react-native/debugger-shell@https://registry.npmjs.org/@react-native/debugger-shell/-/debugger-shell-0.86.0.tgz 0ms (cache hit)
2723 http cache serve-static@https://registry.npmjs.org/serve-static/-/serve-static-1.16.3.tgz 0ms (cache hit)
2724 http cache open@https://registry.npmjs.org/open/-/open-7.4.2.tgz 0ms (cache hit)
2725 http cache @react-native/debugger-frontend@https://registry.npmjs.org/@react-native/debugger-frontend/-/debugger-frontend-0.86.0.tgz 0ms (cache hit)
2726 http cache chromium-edge-launcher@https://registry.npmjs.org/chromium-edge-launcher/-/chromium-edge-launcher-0.3.0.tgz 0ms (cache hit)
2727 http cache @react-native/dev-middleware@https://registry.npmjs.org/@react-native/dev-middleware/-/dev-middleware-0.86.0.tgz 0ms (cache hit)
2728 http cache chrome-launcher@https://registry.npmjs.org/chrome-launcher/-/chrome-launcher-0.15.2.tgz 0ms (cache hit)
2729 http cache @isaacs/ttlcache@https://registry.npmjs.org/@isaacs/ttlcache/-/ttlcache-1.4.1.tgz 0ms (cache hit)
2730 http cache whatwg-fetch@https://registry.npmjs.org/whatwg-fetch/-/whatwg-fetch-3.6.20.tgz 0ms (cache hit)
2731 http cache tinyglobby@https://registry.npmjs.org/tinyglobby/-/tinyglobby-0.2.17.tgz 0ms (cache hit)
2732 http cache scheduler@https://registry.npmjs.org/scheduler/-/scheduler-0.27.0.tgz 0ms (cache hit)
2733 http cache stacktrace-parser@https://registry.npmjs.org/stacktrace-parser/-/stacktrace-parser-0.1.11.tgz 0ms (cache hit)
2734 http cache regenerator-runtime@https://registry.npmjs.org/regenerator-runtime/-/regenerator-runtime-0.13.11.tgz 0ms (cache hit)
2735 http cache promise@https://registry.npmjs.org/promise/-/promise-8.3.0.tgz 0ms (cache hit)
2736 http cache react-devtools-core@https://registry.npmjs.org/react-devtools-core/-/react-devtools-core-6.1.5.tgz 0ms (cache hit)
2737 http cache memoize-one@https://registry.npmjs.org/memoize-one/-/memoize-one-5.2.1.tgz 0ms (cache hit)
2738 http cache babel-plugin-syntax-hermes-parser@https://registry.npmjs.org/babel-plugin-syntax-hermes-parser/-/babel-plugin-syntax-hermes-parser-0.36.0.tgz 0ms (cache hit)
2739 http cache hermes-compiler@https://registry.npmjs.org/hermes-compiler/-/hermes-compiler-250829098.0.14.tgz 0ms (cache hit)
2740 http cache ansi-regex@https://registry.npmjs.org/ansi-regex/-/ansi-regex-5.0.1.tgz 0ms (cache hit)
2741 http cache anser@https://registry.npmjs.org/anser/-/anser-1.4.10.tgz 0ms (cache hit)
2742 http cache @react-native/virtualized-lists@https://registry.npmjs.org/@react-native/virtualized-lists/-/virtualized-lists-0.86.0.tgz 0ms (cache hit)
2743 http cache abort-controller@https://registry.npmjs.org/abort-controller/-/abort-controller-3.0.0.tgz 0ms (cache hit)
2744 http cache @react-native/normalize-colors@https://registry.npmjs.org/@react-native/normalize-colors/-/normalize-colors-0.86.0.tgz 0ms (cache hit)
2745 http cache @react-native/js-polyfills@https://registry.npmjs.org/@react-native/js-polyfills/-/js-polyfills-0.86.0.tgz 0ms (cache hit)
2746 http cache @react-native/gradle-plugin@https://registry.npmjs.org/@react-native/gradle-plugin/-/gradle-plugin-0.86.0.tgz 0ms (cache hit)
2747 http cache @react-native/community-cli-plugin@https://registry.npmjs.org/@react-native/community-cli-plugin/-/community-cli-plugin-0.86.0.tgz 0ms (cache hit)
2748 http cache @react-native/codegen@https://registry.npmjs.org/@react-native/codegen/-/codegen-0.86.0.tgz 0ms (cache hit)
2749 http cache @react-native/assets-registry@https://registry.npmjs.org/@react-native/assets-registry/-/assets-registry-0.86.0.tgz 0ms (cache hit)
2750 http cache inherits@https://registry.npmjs.org/inherits/-/inherits-2.0.4.tgz 0ms (cache hit)
2751 http cache react-is@https://registry.npmjs.org/react-is/-/react-is-18.3.1.tgz 0ms (cache hit)
2752 http cache balanced-match@https://registry.npmjs.org/balanced-match/-/balanced-match-4.0.4.tgz 0ms (cache hit)
2753 http cache ee-first@https://registry.npmjs.org/ee-first/-/ee-first-1.1.1.tgz 0ms (cache hit)
2754 http cache to-regex-range@https://registry.npmjs.org/to-regex-range/-/to-regex-range-5.0.1.tgz 0ms (cache hit)
2755 http cache brace-expansion@https://registry.npmjs.org/brace-expansion/-/brace-expansion-5.0.7.tgz 0ms (cache hit)
2756 http cache mime-db@https://registry.npmjs.org/mime-db/-/mime-db-1.54.0.tgz 0ms (cache hit)
2757 http cache ob1@https://registry.npmjs.org/ob1/-/ob1-0.84.4.tgz 0ms (cache hit)
2758 http cache fill-range@https://registry.npmjs.org/fill-range/-/fill-range-7.1.1.tgz 0ms (cache hit)
2759 http cache braces@https://registry.npmjs.org/braces/-/braces-3.0.3.tgz 0ms (cache hit)
2760 http cache vlq@https://registry.npmjs.org/vlq/-/vlq-1.0.1.tgz 0ms (cache hit)
2761 http cache node-int64@https://registry.npmjs.org/node-int64/-/node-int64-0.4.0.tgz 0ms (cache hit)
2762 http cache terser@https://registry.npmjs.org/terser/-/terser-5.49.0.tgz 0ms (cache hit)
2763 http cache walker@https://registry.npmjs.org/walker/-/walker-1.0.8.tgz 0ms (cache hit)
2764 http cache fb-watchman@https://registry.npmjs.org/fb-watchman/-/fb-watchman-2.0.2.tgz 0ms (cache hit)
2765 http cache micromatch@https://registry.npmjs.org/micromatch/-/micromatch-4.0.8.tgz 0ms (cache hit)
2766 http cache bser@https://registry.npmjs.org/bser/-/bser-2.1.1.tgz 0ms (cache hit)
2767 http cache leven@https://registry.npmjs.org/leven/-/leven-3.1.0.tgz 0ms (cache hit)
2768 http cache camelcase@https://registry.npmjs.org/camelcase/-/camelcase-6.3.0.tgz 0ms (cache hit)
2769 http cache jest-get-type@https://registry.npmjs.org/jest-get-type/-/jest-get-type-29.6.3.tgz 0ms (cache hit)
2770 http cache yaml@https://registry.npmjs.org/yaml/-/yaml-2.9.0.tgz 0ms (cache hit)
2771 http cache jest-validate@https://registry.npmjs.org/jest-validate/-/jest-validate-29.7.0.tgz 0ms (cache hit)
2772 http cache agent-base@https://registry.npmjs.org/agent-base/-/agent-base-7.1.4.tgz 0ms (cache hit)
2773 http cache https-proxy-agent@https://registry.npmjs.org/https-proxy-agent/-/https-proxy-agent-7.0.6.tgz 0ms (cache hit)
2774 http cache exponential-backoff@https://registry.npmjs.org/exponential-backoff/-/exponential-backoff-3.1.3.tgz 0ms (cache hit)
2775 http cache @types/yargs-parser@https://registry.npmjs.org/@types/yargs-parser/-/yargs-parser-21.0.3.tgz 0ms (cache hit)
2776 http cache @types/istanbul-lib-report@https://registry.npmjs.org/@types/istanbul-lib-report/-/istanbul-lib-report-3.0.3.tgz 0ms (cache hit)
2777 http cache @types/istanbul-reports@https://registry.npmjs.org/@types/istanbul-reports/-/istanbul-reports-3.0.4.tgz 0ms (cache hit)
2778 http cache @types/yargs@https://registry.npmjs.org/@types/yargs/-/yargs-17.0.35.tgz 0ms (cache hit)
2779 http cache @types/istanbul-lib-coverage@https://registry.npmjs.org/@types/istanbul-lib-coverage/-/istanbul-lib-coverage-2.0.6.tgz 0ms (cache hit)
2780 http cache @sinclair/typebox@https://registry.npmjs.org/@sinclair/typebox/-/typebox-0.27.10.tgz 0ms (cache hit)
2781 http cache picomatch@https://registry.npmjs.org/picomatch/-/picomatch-2.3.2.tgz 0ms (cache hit)
2782 http cache undici-types@https://registry.npmjs.org/undici-types/-/undici-types-8.3.0.tgz 0ms (cache hit)
2783 http cache @jest/types@https://registry.npmjs.org/@jest/types/-/types-29.6.3.tgz 0ms (cache hit)
2784 http cache @jest/schemas@https://registry.npmjs.org/@jest/schemas/-/schemas-29.6.3.tgz 0ms (cache hit)
2785 http cache jest-util@https://registry.npmjs.org/jest-util/-/jest-util-29.7.0.tgz 0ms (cache hit)
2786 http cache merge-stream@https://registry.npmjs.org/merge-stream/-/merge-stream-2.0.0.tgz 0ms (cache hit)
2787 http cache queue@https://registry.npmjs.org/queue/-/queue-6.0.2.tgz 0ms (cache hit)
2788 http cache @types/node@https://registry.npmjs.org/@types/node/-/node-26.1.1.tgz 0ms (cache hit)
2789 http cache hermes-estree@https://registry.npmjs.org/hermes-estree/-/hermes-estree-0.35.0.tgz 0ms (cache hit)
2790 http cache unpipe@https://registry.npmjs.org/unpipe/-/unpipe-1.0.0.tgz 0ms (cache hit)
2791 http cache statuses@https://registry.npmjs.org/statuses/-/statuses-1.5.0.tgz 0ms (cache hit)
2792 http cache on-finished@https://registry.npmjs.org/on-finished/-/on-finished-2.3.0.tgz 0ms (cache hit)
2793 http cache escape-html@https://registry.npmjs.org/escape-html/-/escape-html-1.0.3.tgz 0ms (cache hit)
2794 http cache stackframe@https://registry.npmjs.org/stackframe/-/stackframe-1.3.4.tgz 0ms (cache hit)
2795 http cache utils-merge@https://registry.npmjs.org/utils-merge/-/utils-merge-1.0.1.tgz 0ms (cache hit)
2796 http cache encodeurl@https://registry.npmjs.org/encodeurl/-/encodeurl-1.0.2.tgz 0ms (cache hit)
2797 http cache parseurl@https://registry.npmjs.org/parseurl/-/parseurl-1.3.3.tgz 0ms (cache hit)
2798 http cache finalhandler@https://registry.npmjs.org/finalhandler/-/finalhandler-1.1.2.tgz 0ms (cache hit)
2799 http cache negotiator@https://registry.npmjs.org/negotiator/-/negotiator-1.0.0.tgz 0ms (cache hit)
2800 http cache yargs@https://registry.npmjs.org/yargs/-/yargs-17.7.3.tgz 0ms (cache hit)
2801 http cache ws@https://registry.npmjs.org/ws/-/ws-7.5.12.tgz 0ms (cache hit)
2802 http cache throat@https://registry.npmjs.org/throat/-/throat-5.0.0.tgz 0ms (cache hit)
2803 http cache source-map@https://registry.npmjs.org/source-map/-/source-map-0.5.7.tgz 0ms (cache hit)
2804 http cache serialize-error@https://registry.npmjs.org/serialize-error/-/serialize-error-2.1.0.tgz 0ms (cache hit)
2805 http cache nullthrows@https://registry.npmjs.org/nullthrows/-/nullthrows-1.1.1.tgz 0ms (cache hit)
2806 http cache mime-types@https://registry.npmjs.org/mime-types/-/mime-types-3.0.2.tgz 0ms (cache hit)
2807 http cache lodash.throttle@https://registry.npmjs.org/lodash.throttle/-/lodash.throttle-4.1.1.tgz 0ms (cache hit)
2808 http cache jsc-safe-url@https://registry.npmjs.org/jsc-safe-url/-/jsc-safe-url-0.2.4.tgz 0ms (cache hit)
2809 http cache image-size@https://registry.npmjs.org/image-size/-/image-size-1.2.1.tgz 0ms (cache hit)
2810 http cache graceful-fs@https://registry.npmjs.org/graceful-fs/-/graceful-fs-4.2.11.tgz 0ms (cache hit)
2811 http cache jest-worker@https://registry.npmjs.org/jest-worker/-/jest-worker-29.7.0.tgz 0ms (cache hit)
2812 http cache hermes-parser@https://registry.npmjs.org/hermes-parser/-/hermes-parser-0.35.0.tgz 0ms (cache hit)
2813 http cache error-stack-parser@https://registry.npmjs.org/error-stack-parser/-/error-stack-parser-2.1.4.tgz 0ms (cache hit)
2814 http cache flow-enums-runtime@https://registry.npmjs.org/flow-enums-runtime/-/flow-enums-runtime-0.0.6.tgz 0ms (cache hit)
2815 http cache connect@https://registry.npmjs.org/connect/-/connect-3.7.0.tgz 0ms (cache hit)
2816 http cache ci-info@https://registry.npmjs.org/ci-info/-/ci-info-2.0.0.tgz 0ms (cache hit)
2817 http cache yallist@https://registry.npmjs.org/yallist/-/yallist-3.1.1.tgz 0ms (cache hit)
2818 http cache accepts@https://registry.npmjs.org/accepts/-/accepts-2.0.0.tgz 0ms (cache hit)
2819 http cache loose-envify@https://registry.npmjs.org/loose-envify/-/loose-envify-1.4.0.tgz 0ms (cache hit)
2820 http cache minipass@https://registry.npmjs.org/minipass/-/minipass-7.1.3.tgz 0ms (cache hit)
2821 http cache path-scurry@https://registry.npmjs.org/path-scurry/-/path-scurry-2.0.2.tgz 0ms (cache hit)
2822 http cache @expo/expo-modules-macros-plugin@https://registry.npmjs.org/@expo/expo-modules-macros-plugin/-/expo-modules-macros-plugin-0.6.1.tgz 0ms (cache hit)
2823 http cache invariant@https://registry.npmjs.org/invariant/-/invariant-2.2.4.tgz 0ms (cache hit)
2824 http cache expo-modules-jsi@https://registry.npmjs.org/expo-modules-jsi/-/expo-modules-jsi-57.0.3.tgz 0ms (cache hit)
2825 http cache commander@https://registry.npmjs.org/commander/-/commander-7.2.0.tgz 0ms (cache hit)
2826 http cache which@https://registry.npmjs.org/which/-/which-2.0.2.tgz 0ms (cache hit)
2827 http cache shebang-command@https://registry.npmjs.org/shebang-command/-/shebang-command-2.0.0.tgz 0ms (cache hit)
2828 http cache path-key@https://registry.npmjs.org/path-key/-/path-key-3.1.1.tgz 0ms (cache hit)
2829 http cache color-name@https://registry.npmjs.org/color-name/-/color-name-1.1.4.tgz 0ms (cache hit)
2830 http cache color-convert@https://registry.npmjs.org/color-convert/-/color-convert-2.0.1.tgz 0ms (cache hit)
2831 http cache supports-color@https://registry.npmjs.org/supports-color/-/supports-color-7.2.0.tgz 0ms (cache hit)
2832 http cache ansi-styles@https://registry.npmjs.org/ansi-styles/-/ansi-styles-4.3.0.tgz 0ms (cache hit)
2833 http cache update-browserslist-db@https://registry.npmjs.org/update-browserslist-db/-/update-browserslist-db-1.2.3.tgz 0ms (cache hit)
2834 http cache node-releases@https://registry.npmjs.org/node-releases/-/node-releases-2.0.51.tgz 0ms (cache hit)
2835 http cache electron-to-chromium@https://registry.npmjs.org/electron-to-chromium/-/electron-to-chromium-1.5.392.tgz 0ms (cache hit)
2836 http cache @jridgewell/resolve-uri@https://registry.npmjs.org/@jridgewell/resolve-uri/-/resolve-uri-3.1.2.tgz 0ms (cache hit)
2837 http cache caniuse-lite@https://registry.npmjs.org/caniuse-lite/-/caniuse-lite-1.0.30001805.tgz 0ms (cache hit)
2838 http cache ms@https://registry.npmjs.org/ms/-/ms-2.1.3.tgz 0ms (cache hit)
2839 http cache baseline-browser-mapping@https://registry.npmjs.org/baseline-browser-mapping/-/baseline-browser-mapping-2.10.43.tgz 0ms (cache hit)
2840 http cache @jridgewell/sourcemap-codec@https://registry.npmjs.org/@jridgewell/sourcemap-codec/-/sourcemap-codec-1.5.5.tgz 0ms (cache hit)
2841 http cache cross-spawn@https://registry.npmjs.org/cross-spawn/-/cross-spawn-7.0.6.tgz 0ms (cache hit)
2842 http cache @babel/helper-string-parser@https://registry.npmjs.org/@babel/helper-string-parser/-/helper-string-parser-7.29.7.tgz 0ms (cache hit)
2843 http cache @babel/helper-globals@https://registry.npmjs.org/@babel/helper-globals/-/helper-globals-7.29.7.tgz 0ms (cache hit)
2844 http cache lru-cache@https://registry.npmjs.org/lru-cache/-/lru-cache-5.1.1.tgz 0ms (cache hit)
2845 http cache @babel/helper-module-imports@https://registry.npmjs.org/@babel/helper-module-imports/-/helper-module-imports-7.29.7.tgz 0ms (cache hit)
2846 http cache browserslist@https://registry.npmjs.org/browserslist/-/browserslist-4.28.6.tgz 0ms (cache hit)
2847 http cache @babel/helper-plugin-utils@https://registry.npmjs.org/@babel/helper-plugin-utils/-/helper-plugin-utils-7.29.7.tgz 0ms (cache hit)
2848 http cache @jridgewell/trace-mapping@https://registry.npmjs.org/@jridgewell/trace-mapping/-/trace-mapping-0.3.31.tgz 0ms (cache hit)
2849 http cache @babel/helper-validator-option@https://registry.npmjs.org/@babel/helper-validator-option/-/helper-validator-option-7.29.7.tgz 0ms (cache hit)
2850 http cache jsesc@https://registry.npmjs.org/jsesc/-/jsesc-3.1.0.tgz 0ms (cache hit)
2851 http cache @babel/compat-data@https://registry.npmjs.org/@babel/compat-data/-/compat-data-7.29.7.tgz 0ms (cache hit)
2852 http cache @jridgewell/gen-mapping@https://registry.npmjs.org/@jridgewell/gen-mapping/-/gen-mapping-0.3.13.tgz 0ms (cache hit)
2853 http cache convert-source-map@https://registry.npmjs.org/convert-source-map/-/convert-source-map-2.0.0.tgz 0ms (cache hit)
2854 http cache gensync@https://registry.npmjs.org/gensync/-/gensync-1.0.0-beta.2.tgz 0ms (cache hit)
2855 http cache @jridgewell/remapping@https://registry.npmjs.org/@jridgewell/remapping/-/remapping-2.3.5.tgz 0ms (cache hit)
2856 http cache @babel/types@https://registry.npmjs.org/@babel/types/-/types-7.29.7.tgz 0ms (cache hit)
2857 http cache @babel/traverse@https://registry.npmjs.org/@babel/traverse/-/traverse-7.29.7.tgz 0ms (cache hit)
2858 http cache @babel/parser@https://registry.npmjs.org/@babel/parser/-/parser-7.29.7.tgz 0ms (cache hit)
2859 http cache @babel/template@https://registry.npmjs.org/@babel/template/-/template-7.29.7.tgz 0ms (cache hit)
2860 http cache @babel/helpers@https://registry.npmjs.org/@babel/helpers/-/helpers-7.29.7.tgz 0ms (cache hit)
2861 http cache @babel/helper-module-transforms@https://registry.npmjs.org/@babel/helper-module-transforms/-/helper-module-transforms-7.29.7.tgz 0ms (cache hit)
2862 http cache @babel/generator@https://registry.npmjs.org/@babel/generator/-/generator-7.29.7.tgz 0ms (cache hit)
2863 http cache @babel/helper-compilation-targets@https://registry.npmjs.org/@babel/helper-compilation-targets/-/helper-compilation-targets-7.29.7.tgz 0ms (cache hit)
2864 http cache xmlbuilder@https://registry.npmjs.org/xmlbuilder/-/xmlbuilder-15.1.1.tgz 0ms (cache hit)
2865 http cache base64-js@https://registry.npmjs.org/base64-js/-/base64-js-1.5.1.tgz 0ms (cache hit)
2866 http cache @babel/plugin-transform-modules-commonjs@https://registry.npmjs.org/@babel/plugin-transform-modules-commonjs/-/plugin-transform-modules-commonjs-7.29.7.tgz 0ms (cache hit)
2867 http cache @babel/core@https://registry.npmjs.org/@babel/core/-/core-7.29.7.tgz 0ms (cache hit)
2868 http cache @xmldom/xmldom@https://registry.npmjs.org/@xmldom/xmldom/-/xmldom-0.8.13.tgz 0ms (cache hit)
2869 http cache metro-transform-plugins@https://registry.npmjs.org/metro-transform-plugins/-/metro-transform-plugins-0.84.4.tgz 0ms (cache hit)
2870 http cache metro-transform-worker@https://registry.npmjs.org/metro-transform-worker/-/metro-transform-worker-0.84.4.tgz 0ms (cache hit)
2871 http cache metro-symbolicate@https://registry.npmjs.org/metro-symbolicate/-/metro-symbolicate-0.84.4.tgz 0ms (cache hit)
2872 http cache metro-resolver@https://registry.npmjs.org/metro-resolver/-/metro-resolver-0.84.4.tgz 0ms (cache hit)
2873 http cache metro-source-map@https://registry.npmjs.org/metro-source-map/-/metro-source-map-0.84.4.tgz 0ms (cache hit)
2874 http cache metro-minify-terser@https://registry.npmjs.org/metro-minify-terser/-/metro-minify-terser-0.84.4.tgz 0ms (cache hit)
2875 http cache metro-core@https://registry.npmjs.org/metro-core/-/metro-core-0.84.4.tgz 0ms (cache hit)
2876 http cache metro-cache@https://registry.npmjs.org/metro-cache/-/metro-cache-0.84.4.tgz 0ms (cache hit)
2877 http cache metro-babel-transformer@https://registry.npmjs.org/metro-babel-transformer/-/metro-babel-transformer-0.84.4.tgz 0ms (cache hit)
2878 http cache metro-file-map@https://registry.npmjs.org/metro-file-map/-/metro-file-map-0.84.4.tgz 0ms (cache hit)
2879 http cache metro-cache-key@https://registry.npmjs.org/metro-cache-key/-/metro-cache-key-0.84.4.tgz 0ms (cache hit)
2880 http cache metro-config@https://registry.npmjs.org/metro-config/-/metro-config-0.84.4.tgz 0ms (cache hit)
2881 http cache metro@https://registry.npmjs.org/metro/-/metro-0.84.4.tgz 0ms (cache hit)
2882 http cache picocolors@https://registry.npmjs.org/picocolors/-/picocolors-1.1.1.tgz 0ms (cache hit)
2883 http cache @babel/helper-validator-identifier@https://registry.npmjs.org/@babel/helper-validator-identifier/-/helper-validator-identifier-7.29.7.tgz 0ms (cache hit)
2884 http cache metro-runtime@https://registry.npmjs.org/metro-runtime/-/metro-runtime-0.84.4.tgz 0ms (cache hit)
2885 http cache @babel/code-frame@https://registry.npmjs.org/@babel/code-frame/-/code-frame-7.29.7.tgz 0ms (cache hit)
2886 http cache js-tokens@https://registry.npmjs.org/js-tokens/-/js-tokens-4.0.0.tgz 0ms (cache hit)
2887 http cache minimatch@https://registry.npmjs.org/minimatch/-/minimatch-10.2.5.tgz 0ms (cache hit)
2888 http cache json5@https://registry.npmjs.org/json5/-/json5-2.2.3.tgz 0ms (cache hit)
2889 http cache resolve-from@https://registry.npmjs.org/resolve-from/-/resolve-from-5.0.0.tgz 0ms (cache hit)
2890 http cache ignore@https://registry.npmjs.org/ignore/-/ignore-5.3.2.tgz 0ms (cache hit)
2891 http cache arg@https://registry.npmjs.org/arg/-/arg-5.0.2.tgz 0ms (cache hit)
2892 http cache @expo/spawn-async@https://registry.npmjs.org/@expo/spawn-async/-/spawn-async-1.8.0.tgz 0ms (cache hit)
2893 http cache @expo/env@https://registry.npmjs.org/@expo/env/-/env-2.4.2.tgz 0ms (cache hit)
2894 http cache xml2js@https://registry.npmjs.org/xml2js/-/xml2js-0.6.0.tgz 0ms (cache hit)
2895 http cache xcode@https://registry.npmjs.org/xcode/-/xcode-3.0.1.tgz 0ms (cache hit)
2896 http cache debug@https://registry.npmjs.org/debug/-/debug-4.4.3.tgz 0ms (cache hit)
2897 http cache chalk@https://registry.npmjs.org/chalk/-/chalk-4.1.2.tgz 0ms (cache hit)
2898 http cache @expo/sdk-runtime-versions@https://registry.npmjs.org/@expo/sdk-runtime-versions/-/sdk-runtime-versions-1.0.0.tgz 0ms (cache hit)
2899 http cache @expo/plist@https://registry.npmjs.org/@expo/plist/-/plist-0.8.1.tgz 0ms (cache hit)
2900 http cache slugify@https://registry.npmjs.org/slugify/-/slugify-1.6.9.tgz 0ms (cache hit)
2901 http cache resolve-workspace-root@https://registry.npmjs.org/resolve-workspace-root/-/resolve-workspace-root-2.0.1.tgz 0ms (cache hit)
2902 http cache semver@https://registry.npmjs.org/semver/-/semver-7.8.5.tgz 0ms (cache hit)
2903 http cache glob@https://registry.npmjs.org/glob/-/glob-13.0.6.tgz 0ms (cache hit)
2904 http cache getenv@https://registry.npmjs.org/getenv/-/getenv-2.0.0.tgz 0ms (cache hit)
2905 http cache deepmerge@https://registry.npmjs.org/deepmerge/-/deepmerge-4.3.1.tgz 0ms (cache hit)
2906 http cache @expo/require-utils@https://registry.npmjs.org/@expo/require-utils/-/require-utils-57.0.3.tgz 0ms (cache hit)
2907 http cache @expo/config-types@https://registry.npmjs.org/@expo/config-types/-/config-types-57.0.2.tgz 0ms (cache hit)
2908 http cache whatwg-url-minimum@https://registry.npmjs.org/whatwg-url-minimum/-/whatwg-url-minimum-0.1.2.tgz 0ms (cache hit)
2909 http cache @expo/json-file@https://registry.npmjs.org/@expo/json-file/-/json-file-11.0.1.tgz 0ms (cache hit)
2910 http cache pretty-format@https://registry.npmjs.org/pretty-format/-/pretty-format-29.7.0.tgz 0ms (cache hit)
2911 http cache expo-modules-autolinking@https://registry.npmjs.org/expo-modules-autolinking/-/expo-modules-autolinking-57.0.7.tgz 0ms (cache hit)
2912 http cache @expo/metro@https://registry.npmjs.org/@expo/metro/-/metro-56.0.0.tgz 0ms (cache hit)
2913 http cache expo-modules-core@https://registry.npmjs.org/expo-modules-core/-/expo-modules-core-57.0.5.tgz 0ms (cache hit)
2914 http cache react-refresh@https://registry.npmjs.org/react-refresh/-/react-refresh-0.14.2.tgz 0ms (cache hit)
2915 http cache @ungap/structured-clone@https://registry.npmjs.org/@ungap/structured-clone/-/structured-clone-1.3.3.tgz 0ms (cache hit)
2916 http cache @expo/fingerprint@https://registry.npmjs.org/@expo/fingerprint/-/fingerprint-0.20.5.tgz 0ms (cache hit)
2917 http cache @expo/devtools@https://registry.npmjs.org/@expo/devtools/-/devtools-57.0.1.tgz 0ms (cache hit)
2918 http cache @babel/runtime@https://registry.npmjs.org/@babel/runtime/-/runtime-7.29.7.tgz 0ms (cache hit)
2919 http cache @expo/config-plugins@https://registry.npmjs.org/@expo/config-plugins/-/config-plugins-57.0.5.tgz 0ms (cache hit)
2920 http cache @expo/config@https://registry.npmjs.org/@expo/config/-/config-57.0.5.tgz 0ms (cache hit)
2921 http cache csstype@https://registry.npmjs.org/csstype/-/csstype-3.2.3.tgz 0ms (cache hit)
2922 http cache expo-status-bar@https://registry.npmjs.org/expo-status-bar/-/expo-status-bar-57.0.1.tgz 0ms (cache hit)
2923 http cache typescript@https://registry.npmjs.org/typescript/-/typescript-6.0.3.tgz 0ms (cache hit)
2924 http cache expo-secure-store@https://registry.npmjs.org/expo-secure-store/-/expo-secure-store-57.0.1.tgz 0ms (cache hit)
2925 http cache @types/react@https://registry.npmjs.org/@types/react/-/react-19.2.17.tgz 0ms (cache hit)
2926 http cache @expo/local-build-cache-provider@https://registry.npmjs.org/@expo/local-build-cache-provider/-/local-build-cache-provider-57.0.4.tgz 0ms (cache hit)
2927 http cache expo@https://registry.npmjs.org/expo/-/expo-57.0.6.tgz 0ms (cache hit)
2928 http cache react@https://registry.npmjs.org/react/-/react-19.2.3.tgz 0ms (cache hit)
2929 http cache react-native@https://registry.npmjs.org/react-native/-/react-native-0.86.0.tgz 0ms (cache hit)
2930 http cache has-flag@https://registry.npmjs.org/has-flag/-/has-flag-3.0.0.tgz 0ms (cache hit)
2931 http cache semver@https://registry.npmjs.org/semver/-/semver-6.3.1.tgz 0ms (cache hit)
2932 http cache semver@https://registry.npmjs.org/semver/-/semver-6.3.1.tgz 0ms (cache hit)
2933 http cache semver@https://registry.npmjs.org/semver/-/semver-6.3.1.tgz 0ms (cache hit)
2934 http cache semver@https://registry.npmjs.org/semver/-/semver-6.3.1.tgz 0ms (cache hit)
2935 http cache color-name@https://registry.npmjs.org/color-name/-/color-name-1.1.3.tgz 0ms (cache hit)
2936 http cache type-fest@https://registry.npmjs.org/type-fest/-/type-fest-0.21.3.tgz 0ms (cache hit)
2937 http cache color-convert@https://registry.npmjs.org/color-convert/-/color-convert-1.9.3.tgz 0ms (cache hit)
2938 http cache ansi-styles@https://registry.npmjs.org/ansi-styles/-/ansi-styles-3.2.1.tgz 0ms (cache hit)
2939 http cache supports-color@https://registry.npmjs.org/supports-color/-/supports-color-5.5.0.tgz 0ms (cache hit)
2940 http cache escape-string-regexp@https://registry.npmjs.org/escape-string-regexp/-/escape-string-regexp-1.0.5.tgz 0ms (cache hit)
2941 http cache lru-cache@https://registry.npmjs.org/lru-cache/-/lru-cache-10.4.3.tgz 0ms (cache hit)
2942 http cache chalk@https://registry.npmjs.org/chalk/-/chalk-2.4.2.tgz 0ms (cache hit)
2943 http cache has-flag@https://registry.npmjs.org/has-flag/-/has-flag-3.0.0.tgz 0ms (cache hit)
2944 http cache color-convert@https://registry.npmjs.org/color-convert/-/color-convert-1.9.3.tgz 0ms (cache hit)
2945 http cache supports-color@https://registry.npmjs.org/supports-color/-/supports-color-5.5.0.tgz 0ms (cache hit)
2946 http cache ansi-regex@https://registry.npmjs.org/ansi-regex/-/ansi-regex-4.1.1.tgz 0ms (cache hit)
2947 http cache escape-string-regexp@https://registry.npmjs.org/escape-string-regexp/-/escape-string-regexp-1.0.5.tgz 0ms (cache hit)
2948 http cache ansi-styles@https://registry.npmjs.org/ansi-styles/-/ansi-styles-3.2.1.tgz 0ms (cache hit)
2949 http cache strip-ansi@https://registry.npmjs.org/strip-ansi/-/strip-ansi-5.2.0.tgz 0ms (cache hit)
2950 http cache chalk@https://registry.npmjs.org/chalk/-/chalk-2.4.2.tgz 0ms (cache hit)
2951 http cache color-name@https://registry.npmjs.org/color-name/-/color-name-1.1.3.tgz 0ms (cache hit)
2952 http cache ms@https://registry.npmjs.org/ms/-/ms-2.0.0.tgz 0ms (cache hit)
2953 http cache debug@https://registry.npmjs.org/debug/-/debug-2.6.9.tgz 0ms (cache hit)
2954 http cache debug@https://registry.npmjs.org/debug/-/debug-3.2.7.tgz 0ms (cache hit)
2955 http cache source-map@https://registry.npmjs.org/source-map/-/source-map-0.6.1.tgz 0ms (cache hit)
2956 http cache negotiator@https://registry.npmjs.org/negotiator/-/negotiator-0.6.4.tgz 0ms (cache hit)
2957 http cache statuses@https://registry.npmjs.org/statuses/-/statuses-2.0.2.tgz 0ms (cache hit)
2958 http cache on-finished@https://registry.npmjs.org/on-finished/-/on-finished-2.4.1.tgz 0ms (cache hit)
2959 http cache statuses@https://registry.npmjs.org/statuses/-/statuses-2.0.2.tgz 0ms (cache hit)
2960 http cache @xmldom/xmldom@https://registry.npmjs.org/@xmldom/xmldom/-/xmldom-0.9.10.tgz 0ms (cache hit)
2961 http cache encodeurl@https://registry.npmjs.org/encodeurl/-/encodeurl-2.0.0.tgz 0ms (cache hit)
2962 http cache ms@https://registry.npmjs.org/ms/-/ms-2.0.0.tgz 0ms (cache hit)
2963 http cache debug@https://registry.npmjs.org/debug/-/debug-2.6.9.tgz 0ms (cache hit)
2964 http cache debug@https://registry.npmjs.org/debug/-/debug-2.6.9.tgz 0ms (cache hit)
2965 http cache ms@https://registry.npmjs.org/ms/-/ms-2.0.0.tgz 0ms (cache hit)
2966 http cache picomatch@https://registry.npmjs.org/picomatch/-/picomatch-4.0.5.tgz 0ms (cache hit)
2967 http cache fdir@https://registry.npmjs.org/fdir/-/fdir-6.5.0.tgz 0ms (cache hit)
2968 http cache encodeurl@https://registry.npmjs.org/encodeurl/-/encodeurl-2.0.0.tgz 0ms (cache hit)
2969 http cache hermes-estree@https://registry.npmjs.org/hermes-estree/-/hermes-estree-0.36.0.tgz 0ms (cache hit)
2970 http cache hermes-parser@https://registry.npmjs.org/hermes-parser/-/hermes-parser-0.36.0.tgz 0ms (cache hit)
2971 http cache hermes-parser@https://registry.npmjs.org/hermes-parser/-/hermes-parser-0.36.0.tgz 0ms (cache hit)
2972 http cache commander@https://registry.npmjs.org/commander/-/commander-2.20.3.tgz 0ms (cache hit)
2973 http cache hermes-estree@https://registry.npmjs.org/hermes-estree/-/hermes-estree-0.36.0.tgz 0ms (cache hit)
2974 http cache ci-info@https://registry.npmjs.org/ci-info/-/ci-info-3.9.0.tgz 0ms (cache hit)
2975 http cache debug@https://registry.npmjs.org/debug/-/debug-2.6.9.tgz 0ms (cache hit)
2976 http cache ms@https://registry.npmjs.org/ms/-/ms-2.0.0.tgz 0ms (cache hit)
2977 http cache supports-color@https://registry.npmjs.org/supports-color/-/supports-color-8.1.1.tgz 0ms (cache hit)
2978 http cache lru-cache@https://registry.npmjs.org/lru-cache/-/lru-cache-11.5.2.tgz 0ms (cache hit)
2979 http cache debug@https://registry.npmjs.org/debug/-/debug-2.6.9.tgz 0ms (cache hit)
2980 http cache semver@https://registry.npmjs.org/semver/-/semver-6.3.1.tgz 0ms (cache hit)
2981 http cache semver@https://registry.npmjs.org/semver/-/semver-6.3.1.tgz 0ms (cache hit)
2982 http cache mime-db@https://registry.npmjs.org/mime-db/-/mime-db-1.52.0.tgz 0ms (cache hit)
2983 http cache commander@https://registry.npmjs.org/commander/-/commander-12.1.0.tgz 0ms (cache hit)
2984 http cache ansi-styles@https://registry.npmjs.org/ansi-styles/-/ansi-styles-5.2.0.tgz 0ms (cache hit)
2985 http cache xmlbuilder@https://registry.npmjs.org/xmlbuilder/-/xmlbuilder-11.0.1.tgz 0ms (cache hit)
2986 http cache hermes-estree@https://registry.npmjs.org/hermes-estree/-/hermes-estree-0.36.1.tgz 0ms (cache hit)
2987 http cache negotiator@https://registry.npmjs.org/negotiator/-/negotiator-0.6.3.tgz 0ms (cache hit)
2988 http cache mime-types@https://registry.npmjs.org/mime-types/-/mime-types-2.1.35.tgz 0ms (cache hit)
2989 http cache picomatch@https://registry.npmjs.org/picomatch/-/picomatch-4.0.5.tgz 0ms (cache hit)
2990 http cache hermes-parser@https://registry.npmjs.org/hermes-parser/-/hermes-parser-0.36.1.tgz 0ms (cache hit)
2991 http cache ci-info@https://registry.npmjs.org/ci-info/-/ci-info-3.9.0.tgz 0ms (cache hit)
2992 http cache accepts@https://registry.npmjs.org/accepts/-/accepts-1.3.8.tgz 0ms (cache hit)
2993 http cache ws@https://registry.npmjs.org/ws/-/ws-8.21.1.tgz 0ms (cache hit)
2994 http cache @expo/ws-tunnel@https://registry.npmjs.org/@expo/ws-tunnel/-/ws-tunnel-2.0.0.tgz 0ms (cache hit)
2995 http cache expo-file-system@https://registry.npmjs.org/expo-file-system/-/expo-file-system-57.0.1.tgz 0ms (cache hit)
2996 http cache expo-font@https://registry.npmjs.org/expo-font/-/expo-font-57.0.1.tgz 0ms (cache hit)
2997 http cache expo-constants@https://registry.npmjs.org/expo-constants/-/expo-constants-57.0.5.tgz 0ms (cache hit)
2998 http cache expo-asset@https://registry.npmjs.org/expo-asset/-/expo-asset-57.0.5.tgz 0ms (cache hit)
2999 http cache expo-keep-awake@https://registry.npmjs.org/expo-keep-awake/-/expo-keep-awake-57.0.1.tgz 0ms (cache hit)
3000 http cache @expo/metro-config@https://registry.npmjs.org/@expo/metro-config/-/metro-config-57.0.5.tgz 0ms (cache hit)
3001 http cache babel-preset-expo@https://registry.npmjs.org/babel-preset-expo/-/babel-preset-expo-57.0.3.tgz 0ms (cache hit)
3002 http cache @expo/log-box@https://registry.npmjs.org/@expo/log-box/-/log-box-57.0.1.tgz 0ms (cache hit)
3003 http cache @expo/cli@https://registry.npmjs.org/@expo/cli/-/cli-57.0.8.tgz 0ms (cache hit)
3004 http cache @expo/dom-webview@https://registry.npmjs.org/@expo/dom-webview/-/dom-webview-57.0.1.tgz 0ms (cache hit)
3005 http cache @expo/router-server@https://registry.npmjs.org/@expo/router-server/-/router-server-57.0.3.tgz 0ms (cache hit)
3006 silly tarball no local data for lightningcss-win32-x64-msvc@https://registry.npmjs.org/lightningcss-win32-x64-msvc/-/lightningcss-win32-x64-msvc-1.32.0.tgz. Extracting by manifest.
3007 silly tarball no local data for react-devtools-core@https://registry.npmjs.org/react-devtools-core/-/react-devtools-core-6.1.5.tgz. Extracting by manifest.
3008 silly tarball no local data for hermes-compiler@https://registry.npmjs.org/hermes-compiler/-/hermes-compiler-250829098.0.14.tgz. Extracting by manifest.
3009 http cache ms@https://registry.npmjs.org/ms/-/ms-2.0.0.tgz 0ms (cache hit)
3010 silly tarball no local data for expo-font@https://registry.npmjs.org/expo-font/-/expo-font-57.0.1.tgz. Extracting by manifest.
3011 warn deprecated uuid@7.0.3: uuid@10 and below is no longer supported.  For ESM codebases, update to uuid@latest.  For CommonJS codebases, use uuid@11 (but be aware this version will likely be deprecated in 2028).
3012 http fetch GET 200 https://registry.npmjs.org/expo-font/-/expo-font-57.0.1.tgz 48046ms (cache miss)
3013 http fetch GET 200 https://registry.npmjs.org/react-devtools-core/-/react-devtools-core-6.1.5.tgz 48800ms (cache miss)
3014 http fetch GET 200 https://registry.npmjs.org/lightningcss-win32-x64-msvc/-/lightningcss-win32-x64-msvc-1.32.0.tgz 50696ms (cache miss)
3015 http fetch GET 200 https://registry.npmjs.org/hermes-compiler/-/hermes-compiler-250829098.0.14.tgz 97193ms (cache miss)
3016 silly ADD node_modules/fontfaceobserver
3017 silly ADD node_modules/unicode-property-aliases-ecmascript
3018 silly ADD node_modules/unicode-canonical-property-names-ecmascript
3019 silly ADD node_modules/function-bind
3020 silly ADD node_modules/hasown
3021 silly ADD node_modules/supports-preserve-symlinks-flag
3022 silly ADD node_modules/path-parse
3023 silly ADD node_modules/is-core-module
3024 silly ADD node_modules/es-errors
3025 silly ADD node_modules/unicode-match-property-value-ecmascript
3026 silly ADD node_modules/unicode-match-property-ecmascript
3027 silly ADD node_modules/regjsparser
3028 silly ADD node_modules/regjsgen
3029 silly ADD node_modules/regenerate-unicode-properties
3030 silly ADD node_modules/regenerate
3031 silly ADD node_modules/core-js-compat
3032 silly ADD node_modules/resolve
3033 silly ADD node_modules/lodash.debounce
3034 silly ADD node_modules/@babel/helper-define-polyfill-provider
3035 silly ADD node_modules/@babel/plugin-syntax-typescript
3036 silly ADD node_modules/babel-plugin-polyfill-regenerator
3037 silly ADD node_modules/babel-plugin-polyfill-corejs3
3038 silly ADD node_modules/babel-plugin-polyfill-corejs2
3039 silly ADD node_modules/babel-plugin-polyfill-corejs2/node_modules/semver
3040 silly ADD node_modules/@babel/plugin-syntax-jsx
3041 silly ADD node_modules/regexpu-core
3042 silly ADD node_modules/@babel/helper-create-regexp-features-plugin
3043 silly ADD node_modules/@babel/helper-create-regexp-features-plugin/node_modules/semver
3044 silly ADD node_modules/@babel/plugin-syntax-flow
3045 silly ADD node_modules/@babel/helper-wrap-function
3046 silly ADD node_modules/@babel/helper-remap-async-to-generator
3047 silly ADD node_modules/@babel/helper-skip-transparent-expression-wrappers
3048 silly ADD node_modules/@babel/helper-replace-supers
3049 silly ADD node_modules/@babel/helper-optimise-call-expression
3050 silly ADD node_modules/@babel/helper-member-expression-to-functions
3051 silly ADD node_modules/@babel/helper-annotate-as-pure
3052 silly ADD node_modules/@babel/plugin-syntax-decorators
3053 silly ADD node_modules/@babel/helper-create-class-features-plugin
3054 silly ADD node_modules/@babel/helper-create-class-features-plugin/node_modules/semver
3055 silly ADD node_modules/babel-plugin-transform-flow-enums
3056 silly ADD node_modules/babel-plugin-react-native-web
3057 silly ADD node_modules/babel-plugin-react-compiler
3058 silly ADD node_modules/@react-native/babel-plugin-codegen
3059 silly ADD node_modules/@babel/preset-typescript
3060 silly ADD node_modules/@babel/plugin-transform-unicode-regex
3061 silly ADD node_modules/@babel/plugin-transform-typescript
3062 silly ADD node_modules/@babel/plugin-transform-runtime
3063 silly ADD node_modules/@babel/plugin-transform-runtime/node_modules/semver
3064 silly ADD node_modules/@babel/plugin-transform-react-pure-annotations
3065 silly ADD node_modules/@babel/plugin-transform-react-jsx-development
3066 silly ADD node_modules/@babel/plugin-transform-react-jsx
3067 silly ADD node_modules/@babel/plugin-transform-react-display-name
3068 silly ADD node_modules/@babel/plugin-transform-private-property-in-object
3069 silly ADD node_modules/@babel/plugin-transform-private-methods
3070 silly ADD node_modules/@babel/plugin-transform-parameters
3071 silly ADD node_modules/@babel/plugin-transform-optional-chaining
3072 silly ADD node_modules/@babel/plugin-transform-optional-catch-binding
3073 silly ADD node_modules/@babel/plugin-transform-object-rest-spread
3074 silly ADD node_modules/@babel/plugin-transform-nullish-coalescing-operator
3075 silly ADD node_modules/@babel/plugin-transform-named-capturing-groups-regex
3076 silly ADD node_modules/@babel/plugin-transform-logical-assignment-operators
3077 silly ADD node_modules/@babel/plugin-transform-for-of
3078 silly ADD node_modules/@babel/plugin-transform-flow-strip-types
3079 silly ADD node_modules/@babel/plugin-transform-export-namespace-from
3080 silly ADD node_modules/@babel/plugin-transform-destructuring
3081 silly ADD node_modules/@babel/plugin-transform-classes
3082 silly ADD node_modules/@babel/plugin-transform-class-static-block
3083 silly ADD node_modules/@babel/plugin-transform-class-properties
3084 silly ADD node_modules/@babel/plugin-transform-block-scoping
3085 silly ADD node_modules/@babel/plugin-transform-async-to-generator
3086 silly ADD node_modules/@babel/plugin-transform-async-generator-functions
3087 silly ADD node_modules/@babel/plugin-syntax-optional-chaining
3088 silly ADD node_modules/@babel/plugin-syntax-nullish-coalescing-operator
3089 silly ADD node_modules/@babel/plugin-syntax-export-default-from
3090 silly ADD node_modules/@babel/plugin-syntax-dynamic-import
3091 silly ADD node_modules/@babel/plugin-proposal-export-default-from
3092 silly ADD node_modules/@babel/plugin-proposal-decorators
3093 silly ADD node_modules/source-map-js
3094 silly ADD node_modules/nanoid
3095 silly ADD node_modules/lightningcss-win32-x64-msvc
3096 silly ADD node_modules/detect-libc
3097 silly ADD node_modules/postcss
3098 silly ADD node_modules/lightningcss
3099 silly ADD node_modules/clone
3100 silly ADD node_modules/defaults
3101 silly ADD node_modules/supports-hyperlinks
3102 silly ADD node_modules/ansi-escapes
3103 silly ADD node_modules/ansi-escapes/node_modules/type-fest
3104 silly ADD node_modules/mimic-fn
3105 silly ADD node_modules/signal-exit
3106 silly ADD node_modules/onetime
3107 silly ADD node_modules/sisteransi
3108 silly ADD node_modules/kleur
3109 silly ADD node_modules/pngjs
3110 silly ADD node_modules/restore-cursor
3111 silly ADD node_modules/wcwidth
3112 silly ADD node_modules/log-symbols
3113 silly ADD node_modules/log-symbols/node_modules/has-flag
3114 silly ADD node_modules/log-symbols/node_modules/color-name
3115 silly ADD node_modules/log-symbols/node_modules/color-convert
3116 silly ADD node_modules/log-symbols/node_modules/supports-color
3117 silly ADD node_modules/log-symbols/node_modules/escape-string-regexp
3118 silly ADD node_modules/log-symbols/node_modules/ansi-styles
3119 silly ADD node_modules/log-symbols/node_modules/chalk
3120 silly ADD node_modules/cli-spinners
3121 silly ADD node_modules/cli-cursor
3122 silly ADD node_modules/validate-npm-package-name
3123 silly ADD node_modules/proc-log
3124 silly ADD node_modules/hosted-git-info
3125 silly ADD node_modules/hosted-git-info/node_modules/lru-cache
3126 silly ADD node_modules/argparse
3127 silly ADD node_modules/vary
3128 silly ADD node_modules/safe-buffer
3129 silly ADD node_modules/on-headers
3130 silly ADD node_modules/compressible
3131 silly ADD node_modules/bytes
3132 silly ADD node_modules/js-yaml
3133 silly ADD node_modules/parse-png
3134 silly ADD node_modules/jimp-compact
3135 silly ADD node_modules/@expo/sudo-prompt
3136 silly ADD node_modules/zod
3137 silly ADD node_modules/toqr
3138 silly ADD node_modules/terminal-link
3139 silly ADD node_modules/structured-headers
3140 silly ADD node_modules/prompts
3141 silly ADD node_modules/progress
3142 silly ADD node_modules/ora
3143 silly ADD node_modules/ora/node_modules/has-flag
3144 silly ADD node_modules/ora/node_modules/ansi-regex
3145 silly ADD node_modules/ora/node_modules/color-name
3146 silly ADD node_modules/ora/node_modules/color-convert
3147 silly ADD node_modules/ora/node_modules/supports-color
3148 silly ADD node_modules/ora/node_modules/escape-string-regexp
3149 silly ADD node_modules/ora/node_modules/ansi-styles
3150 silly ADD node_modules/ora/node_modules/strip-ansi
3151 silly ADD node_modules/ora/node_modules/chalk
3152 silly ADD node_modules/npm-package-arg
3153 silly ADD node_modules/node-forge
3154 silly ADD node_modules/multitars
3155 silly ADD node_modules/lan-network
3156 silly ADD node_modules/fetch-nodeshim
3157 silly ADD node_modules/dnssd-advertise
3158 silly ADD node_modules/compression
3159 silly ADD node_modules/compression/node_modules/ms
3160 silly ADD node_modules/compression/node_modules/negotiator
3161 silly ADD node_modules/compression/node_modules/debug
3162 silly ADD node_modules/agent-cli-detector
3163 silly ADD node_modules/@expo/xcpretty
3164 silly ADD node_modules/@expo/schema-utils
3165 silly ADD node_modules/expo-server
3166 silly ADD node_modules/@expo/prebuild-config
3167 silly ADD node_modules/@expo/package-manager
3168 silly ADD node_modules/@expo/osascript
3169 silly ADD node_modules/@expo/metro-file-map
3170 silly ADD node_modules/@expo/inline-modules
3171 silly ADD node_modules/@expo/image-utils
3172 silly ADD node_modules/@expo/devcert
3173 silly ADD node_modules/@expo/devcert/node_modules/debug
3174 silly ADD node_modules/@expo/code-signing-certificates
3175 silly ADD node_modules/is-fullwidth-code-point
3176 silly ADD node_modules/emoji-regex
3177 silly ADD node_modules/wrap-ansi
3178 silly ADD node_modules/strip-ansi
3179 silly ADD node_modules/yargs-parser
3180 silly ADD node_modules/y18n
3181 silly ADD node_modules/string-width
3182 silly ADD node_modules/require-directory
3183 silly ADD node_modules/get-caller-file
3184 silly ADD node_modules/cliui
3185 silly ADD node_modules/sax
3186 silly ADD node_modules/big-integer
3187 silly ADD node_modules/stream-buffers
3188 silly ADD node_modules/plist
3189 silly ADD node_modules/plist/node_modules/@xmldom/xmldom
3190 silly ADD node_modules/bplist-parser
3191 silly ADD node_modules/bplist-creator
3192 silly ADD node_modules/uuid
3193 silly ADD node_modules/simple-plist
3194 silly ADD node_modules/isexe
3195 silly ADD node_modules/tmpl
3196 silly ADD node_modules/makeerror
3197 silly ADD node_modules/escalade
3198 silly ADD node_modules/is-number
3199 silly ADD node_modules/buffer-from
3200 silly ADD node_modules/source-map-support
3201 silly ADD node_modules/source-map-support/node_modules/source-map
3202 silly ADD node_modules/acorn
3203 silly ADD node_modules/@jridgewell/source-map
3204 silly ADD node_modules/has-flag
3205 silly ADD node_modules/type-fest
3206 silly ADD node_modules/shebang-regex
3207 silly ADD node_modules/toidentifier
3208 silly ADD node_modules/setprototypeof
3209 silly ADD node_modules/range-parser
3210 silly ADD node_modules/mime
3211 silly ADD node_modules/http-errors
3212 silly ADD node_modules/http-errors/node_modules/statuses
3213 silly ADD node_modules/fresh
3214 silly ADD node_modules/etag
3215 silly ADD node_modules/destroy
3216 silly ADD node_modules/depd
3217 silly ADD node_modules/send
3218 silly ADD node_modules/send/node_modules/statuses
3219 silly ADD node_modules/send/node_modules/on-finished
3220 silly ADD node_modules/send/node_modules/encodeurl
3221 silly ADD node_modules/send/node_modules/debug
3222 silly ADD node_modules/send/node_modules/debug/node_modules/ms
3223 silly ADD node_modules/shell-quote
3224 silly ADD node_modules/asap
3225 silly ADD node_modules/marky
3226 silly ADD node_modules/is-docker
3227 silly ADD node_modules/mkdirp
3228 silly ADD node_modules/lighthouse-logger
3229 silly ADD node_modules/lighthouse-logger/node_modules/ms
3230 silly ADD node_modules/lighthouse-logger/node_modules/debug
3231 silly ADD node_modules/is-wsl
3232 silly ADD node_modules/escape-string-regexp
3233 silly ADD node_modules/event-target-shim
3234 silly ADD node_modules/fb-dotslash
3235 silly ADD node_modules/serve-static
3236 silly ADD node_modules/serve-static/node_modules/encodeurl
3237 silly ADD node_modules/open
3238 silly ADD node_modules/chromium-edge-launcher
3239 silly ADD node_modules/chrome-launcher
3240 silly ADD node_modules/@react-native/debugger-shell
3241 silly ADD node_modules/@react-native/debugger-frontend
3242 silly ADD node_modules/@isaacs/ttlcache
3243 silly ADD node_modules/@react-native/dev-middleware
3244 silly ADD node_modules/whatwg-fetch
3245 silly ADD node_modules/tinyglobby
3246 silly ADD node_modules/tinyglobby/node_modules/picomatch
3247 silly ADD node_modules/tinyglobby/node_modules/fdir
3248 silly ADD node_modules/stacktrace-parser
3249 silly ADD node_modules/scheduler
3250 silly ADD node_modules/regenerator-runtime
3251 silly ADD node_modules/react-devtools-core
3252 silly ADD node_modules/promise
3253 silly ADD node_modules/memoize-one
3254 silly ADD node_modules/hermes-compiler
3255 silly ADD node_modules/babel-plugin-syntax-hermes-parser
3256 silly ADD node_modules/babel-plugin-syntax-hermes-parser/node_modules/hermes-estree
3257 silly ADD node_modules/babel-plugin-syntax-hermes-parser/node_modules/hermes-parser
3258 silly ADD node_modules/ansi-regex
3259 silly ADD node_modules/anser
3260 silly ADD node_modules/abort-controller
3261 silly ADD node_modules/@react-native/virtualized-lists
3262 silly ADD node_modules/@react-native/normalize-colors
3263 silly ADD node_modules/@react-native/js-polyfills
3264 silly ADD node_modules/@react-native/gradle-plugin
3265 silly ADD node_modules/@react-native/community-cli-plugin
3266 silly ADD node_modules/@react-native/codegen
3267 silly ADD node_modules/@react-native/codegen/node_modules/hermes-estree
3268 silly ADD node_modules/@react-native/codegen/node_modules/hermes-parser
3269 silly ADD node_modules/@react-native/assets-registry
3270 silly ADD node_modules/inherits
3271 silly ADD node_modules/react-is
3272 silly ADD node_modules/ee-first
3273 silly ADD node_modules/balanced-match
3274 silly ADD node_modules/brace-expansion
3275 silly ADD node_modules/mime-db
3276 silly ADD node_modules/to-regex-range
3277 silly ADD node_modules/fill-range
3278 silly ADD node_modules/braces
3279 silly ADD node_modules/vlq
3280 silly ADD node_modules/ob1
3281 silly ADD node_modules/terser
3282 silly ADD node_modules/terser/node_modules/commander
3283 silly ADD node_modules/node-int64
3284 silly ADD node_modules/bser
3285 silly ADD node_modules/walker
3286 silly ADD node_modules/micromatch
3287 silly ADD node_modules/fb-watchman
3288 silly ADD node_modules/leven
3289 silly ADD node_modules/jest-get-type
3290 silly ADD node_modules/camelcase
3291 silly ADD node_modules/yaml
3292 silly ADD node_modules/jest-validate
3293 silly ADD node_modules/agent-base
3294 silly ADD node_modules/https-proxy-agent
3295 silly ADD node_modules/exponential-backoff
3296 silly ADD node_modules/@types/yargs-parser
3297 silly ADD node_modules/@types/istanbul-lib-report
3298 silly ADD node_modules/@sinclair/typebox
3299 silly ADD node_modules/@types/yargs
3300 silly ADD node_modules/@types/istanbul-reports
3301 silly ADD node_modules/@types/istanbul-lib-coverage
3302 silly ADD node_modules/@jest/schemas
3303 silly ADD node_modules/picomatch
3304 silly ADD node_modules/@jest/types
3305 silly ADD node_modules/undici-types
3306 silly ADD node_modules/merge-stream
3307 silly ADD node_modules/jest-util
3308 silly ADD node_modules/jest-util/node_modules/ci-info
3309 silly ADD node_modules/@types/node
3310 silly ADD node_modules/queue
3311 silly ADD node_modules/hermes-estree
3312 silly ADD node_modules/unpipe
3313 silly ADD node_modules/statuses
3314 silly ADD node_modules/on-finished
3315 silly ADD node_modules/escape-html
3316 silly ADD node_modules/encodeurl
3317 silly ADD node_modules/stackframe
3318 silly ADD node_modules/utils-merge
3319 silly ADD node_modules/parseurl
3320 silly ADD node_modules/finalhandler
3321 silly ADD node_modules/finalhandler/node_modules/ms
3322 silly ADD node_modules/finalhandler/node_modules/debug
3323 silly ADD node_modules/negotiator
3324 silly ADD node_modules/yargs
3325 silly ADD node_modules/ws
3326 silly ADD node_modules/throat
3327 silly ADD node_modules/source-map
3328 silly ADD node_modules/serialize-error
3329 silly ADD node_modules/nullthrows
3330 silly ADD node_modules/mime-types
3331 silly ADD node_modules/lodash.throttle
3332 silly ADD node_modules/jsc-safe-url
3333 silly ADD node_modules/jest-worker
3334 silly ADD node_modules/jest-worker/node_modules/supports-color
3335 silly ADD node_modules/image-size
3336 silly ADD node_modules/hermes-parser
3337 silly ADD node_modules/graceful-fs
3338 silly ADD node_modules/flow-enums-runtime
3339 silly ADD node_modules/error-stack-parser
3340 silly ADD node_modules/connect
3341 silly ADD node_modules/connect/node_modules/ms
3342 silly ADD node_modules/connect/node_modules/debug
3343 silly ADD node_modules/ci-info
3344 silly ADD node_modules/accepts
3345 silly ADD node_modules/yallist
3346 silly ADD node_modules/loose-envify
3347 silly ADD node_modules/path-scurry
3348 silly ADD node_modules/path-scurry/node_modules/lru-cache
3349 silly ADD node_modules/minipass
3350 silly ADD node_modules/invariant
3351 silly ADD node_modules/expo-modules-jsi
3352 silly ADD node_modules/@expo/expo-modules-macros-plugin
3353 silly ADD node_modules/commander
3354 silly ADD node_modules/ms
3355 silly ADD node_modules/which
3356 silly ADD node_modules/shebang-command
3357 silly ADD node_modules/path-key
3358 silly ADD node_modules/color-name
3359 silly ADD node_modules/color-convert
3360 silly ADD node_modules/supports-color
3361 silly ADD node_modules/ansi-styles
3362 silly ADD node_modules/update-browserslist-db
3363 silly ADD node_modules/node-releases
3364 silly ADD node_modules/electron-to-chromium
3365 silly ADD node_modules/caniuse-lite
3366 silly ADD node_modules/baseline-browser-mapping
3367 silly ADD node_modules/@jridgewell/resolve-uri
3368 silly ADD node_modules/@jridgewell/sourcemap-codec
3369 silly ADD node_modules/cross-spawn
3370 silly ADD node_modules/@babel/helper-string-parser
3371 silly ADD node_modules/@babel/helper-globals
3372 silly ADD node_modules/@babel/helper-plugin-utils
3373 silly ADD node_modules/@babel/helper-module-imports
3374 silly ADD node_modules/lru-cache
3375 silly ADD node_modules/browserslist
3376 silly ADD node_modules/@babel/helper-validator-option
3377 silly ADD node_modules/@babel/compat-data
3378 silly ADD node_modules/jsesc
3379 silly ADD node_modules/@jridgewell/trace-mapping
3380 silly ADD node_modules/@jridgewell/gen-mapping
3381 silly ADD node_modules/gensync
3382 silly ADD node_modules/convert-source-map
3383 silly ADD node_modules/@jridgewell/remapping
3384 silly ADD node_modules/@babel/types
3385 silly ADD node_modules/@babel/traverse
3386 silly ADD node_modules/@babel/template
3387 silly ADD node_modules/@babel/parser
3388 silly ADD node_modules/@babel/helpers
3389 silly ADD node_modules/@babel/helper-module-transforms
3390 silly ADD node_modules/@babel/helper-compilation-targets
3391 silly ADD node_modules/@babel/helper-compilation-targets/node_modules/semver
3392 silly ADD node_modules/@babel/generator
3393 silly ADD node_modules/@babel/plugin-transform-modules-commonjs
3394 silly ADD node_modules/@babel/core
3395 silly ADD node_modules/@babel/core/node_modules/semver
3396 silly ADD node_modules/xmlbuilder
3397 silly ADD node_modules/base64-js
3398 silly ADD node_modules/@xmldom/xmldom
3399 silly ADD node_modules/metro-transform-worker
3400 silly ADD node_modules/metro-transform-plugins
3401 silly ADD node_modules/metro-symbolicate
3402 silly ADD node_modules/metro-source-map
3403 silly ADD node_modules/metro-runtime
3404 silly ADD node_modules/metro-resolver
3405 silly ADD node_modules/metro-minify-terser
3406 silly ADD node_modules/metro-file-map
3407 silly ADD node_modules/metro-core
3408 silly ADD node_modules/metro-config
3409 silly ADD node_modules/metro-cache-key
3410 silly ADD node_modules/metro-cache
3411 silly ADD node_modules/metro-babel-transformer
3412 silly ADD node_modules/metro
3413 silly ADD node_modules/picocolors
3414 silly ADD node_modules/js-tokens
3415 silly ADD node_modules/@babel/helper-validator-identifier
3416 silly ADD node_modules/json5
3417 silly ADD node_modules/@babel/code-frame
3418 silly ADD node_modules/resolve-from
3419 silly ADD node_modules/minimatch
3420 silly ADD node_modules/ignore
3421 silly ADD node_modules/arg
3422 silly ADD node_modules/@expo/spawn-async
3423 silly ADD node_modules/@expo/env
3424 silly ADD node_modules/xml2js
3425 silly ADD node_modules/xml2js/node_modules/xmlbuilder
3426 silly ADD node_modules/xcode
3427 silly ADD node_modules/debug
3428 silly ADD node_modules/chalk
3429 silly ADD node_modules/@expo/sdk-runtime-versions
3430 silly ADD node_modules/@expo/plist
3431 silly ADD node_modules/slugify
3432 silly ADD node_modules/semver
3433 silly ADD node_modules/resolve-workspace-root
3434 silly ADD node_modules/glob
3435 silly ADD node_modules/getenv
3436 silly ADD node_modules/deepmerge
3437 silly ADD node_modules/@expo/require-utils
3438 silly ADD node_modules/@expo/json-file
3439 silly ADD node_modules/@expo/config-types
3440 silly ADD node_modules/whatwg-url-minimum
3441 silly ADD node_modules/pretty-format
3442 silly ADD node_modules/pretty-format/node_modules/ansi-styles
3443 silly ADD node_modules/expo-modules-core
3444 silly ADD node_modules/expo-modules-autolinking
3445 silly ADD node_modules/react-refresh
3446 silly ADD node_modules/@ungap/structured-clone
3447 silly ADD node_modules/@expo/metro
3448 silly ADD node_modules/@expo/local-build-cache-provider
3449 silly ADD node_modules/@expo/fingerprint
3450 silly ADD node_modules/@expo/devtools
3451 silly ADD node_modules/@expo/config-plugins
3452 silly ADD node_modules/@expo/config
3453 silly ADD node_modules/@babel/runtime
3454 silly ADD node_modules/csstype
3455 silly ADD node_modules/typescript
3456 silly ADD node_modules/expo-status-bar
3457 silly ADD node_modules/expo-secure-store
3458 silly ADD node_modules/react-native
3459 silly ADD node_modules/react-native/node_modules/commander
3460 silly ADD node_modules/react
3461 silly ADD node_modules/expo
3462 silly ADD node_modules/expo/node_modules/mime-db
3463 silly ADD node_modules/expo/node_modules/hermes-estree
3464 silly ADD node_modules/expo/node_modules/negotiator
3465 silly ADD node_modules/expo/node_modules/mime-types
3466 silly ADD node_modules/expo/node_modules/hermes-parser
3467 silly ADD node_modules/expo/node_modules/picomatch
3468 silly ADD node_modules/expo/node_modules/ci-info
3469 silly ADD node_modules/expo/node_modules/accepts
3470 silly ADD node_modules/expo/node_modules/ws
3471 silly ADD node_modules/expo/node_modules/@expo/ws-tunnel
3472 silly ADD node_modules/expo/node_modules/expo-keep-awake
3473 silly ADD node_modules/expo/node_modules/expo-font
3474 silly ADD node_modules/expo/node_modules/expo-file-system
3475 silly ADD node_modules/expo/node_modules/expo-constants
3476 silly ADD node_modules/expo/node_modules/expo-asset
3477 silly ADD node_modules/expo/node_modules/babel-preset-expo
3478 silly ADD node_modules/expo/node_modules/@expo/metro-config
3479 silly ADD node_modules/expo/node_modules/@expo/log-box
3480 silly ADD node_modules/expo/node_modules/@expo/dom-webview
3481 silly ADD node_modules/expo/node_modules/@expo/cli
3482 silly ADD node_modules/expo/node_modules/@expo/cli/node_modules/@expo/router-server
3483 silly ADD node_modules/@types/react
3484 verbose cwd C:\Users\emmanuel.mwinama\Code\Farmis\mobile
3485 verbose os Windows_NT 10.0.26200
3486 verbose node v26.1.0
3487 verbose npm  v11.13.0
3488 verbose exit 0
3489 info ok
