0 verbose cli C:\Program Files\nodejs\node.exe C:\Program Files\nodejs\node_modules\npm\bin\npm-cli.js
1 info using npm@11.13.0
2 info using node@v26.1.0
3 silly config load:file:C:\Program Files\nodejs\node_modules\npm\npmrc
4 silly config load:file:C:\Users\emmanuel.mwinama\Code\Farmis\mobile\.npmrc
5 silly config load:file:C:\Users\emmanuel.mwinama\.npmrc
6 silly config load:file:C:\Users\emmanuel.mwinama\AppData\Roaming\npm\etc\npmrc
7 verbose title npm install
8 verbose argv "install" "--cache" ".\\.npm-cache"
9 verbose logfile logs-max:10 dir:C:\Users\emmanuel.mwinama\Code\Farmis\mobile\.npm-cache\_logs\2026-07-15T19_55_18_115Z-
10 verbose logfile C:\Users\emmanuel.mwinama\Code\Farmis\mobile\.npm-cache\_logs\2026-07-15T19_55_18_115Z-debug-0.log
11 silly logfile done cleaning log files
12 silly packumentCache heap:4395630592 maxSize:1098907648 maxEntrySize:549453824
13 silly idealTree buildDeps
14 silly fetch manifest expo@~57.0.6
15 silly packumentCache full:https://registry.npmjs.org/expo cache-miss
16 http fetch GET 200 https://registry.npmjs.org/npm 2091ms
17 http fetch GET 200 https://registry.npmjs.org/expo 2299ms (cache miss)
18 silly packumentCache full:https://registry.npmjs.org/expo set size:undefined disposed:false
19 silly fetch manifest @expo/metro-runtime@*
20 silly packumentCache full:https://registry.npmjs.org/@expo%2fmetro-runtime cache-miss
21 http fetch GET 200 https://registry.npmjs.org/@expo%2fmetro-runtime 446ms (cache miss)
22 silly packumentCache full:https://registry.npmjs.org/@expo%2fmetro-runtime set size:undefined disposed:false
23 silly fetch manifest react@19.2.3
24 silly packumentCache full:https://registry.npmjs.org/react cache-miss
25 http fetch GET 200 https://registry.npmjs.org/react 3481ms (cache miss)
26 silly packumentCache full:https://registry.npmjs.org/react set size:undefined disposed:false
27 silly fetch manifest react-dom@*
28 silly packumentCache full:https://registry.npmjs.org/react-dom cache-miss
29 http fetch GET 200 https://registry.npmjs.org/react-dom 4130ms (cache miss)
30 silly packumentCache full:https://registry.npmjs.org/react-dom set size:undefined disposed:false
31 silly fetch manifest react@^19.2.7
32 silly packumentCache full:https://registry.npmjs.org/react cache-miss
33 http cache https://registry.npmjs.org/react 29ms (cache hit)
34 silly packumentCache full:https://registry.npmjs.org/react set size:6796788 disposed:false
35 silly fetch manifest react-native@0.86.0
36 silly packumentCache full:https://registry.npmjs.org/react-native cache-miss
37 http fetch GET 200 https://registry.npmjs.org/react-native 5482ms (cache miss)
38 silly packumentCache full:https://registry.npmjs.org/react-native set size:undefined disposed:false
39 silly fetch manifest @react-native/jest-preset@0.86.0
40 silly packumentCache full:https://registry.npmjs.org/@react-native%2fjest-preset cache-miss
41 http fetch GET 200 https://registry.npmjs.org/@react-native%2fjest-preset 223ms (cache miss)
42 silly packumentCache full:https://registry.npmjs.org/@react-native%2fjest-preset set size:undefined disposed:false
43 silly fetch manifest @types/react@~19.2.2
44 silly packumentCache full:https://registry.npmjs.org/@types%2freact cache-miss
45 http fetch GET 200 https://registry.npmjs.org/@types%2freact 2299ms (cache miss)
46 silly packumentCache full:https://registry.npmjs.org/@types%2freact set size:undefined disposed:false
47 silly fetch manifest react-native-web@*
48 silly packumentCache full:https://registry.npmjs.org/react-native-web cache-miss
49 http fetch GET 200 https://registry.npmjs.org/react-native-web 1536ms (cache miss)
50 silly packumentCache full:https://registry.npmjs.org/react-native-web set size:undefined disposed:false
51 silly fetch manifest react-native-webview@*
52 silly packumentCache full:https://registry.npmjs.org/react-native-webview cache-miss
53 http fetch GET 200 https://registry.npmjs.org/react-native-webview 1763ms (cache miss)
54 silly packumentCache full:https://registry.npmjs.org/react-native-webview set size:undefined disposed:false
55 silly fetch manifest expo-secure-store@~57.0.1
56 silly packumentCache full:https://registry.npmjs.org/expo-secure-store cache-miss
57 http fetch GET 200 https://registry.npmjs.org/expo-secure-store 272ms (cache miss)
58 silly packumentCache full:https://registry.npmjs.org/expo-secure-store set size:undefined disposed:false
59 silly fetch manifest expo-status-bar@~57.0.1
60 silly packumentCache full:https://registry.npmjs.org/expo-status-bar cache-miss
61 http fetch GET 200 https://registry.npmjs.org/expo-status-bar 219ms (cache miss)
62 silly packumentCache full:https://registry.npmjs.org/expo-status-bar set size:undefined disposed:false
63 silly fetch manifest typescript@~6.0.3
64 silly packumentCache full:https://registry.npmjs.org/typescript cache-miss
65 http fetch GET 200 https://registry.npmjs.org/typescript 17142ms (cache miss)
66 silly packumentCache full:https://registry.npmjs.org/typescript set size:undefined disposed:false
67 silly placeDep ROOT @types/react@19.2.17 OK for: farmio-mobile@1.0.0 want: ~19.2.2
68 silly placeDep ROOT expo@57.0.6 OK for: farmio-mobile@1.0.0 want: ~57.0.6
69 silly placeDep ROOT react@19.2.3 OK for: expo@57.0.6 want: *
70 silly placeDep ROOT react-native@0.86.0 OK for: expo@57.0.6 want: *
71 silly placeDep ROOT expo-secure-store@57.0.1 OK for: farmio-mobile@1.0.0 want: ~57.0.1
72 silly placeDep ROOT expo-status-bar@57.0.1 OK for: farmio-mobile@1.0.0 want: ~57.0.1
73 silly placeDep ROOT typescript@6.0.3 OK for: farmio-mobile@1.0.0 want: ~6.0.3
74 silly fetch manifest csstype@^3.2.2
75 silly packumentCache full:https://registry.npmjs.org/csstype cache-miss
76 silly fetch manifest @expo/cli@^57.0.8
77 silly packumentCache full:https://registry.npmjs.org/@expo%2fcli cache-miss
78 silly fetch manifest expo-font@~57.0.1
79 silly packumentCache full:https://registry.npmjs.org/expo-font cache-miss
80 silly fetch manifest expo-asset@~57.0.5
81 silly packumentCache full:https://registry.npmjs.org/expo-asset cache-miss
82 silly fetch manifest @expo/metro@~56.0.0
83 silly packumentCache full:https://registry.npmjs.org/@expo%2fmetro cache-miss
84 silly fetch manifest @expo/config@~57.0.5
85 silly packumentCache full:https://registry.npmjs.org/@expo%2fconfig cache-miss
86 silly fetch manifest @expo/log-box@^57.0.1
87 silly packumentCache full:https://registry.npmjs.org/@expo%2flog-box cache-miss
88 http fetch GET 200 https://registry.npmjs.org/csstype 1276ms (cache miss)
89 silly packumentCache full:https://registry.npmjs.org/csstype set size:undefined disposed:false
90 silly fetch manifest pretty-format@^29.7.0
91 silly packumentCache full:https://registry.npmjs.org/pretty-format cache-miss
92 http fetch GET 200 https://registry.npmjs.org/pretty-format 1902ms (cache miss)
93 silly packumentCache full:https://registry.npmjs.org/pretty-format set size:undefined disposed:false
94 silly fetch manifest react-refresh@^0.14.2
95 silly packumentCache full:https://registry.npmjs.org/react-refresh cache-miss
96 http fetch GET 200 https://registry.npmjs.org/@expo%2fcli 10313ms (cache miss)
97 silly packumentCache full:https://registry.npmjs.org/@expo%2fcli set size:undefined disposed:false
98 silly fetch manifest @babel/runtime@^7.20.0
99 silly packumentCache full:https://registry.npmjs.org/@babel%2fruntime cache-miss
100 http fetch GET 200 https://registry.npmjs.org/react-refresh 7720ms (cache miss)
101 silly packumentCache full:https://registry.npmjs.org/react-refresh set size:undefined disposed:false
102 silly fetch manifest @expo/devtools@~57.0.1
103 silly packumentCache full:https://registry.npmjs.org/@expo%2fdevtools cache-miss
104 http fetch GET 200 https://registry.npmjs.org/@expo%2fdevtools 2460ms (cache miss)
105 silly packumentCache full:https://registry.npmjs.org/@expo%2fdevtools set size:undefined disposed:false
106 silly fetch manifest expo-constants@~57.0.5
107 silly packumentCache full:https://registry.npmjs.org/expo-constants cache-miss
108 http fetch GET 200 https://registry.npmjs.org/@expo%2fmetro 14978ms (cache miss)
109 silly packumentCache full:https://registry.npmjs.org/@expo%2fmetro set size:undefined disposed:false
110 silly fetch manifest expo-keep-awake@~57.0.1
111 silly packumentCache full:https://registry.npmjs.org/expo-keep-awake cache-miss
112 http fetch GET 200 https://registry.npmjs.org/expo-constants 3044ms (cache miss)
113 silly packumentCache full:https://registry.npmjs.org/expo-constants set size:undefined disposed:false
114 silly fetch manifest expo-file-system@~57.0.1
115 silly packumentCache full:https://registry.npmjs.org/expo-file-system cache-miss
116 http fetch GET 200 https://registry.npmjs.org/expo-file-system 2649ms (cache miss)
117 silly packumentCache full:https://registry.npmjs.org/expo-file-system set size:undefined disposed:false
118 silly fetch manifest @expo/dom-webview@~57.0.1
119 silly packumentCache full:https://registry.npmjs.org/@expo%2fdom-webview cache-miss
120 http fetch GET 200 https://registry.npmjs.org/@expo%2flog-box 19462ms (cache miss)
121 silly packumentCache full:https://registry.npmjs.org/@expo%2flog-box set size:undefined disposed:false
122 silly fetch manifest @expo/fingerprint@^0.20.5
123 silly packumentCache full:https://registry.npmjs.org/@expo%2ffingerprint cache-miss
124 http fetch GET 200 https://registry.npmjs.org/@babel%2fruntime 9208ms (cache miss)
125 silly packumentCache full:https://registry.npmjs.org/@babel%2fruntime set size:undefined disposed:false
126 silly fetch manifest babel-preset-expo@~57.0.3
127 silly packumentCache full:https://registry.npmjs.org/babel-preset-expo cache-miss
128 http fetch GET 200 https://registry.npmjs.org/@expo%2fdom-webview 2969ms (cache miss)
129 silly packumentCache full:https://registry.npmjs.org/@expo%2fdom-webview set size:undefined disposed:false
130 silly fetch manifest expo-modules-core@~57.0.5
131 silly packumentCache full:https://registry.npmjs.org/expo-modules-core cache-miss
132 http fetch GET 200 https://registry.npmjs.org/expo-modules-core 1707ms (cache miss)
133 silly packumentCache full:https://registry.npmjs.org/expo-modules-core set size:undefined disposed:false
134 silly fetch manifest @expo/metro-config@~57.0.5
135 silly packumentCache full:https://registry.npmjs.org/@expo%2fmetro-config cache-miss
136 http fetch GET 200 https://registry.npmjs.org/babel-preset-expo 5675ms (cache miss)
137 silly packumentCache full:https://registry.npmjs.org/babel-preset-expo set size:undefined disposed:false
138 silly fetch manifest whatwg-url-minimum@^0.1.2
139 silly packumentCache full:https://registry.npmjs.org/whatwg-url-minimum cache-miss
140 http fetch GET 200 https://registry.npmjs.org/@expo%2fconfig 26149ms (cache miss)
141 silly packumentCache full:https://registry.npmjs.org/@expo%2fconfig set size:undefined disposed:false
142 silly fetch manifest @expo/config-plugins@~57.0.5
143 silly packumentCache full:https://registry.npmjs.org/@expo%2fconfig-plugins cache-miss
144 http fetch GET 200 https://registry.npmjs.org/@expo%2fmetro-config 3735ms (cache miss)
145 silly packumentCache full:https://registry.npmjs.org/@expo%2fmetro-config set size:undefined disposed:false
146 silly fetch manifest @ungap/structured-clone@^1.3.0
147 silly packumentCache full:https://registry.npmjs.org/@ungap%2fstructured-clone cache-miss
148 http fetch GET 200 https://registry.npmjs.org/whatwg-url-minimum 3794ms (cache miss)
149 silly packumentCache full:https://registry.npmjs.org/whatwg-url-minimum set size:undefined disposed:false
150 silly fetch manifest expo-modules-autolinking@~57.0.7
151 silly packumentCache full:https://registry.npmjs.org/expo-modules-autolinking cache-miss
152 http fetch GET 200 https://registry.npmjs.org/expo-keep-awake 14495ms (cache miss)
153 silly packumentCache full:https://registry.npmjs.org/expo-keep-awake set size:undefined disposed:false
154 silly fetch manifest @expo/local-build-cache-provider@^57.0.4
155 silly packumentCache full:https://registry.npmjs.org/@expo%2flocal-build-cache-provider cache-miss
156 http fetch GET 200 https://registry.npmjs.org/@ungap%2fstructured-clone 2513ms (cache miss)
157 silly packumentCache full:https://registry.npmjs.org/@ungap%2fstructured-clone set size:undefined disposed:false
158 silly fetch manifest ws@^7.5.10
159 silly packumentCache full:https://registry.npmjs.org/ws cache-miss
160 http fetch GET 200 https://registry.npmjs.org/@expo%2ffingerprint 11005ms (cache miss)
161 silly packumentCache full:https://registry.npmjs.org/@expo%2ffingerprint set size:undefined disposed:false
162 silly fetch manifest anser@^1.4.9
163 silly packumentCache full:https://registry.npmjs.org/anser cache-miss
164 http fetch GET 200 https://registry.npmjs.org/expo-font 30499ms (cache miss)
165 silly packumentCache full:https://registry.npmjs.org/expo-font set size:undefined disposed:false
166 silly fetch manifest yargs@^17.6.2
167 silly packumentCache full:https://registry.npmjs.org/yargs cache-miss
168 http fetch GET 200 https://registry.npmjs.org/expo-asset 31497ms (cache miss)
169 silly packumentCache full:https://registry.npmjs.org/expo-asset set size:undefined disposed:false
170 silly fetch manifest semver@^7.1.3
171 silly packumentCache full:https://registry.npmjs.org/semver cache-miss
172 http fetch GET 200 https://registry.npmjs.org/ws 1386ms (cache miss)
173 silly packumentCache full:https://registry.npmjs.org/ws set size:undefined disposed:false
174 silly fetch manifest promise@^8.3.0
175 silly packumentCache full:https://registry.npmjs.org/promise cache-miss
176 http fetch GET 200 https://registry.npmjs.org/expo-modules-autolinking 3311ms (cache miss)
177 silly packumentCache full:https://registry.npmjs.org/expo-modules-autolinking set size:undefined disposed:false
178 silly fetch manifest base64-js@^1.5.1
179 silly packumentCache full:https://registry.npmjs.org/base64-js cache-miss
180 http fetch GET 200 https://registry.npmjs.org/@expo%2flocal-build-cache-provider 3567ms (cache miss)
181 silly packumentCache full:https://registry.npmjs.org/@expo%2flocal-build-cache-provider set size:undefined disposed:false
182 silly fetch manifest commander@^12.0.0
183 silly packumentCache full:https://registry.npmjs.org/commander cache-miss
184 http fetch GET 200 https://registry.npmjs.org/promise 1287ms (cache miss)
185 silly packumentCache full:https://registry.npmjs.org/promise set size:undefined disposed:false
186 silly fetch manifest invariant@^2.2.4
187 silly packumentCache full:https://registry.npmjs.org/invariant cache-miss
188 http fetch GET 200 https://registry.npmjs.org/@expo%2fconfig-plugins 7019ms (cache miss)
189 silly packumentCache full:https://registry.npmjs.org/@expo%2fconfig-plugins set size:undefined disposed:false
190 silly fetch manifest scheduler@0.27.0
191 silly packumentCache full:https://registry.npmjs.org/scheduler cache-miss
192 http fetch GET 200 https://registry.npmjs.org/anser 2699ms (cache miss)
193 silly packumentCache full:https://registry.npmjs.org/anser set size:undefined disposed:false
194 silly fetch manifest ansi-regex@^5.0.0
195 silly packumentCache full:https://registry.npmjs.org/ansi-regex cache-miss
196 http fetch GET 200 https://registry.npmjs.org/base64-js 1056ms (cache miss)
197 silly packumentCache full:https://registry.npmjs.org/base64-js set size:undefined disposed:false
198 silly fetch manifest nullthrows@^1.1.1
199 silly packumentCache full:https://registry.npmjs.org/nullthrows cache-miss
200 http fetch GET 200 https://registry.npmjs.org/commander 1346ms (cache miss)
201 silly packumentCache full:https://registry.npmjs.org/commander set size:undefined disposed:false
202 silly fetch manifest tinyglobby@^0.2.15
203 silly packumentCache full:https://registry.npmjs.org/tinyglobby cache-miss
204 http fetch GET 200 https://registry.npmjs.org/invariant 1533ms (cache miss)
205 silly packumentCache full:https://registry.npmjs.org/invariant set size:undefined disposed:false
206 silly fetch manifest memoize-one@^5.0.0
207 silly packumentCache full:https://registry.npmjs.org/memoize-one cache-miss
208 http fetch GET 200 https://registry.npmjs.org/ansi-regex 2009ms (cache miss)
209 silly packumentCache full:https://registry.npmjs.org/ansi-regex set size:undefined disposed:false
210 silly fetch manifest whatwg-fetch@^3.0.0
211 silly packumentCache full:https://registry.npmjs.org/whatwg-fetch cache-miss
212 http fetch GET 200 https://registry.npmjs.org/tinyglobby 1010ms (cache miss)
213 silly packumentCache full:https://registry.npmjs.org/tinyglobby set size:undefined disposed:false
214 silly fetch manifest metro-runtime@^0.84.3
215 silly packumentCache full:https://registry.npmjs.org/metro-runtime cache-miss
216 http fetch GET 200 https://registry.npmjs.org/nullthrows 2689ms (cache miss)
217 silly packumentCache full:https://registry.npmjs.org/nullthrows set size:undefined disposed:false
218 silly fetch manifest react-refresh@^0.14.0
219 silly packumentCache full:https://registry.npmjs.org/react-refresh cache-miss
220 http cache https://registry.npmjs.org/react-refresh 123ms (cache hit)
221 silly packumentCache full:https://registry.npmjs.org/react-refresh set size:6459267 disposed:false
222 silly fetch manifest hermes-compiler@250829098.0.14
223 silly packumentCache full:https://registry.npmjs.org/hermes-compiler cache-miss
224 http fetch GET 200 https://registry.npmjs.org/metro-runtime 1252ms (cache miss)
225 silly packumentCache full:https://registry.npmjs.org/metro-runtime set size:undefined disposed:false
226 silly fetch manifest abort-controller@^3.0.0
227 silly packumentCache full:https://registry.npmjs.org/abort-controller cache-miss
228 http fetch GET 200 https://registry.npmjs.org/semver 5873ms (cache miss)
229 silly packumentCache full:https://registry.npmjs.org/semver set size:undefined disposed:false
230 silly fetch manifest metro-source-map@^0.84.3
231 silly packumentCache full:https://registry.npmjs.org/metro-source-map cache-miss
232 http fetch GET 200 https://registry.npmjs.org/abort-controller 806ms (cache miss)
233 silly packumentCache full:https://registry.npmjs.org/abort-controller set size:undefined disposed:false
234 silly fetch manifest stacktrace-parser@^0.1.10
235 silly packumentCache full:https://registry.npmjs.org/stacktrace-parser cache-miss
236 http fetch GET 200 https://registry.npmjs.org/memoize-one 3410ms (cache miss)
237 silly packumentCache full:https://registry.npmjs.org/memoize-one set size:undefined disposed:false
238 silly fetch manifest flow-enums-runtime@^0.0.6
239 silly packumentCache full:https://registry.npmjs.org/flow-enums-runtime cache-miss
240 http fetch GET 200 https://registry.npmjs.org/stacktrace-parser 523ms (cache miss)
241 silly packumentCache full:https://registry.npmjs.org/stacktrace-parser set size:undefined disposed:false
242 silly fetch manifest react-devtools-core@^6.1.5
243 silly packumentCache full:https://registry.npmjs.org/react-devtools-core cache-miss
244 http fetch GET 200 https://registry.npmjs.org/whatwg-fetch 2932ms (cache miss)
245 silly packumentCache full:https://registry.npmjs.org/whatwg-fetch set size:undefined disposed:false
246 silly fetch manifest regenerator-runtime@^0.13.2
247 silly packumentCache full:https://registry.npmjs.org/regenerator-runtime cache-miss
248 http fetch GET 200 https://registry.npmjs.org/hermes-compiler 1736ms (cache miss)
249 silly packumentCache full:https://registry.npmjs.org/hermes-compiler set size:undefined disposed:false
250 silly fetch manifest @react-native/codegen@0.86.0
251 silly packumentCache full:https://registry.npmjs.org/@react-native%2fcodegen cache-miss
252 http fetch GET 200 https://registry.npmjs.org/react-devtools-core 378ms (cache miss)
253 silly packumentCache full:https://registry.npmjs.org/react-devtools-core set size:undefined disposed:false
254 silly fetch manifest @react-native/js-polyfills@0.86.0
255 silly packumentCache full:https://registry.npmjs.org/@react-native%2fjs-polyfills cache-miss
256 http fetch GET 200 https://registry.npmjs.org/flow-enums-runtime 583ms (cache miss)
257 silly packumentCache full:https://registry.npmjs.org/flow-enums-runtime set size:undefined disposed:false
258 silly fetch manifest @react-native/gradle-plugin@0.86.0
259 silly packumentCache full:https://registry.npmjs.org/@react-native%2fgradle-plugin cache-miss
260 http fetch GET 200 https://registry.npmjs.org/yargs 8549ms (cache miss)
261 silly packumentCache full:https://registry.npmjs.org/yargs set size:undefined disposed:false
262 silly fetch manifest @react-native/assets-registry@0.86.0
263 silly packumentCache full:https://registry.npmjs.org/@react-native%2fassets-registry cache-miss
264 http fetch GET 200 https://registry.npmjs.org/@react-native%2fjs-polyfills 850ms (cache miss)
265 silly packumentCache full:https://registry.npmjs.org/@react-native%2fjs-polyfills set size:undefined disposed:false
266 silly fetch manifest @react-native/normalize-colors@0.86.0
267 silly packumentCache full:https://registry.npmjs.org/@react-native%2fnormalize-colors cache-miss
268 http fetch GET 200 https://registry.npmjs.org/regenerator-runtime 1211ms (cache miss)
269 silly packumentCache full:https://registry.npmjs.org/regenerator-runtime set size:undefined disposed:false
270 silly fetch manifest @react-native/virtualized-lists@0.86.0
271 silly packumentCache full:https://registry.npmjs.org/@react-native%2fvirtualized-lists cache-miss
272 http fetch GET 200 https://registry.npmjs.org/@react-native%2fnormalize-colors 1503ms (cache miss)
273 silly packumentCache full:https://registry.npmjs.org/@react-native%2fnormalize-colors set size:undefined disposed:false
274 silly fetch manifest babel-plugin-syntax-hermes-parser@0.36.0
275 silly packumentCache full:https://registry.npmjs.org/babel-plugin-syntax-hermes-parser cache-miss
276 http fetch GET 200 https://registry.npmjs.org/babel-plugin-syntax-hermes-parser 268ms (cache miss)
277 silly packumentCache full:https://registry.npmjs.org/babel-plugin-syntax-hermes-parser set size:undefined disposed:false
278 silly fetch manifest @react-native/community-cli-plugin@0.86.0
279 silly packumentCache full:https://registry.npmjs.org/@react-native%2fcommunity-cli-plugin cache-miss
280 http fetch GET 200 https://registry.npmjs.org/@react-native%2fcommunity-cli-plugin 765ms (cache miss)
281 silly packumentCache full:https://registry.npmjs.org/@react-native%2fcommunity-cli-plugin set size:undefined disposed:false
282 http fetch GET 200 https://registry.npmjs.org/@react-native%2fcodegen 4425ms (cache miss)
283 silly packumentCache full:https://registry.npmjs.org/@react-native%2fcodegen set size:undefined disposed:false
284 http fetch GET 200 https://registry.npmjs.org/metro-source-map 5798ms (cache miss)
285 silly packumentCache full:https://registry.npmjs.org/metro-source-map set size:undefined disposed:false
286 http fetch GET 200 https://registry.npmjs.org/@react-native%2fassets-registry 5526ms (cache miss)
287 silly packumentCache full:https://registry.npmjs.org/@react-native%2fassets-registry set size:undefined disposed:false
288 http fetch GET 200 https://registry.npmjs.org/scheduler 13307ms (cache miss)
289 silly packumentCache full:https://registry.npmjs.org/scheduler set size:undefined disposed:false
290 http fetch GET 200 https://registry.npmjs.org/@react-native%2fgradle-plugin 8133ms (cache miss)
291 silly packumentCache full:https://registry.npmjs.org/@react-native%2fgradle-plugin set size:undefined disposed:false
292 http fetch GET 200 https://registry.npmjs.org/@react-native%2fvirtualized-lists 7416ms (cache miss)
293 silly packumentCache full:https://registry.npmjs.org/@react-native%2fvirtualized-lists set size:undefined disposed:false
294 silly placeDep ROOT csstype@3.2.3 OK for: @types/react@19.2.17 want: ^3.2.2
295 silly fetch manifest expo@*
296 silly packumentCache full:https://registry.npmjs.org/expo cache-miss
297 http cache https://registry.npmjs.org/expo 107ms (cache hit)
298 silly packumentCache full:https://registry.npmjs.org/expo set size:3927571 disposed:false
299 silly fetch manifest react@*
300 silly packumentCache full:https://registry.npmjs.org/react cache-miss
301 http cache https://registry.npmjs.org/react 119ms (cache hit)
302 silly packumentCache full:https://registry.npmjs.org/react set size:6796788 disposed:false
303 silly fetch manifest react-native@*
304 silly packumentCache full:https://registry.npmjs.org/react-native cache-miss
305 http cache https://registry.npmjs.org/react-native 169ms (cache hit)
306 silly packumentCache full:https://registry.npmjs.org/react-native set size:15499313 disposed:false
307 silly fetch manifest @types/react@^19.1.1
308 silly packumentCache full:https://registry.npmjs.org/@types%2freact cache-miss
309 http cache https://registry.npmjs.org/@types%2freact 34ms (cache hit)
310 silly packumentCache full:https://registry.npmjs.org/@types%2freact set size:2632776 disposed:false
311 silly fetch manifest expo-router@*
312 silly packumentCache full:https://registry.npmjs.org/expo-router cache-miss
313 http fetch GET 200 https://registry.npmjs.org/expo-router 1834ms (cache miss)
314 silly packumentCache full:https://registry.npmjs.org/expo-router set size:undefined disposed:false
315 silly fetch manifest @testing-library/react-native@>= 13.2.0
316 silly packumentCache full:https://registry.npmjs.org/@testing-library%2freact-native cache-miss
317 http fetch GET 200 https://registry.npmjs.org/@testing-library%2freact-native 1923ms (cache miss)
318 silly packumentCache full:https://registry.npmjs.org/@testing-library%2freact-native set size:undefined disposed:false
319 silly fetch manifest jest@>=29.0.0
320 silly packumentCache full:https://registry.npmjs.org/jest cache-miss
321 http fetch GET 200 https://registry.npmjs.org/jest 2857ms (cache miss)
322 silly packumentCache full:https://registry.npmjs.org/jest set size:undefined disposed:false
323 silly fetch manifest node-notifier@^8.0.1 || ^9.0.0 || ^10.0.0
324 silly packumentCache full:https://registry.npmjs.org/node-notifier cache-miss
325 http fetch GET 200 https://registry.npmjs.org/node-notifier 371ms (cache miss)
326 silly packumentCache full:https://registry.npmjs.org/node-notifier set size:undefined disposed:false
327 silly fetch manifest test-renderer@^1.0.0
328 silly packumentCache full:https://registry.npmjs.org/test-renderer cache-miss
329 http fetch GET 200 https://registry.npmjs.org/test-renderer 180ms (cache miss)
330 silly packumentCache full:https://registry.npmjs.org/test-renderer set size:undefined disposed:false
331 silly fetch manifest expo-linking@^57.0.3
332 silly packumentCache full:https://registry.npmjs.org/expo-linking cache-miss
333 http fetch GET 200 https://registry.npmjs.org/expo-linking 1115ms (cache miss)
334 silly packumentCache full:https://registry.npmjs.org/expo-linking set size:undefined disposed:false
335 silly fetch manifest react-native-gesture-handler@*
336 silly packumentCache full:https://registry.npmjs.org/react-native-gesture-handler cache-miss
337 http fetch GET 200 https://registry.npmjs.org/react-native-gesture-handler 1508ms (cache miss)
338 silly packumentCache full:https://registry.npmjs.org/react-native-gesture-handler set size:undefined disposed:false
339 silly fetch manifest react-native-reanimated@*
340 silly packumentCache full:https://registry.npmjs.org/react-native-reanimated cache-miss
341 http fetch GET 200 https://registry.npmjs.org/react-native-reanimated 1040ms (cache miss)
342 silly packumentCache full:https://registry.npmjs.org/react-native-reanimated set size:undefined disposed:false
343 silly fetch manifest react-native-worklets@0.10.x
344 silly packumentCache full:https://registry.npmjs.org/react-native-worklets cache-miss
345 http fetch GET 200 https://registry.npmjs.org/react-native-worklets 857ms (cache miss)
346 silly packumentCache full:https://registry.npmjs.org/react-native-worklets set size:undefined disposed:false
347 silly fetch manifest @babel/core@*
348 silly packumentCache full:https://registry.npmjs.org/@babel%2fcore cache-miss
349 http fetch GET 200 https://registry.npmjs.org/@babel%2fcore 992ms (cache miss)
350 silly packumentCache full:https://registry.npmjs.org/@babel%2fcore set size:undefined disposed:false
351 silly fetch manifest @react-native/metro-config@*
352 silly packumentCache full:https://registry.npmjs.org/@react-native%2fmetro-config cache-miss
353 http fetch GET 200 https://registry.npmjs.org/@react-native%2fmetro-config 1569ms (cache miss)
354 silly packumentCache full:https://registry.npmjs.org/@react-native%2fmetro-config set size:undefined disposed:false
355 silly fetch manifest react-native-safe-area-context@>= 5.4.0
356 silly packumentCache full:https://registry.npmjs.org/react-native-safe-area-context cache-miss
357 http fetch GET 200 https://registry.npmjs.org/react-native-safe-area-context 443ms (cache miss)
358 silly packumentCache full:https://registry.npmjs.org/react-native-safe-area-context set size:undefined disposed:false
359 silly fetch manifest react-server-dom-webpack@~19.0.4 || ~19.1.5 || ~19.2.4
360 silly packumentCache full:https://registry.npmjs.org/react-server-dom-webpack cache-miss
361 http fetch GET 200 https://registry.npmjs.org/react-server-dom-webpack 4850ms (cache miss)
362 silly packumentCache full:https://registry.npmjs.org/react-server-dom-webpack set size:undefined disposed:false
363 silly fetch manifest webpack@^5.59.0
364 silly packumentCache full:https://registry.npmjs.org/webpack cache-miss
365 http fetch GET 200 https://registry.npmjs.org/webpack 2774ms (cache miss)
366 silly packumentCache full:https://registry.npmjs.org/webpack set size:undefined disposed:false
367 silly fetch manifest expo-widgets@^57.0.5
368 silly packumentCache full:https://registry.npmjs.org/expo-widgets cache-miss
369 http fetch GET 200 https://registry.npmjs.org/expo-widgets 480ms (cache miss)
370 silly packumentCache full:https://registry.npmjs.org/expo-widgets set size:undefined disposed:false
371 silly fetch manifest react-native-worklets@^0.7.4 || ^0.8.0 || ^0.9.0 || ^0.10.0
372 silly packumentCache full:https://registry.npmjs.org/react-native-worklets cache-miss
373 http cache https://registry.npmjs.org/react-native-worklets 19ms (cache hit)
374 silly packumentCache full:https://registry.npmjs.org/react-native-worklets set size:2954654 disposed:false
375 silly placeDep ROOT @babel/runtime@7.29.7 OK for: expo@57.0.6 want: ^7.20.0
376 silly placeDep node_modules/expo @expo/cli@57.0.8 CONFLICT for: expo@57.0.6 want: ^57.0.8
377 silly placeDep ROOT @expo/config@57.0.5 OK for: expo@57.0.6 want: ~57.0.5
378 silly placeDep ROOT @expo/config-plugins@57.0.5 OK for: expo@57.0.6 want: ~57.0.5
379 silly placeDep ROOT @expo/devtools@57.0.1 OK for: expo@57.0.6 want: ~57.0.1
380 silly placeDep node_modules/expo @expo/dom-webview@57.0.1 CONFLICT for: expo@57.0.6 want: ~57.0.1
381 silly placeDep ROOT @expo/fingerprint@0.20.5 OK for: expo@57.0.6 want: ^0.20.5
382 silly placeDep ROOT @expo/local-build-cache-provider@57.0.4 OK for: expo@57.0.6 want: ^57.0.4
383 silly placeDep node_modules/expo @expo/log-box@57.0.1 CONFLICT for: expo@57.0.6 want: ^57.0.1
384 silly placeDep ROOT @expo/metro@56.0.0 OK for: expo@57.0.6 want: ~56.0.0
385 silly placeDep node_modules/expo @expo/metro-config@57.0.5 CONFLICT for: expo@57.0.6 want: ~57.0.5
386 silly placeDep ROOT @ungap/structured-clone@1.3.3 OK for: expo@57.0.6 want: ^1.3.0
387 silly placeDep node_modules/expo babel-preset-expo@57.0.3 CONFLICT for: expo@57.0.6 want: ~57.0.3
388 silly placeDep ROOT react-refresh@0.14.2 OK for: babel-preset-expo@57.0.3 want: >=0.14.0 <1.0.0
389 silly placeDep node_modules/expo expo-asset@57.0.5 CONFLICT for: expo@57.0.6 want: ~57.0.5
390 silly placeDep node_modules/expo expo-constants@57.0.5 CONFLICT for: expo@57.0.6 want: ~57.0.5
391 silly placeDep node_modules/expo expo-file-system@57.0.1 CONFLICT for: expo@57.0.6 want: ~57.0.1
392 silly placeDep node_modules/expo expo-font@57.0.1 CONFLICT for: expo@57.0.6 want: ~57.0.1
393 silly placeDep node_modules/expo expo-keep-awake@57.0.1 CONFLICT for: expo@57.0.6 want: ~57.0.1
394 silly placeDep ROOT expo-modules-autolinking@57.0.7 OK for: expo@57.0.6 want: ~57.0.7
395 silly placeDep ROOT expo-modules-core@57.0.5 OK for: expo@57.0.6 want: ~57.0.5
396 silly placeDep ROOT pretty-format@29.7.0 OK for: expo@57.0.6 want: ^29.7.0
397 silly placeDep ROOT whatwg-url-minimum@0.1.2 OK for: expo@57.0.6 want: ^0.1.2
398 silly fetch manifest ws@^8.12.1
399 silly packumentCache full:https://registry.npmjs.org/ws cache-miss
400 silly fetch manifest arg@^5.0.2
401 silly packumentCache full:https://registry.npmjs.org/arg cache-miss
402 silly fetch manifest ora@^3.4.0
403 silly packumentCache full:https://registry.npmjs.org/ora cache-miss
404 silly fetch manifest zod@^3.25.76
405 silly packumentCache full:https://registry.npmjs.org/zod cache-miss
406 silly fetch manifest glob@^13.0.0
407 silly packumentCache full:https://registry.npmjs.org/glob cache-miss
408 silly fetch manifest send@^0.19.0
409 silly packumentCache full:https://registry.npmjs.org/send cache-miss
410 silly fetch manifest toqr@^0.1.1
411 silly packumentCache full:https://registry.npmjs.org/toqr cache-miss
412 http cache https://registry.npmjs.org/ws 13ms (cache hit)
413 silly packumentCache full:https://registry.npmjs.org/ws set size:436175 disposed:false
414 silly fetch manifest chalk@^4.0.0
415 silly packumentCache full:https://registry.npmjs.org/chalk cache-miss
416 http fetch GET 200 https://registry.npmjs.org/arg 366ms (cache miss)
417 silly packumentCache full:https://registry.npmjs.org/arg set size:undefined disposed:false
418 silly fetch manifest debug@^4.3.4
419 silly packumentCache full:https://registry.npmjs.org/debug cache-miss
420 http fetch GET 200 https://registry.npmjs.org/chalk 461ms (cache miss)
421 silly packumentCache full:https://registry.npmjs.org/chalk set size:undefined disposed:false
422 silly fetch manifest getenv@^2.0.0
423 silly packumentCache full:https://registry.npmjs.org/getenv cache-miss
424 http fetch GET 200 https://registry.npmjs.org/send 553ms (cache miss)
425 silly packumentCache full:https://registry.npmjs.org/send set size:undefined disposed:false
426 silly fetch manifest semver@^7.6.0
427 silly packumentCache full:https://registry.npmjs.org/semver cache-miss
428 http fetch GET 200 https://registry.npmjs.org/ora 652ms (cache miss)
429 silly packumentCache full:https://registry.npmjs.org/ora set size:undefined disposed:false
430 silly fetch manifest accepts@^1.3.8
431 silly packumentCache full:https://registry.npmjs.org/accepts cache-miss
432 http fetch GET 200 https://registry.npmjs.org/glob 679ms (cache miss)
433 silly packumentCache full:https://registry.npmjs.org/glob set size:undefined disposed:false
434 silly fetch manifest ci-info@^3.3.0
435 silly packumentCache full:https://registry.npmjs.org/ci-info cache-miss
436 http fetch GET 200 https://registry.npmjs.org/toqr 694ms (cache miss)
437 silly packumentCache full:https://registry.npmjs.org/toqr set size:undefined disposed:false
438 silly fetch manifest connect@^3.7.0
439 silly packumentCache full:https://registry.npmjs.org/connect cache-miss
440 http cache https://registry.npmjs.org/semver 144ms (cache hit)
441 silly packumentCache full:https://registry.npmjs.org/semver set size:246069 disposed:false
442 silly fetch manifest prompts@^2.3.2
443 silly packumentCache full:https://registry.npmjs.org/prompts cache-miss
444 http fetch GET 200 https://registry.npmjs.org/getenv 245ms (cache miss)
445 silly packumentCache full:https://registry.npmjs.org/getenv set size:undefined disposed:false
446 silly fetch manifest slugify@^1.3.4
447 silly packumentCache full:https://registry.npmjs.org/slugify cache-miss
448 http fetch GET 200 https://registry.npmjs.org/debug 366ms (cache miss)
449 silly packumentCache full:https://registry.npmjs.org/debug set size:undefined disposed:false
450 silly fetch manifest progress@^2.0.3
451 silly packumentCache full:https://registry.npmjs.org/progress cache-miss
452 http fetch GET 200 https://registry.npmjs.org/accepts 183ms (cache miss)
453 silly packumentCache full:https://registry.npmjs.org/accepts set size:undefined disposed:false
454 silly fetch manifest @expo/env@~2.4.2
455 silly packumentCache full:https://registry.npmjs.org/@expo%2fenv cache-miss
456 http fetch GET 200 https://registry.npmjs.org/ci-info 200ms (cache miss)
457 silly packumentCache full:https://registry.npmjs.org/ci-info set size:undefined disposed:false
458 silly fetch manifest multitars@^1.0.0
459 silly packumentCache full:https://registry.npmjs.org/multitars cache-miss
460 http fetch GET 200 https://registry.npmjs.org/slugify 188ms (cache miss)
461 silly packumentCache full:https://registry.npmjs.org/slugify set size:undefined disposed:false
462 silly fetch manifest picomatch@^4.0.4
463 silly packumentCache full:https://registry.npmjs.org/picomatch cache-miss
464 http fetch GET 200 https://registry.npmjs.org/progress 199ms (cache miss)
465 silly packumentCache full:https://registry.npmjs.org/progress set size:undefined disposed:false
466 silly fetch manifest wrap-ansi@^7.0.0
467 silly packumentCache full:https://registry.npmjs.org/wrap-ansi cache-miss
468 http fetch GET 200 https://registry.npmjs.org/prompts 282ms (cache miss)
469 silly packumentCache full:https://registry.npmjs.org/prompts set size:undefined disposed:false
470 silly fetch manifest node-forge@^1.3.3
471 silly packumentCache full:https://registry.npmjs.org/node-forge cache-miss
472 http fetch GET 200 https://registry.npmjs.org/picomatch 165ms (cache miss)
473 silly packumentCache full:https://registry.npmjs.org/picomatch set size:undefined disposed:false
474 silly fetch manifest @expo/plist@^0.8.1
475 silly packumentCache full:https://registry.npmjs.org/@expo%2fplist cache-miss
476 http fetch GET 200 https://registry.npmjs.org/@expo%2fenv 294ms (cache miss)
477 silly packumentCache full:https://registry.npmjs.org/@expo%2fenv set size:undefined disposed:false
478 silly fetch manifest compression@^1.7.4
479 silly packumentCache full:https://registry.npmjs.org/compression cache-miss
480 http fetch GET 200 https://registry.npmjs.org/wrap-ansi 209ms (cache miss)
481 silly packumentCache full:https://registry.npmjs.org/wrap-ansi set size:undefined disposed:false
482 silly fetch manifest expo-server@^57.0.1
483 silly packumentCache full:https://registry.npmjs.org/expo-server cache-miss
484 http fetch GET 200 https://registry.npmjs.org/connect 459ms (cache miss)
485 silly packumentCache full:https://registry.npmjs.org/connect set size:undefined disposed:false
486 silly fetch manifest lan-network@^0.2.1
487 silly packumentCache full:https://registry.npmjs.org/lan-network cache-miss
488 http fetch GET 200 https://registry.npmjs.org/compression 697ms (cache miss)
489 silly packumentCache full:https://registry.npmjs.org/compression set size:undefined disposed:false
490 silly fetch manifest resolve-from@^5.0.0
491 silly packumentCache full:https://registry.npmjs.org/resolve-from cache-miss
492 http fetch GET 200 https://registry.npmjs.org/node-forge 853ms (cache miss)
493 silly packumentCache full:https://registry.npmjs.org/node-forge set size:undefined disposed:false
494 silly fetch manifest @expo/devcert@^1.2.1
495 silly packumentCache full:https://registry.npmjs.org/@expo%2fdevcert cache-miss
496 http fetch GET 200 https://registry.npmjs.org/lan-network 757ms (cache miss)
497 silly packumentCache full:https://registry.npmjs.org/lan-network set size:undefined disposed:false
498 silly fetch manifest bplist-parser@^0.3.1
499 silly packumentCache full:https://registry.npmjs.org/bplist-parser cache-miss
500 http fetch GET 200 https://registry.npmjs.org/@expo%2fplist 855ms (cache miss)
501 silly packumentCache full:https://registry.npmjs.org/@expo%2fplist set size:undefined disposed:false
502 silly fetch manifest terminal-link@^2.1.1
503 silly packumentCache full:https://registry.npmjs.org/terminal-link cache-miss
504 http fetch GET 200 https://registry.npmjs.org/multitars 1078ms (cache miss)
505 silly packumentCache full:https://registry.npmjs.org/multitars set size:undefined disposed:false
506 silly fetch manifest @expo/xcpretty@^4.4.4
507 silly packumentCache full:https://registry.npmjs.org/@expo%2fxcpretty cache-miss
508 http fetch GET 200 https://registry.npmjs.org/zod 2178ms (cache miss)
509 silly packumentCache full:https://registry.npmjs.org/zod set size:undefined disposed:false
510 silly fetch manifest bplist-creator@0.1.0
511 silly packumentCache full:https://registry.npmjs.org/bplist-creator cache-miss
512 http fetch GET 200 https://registry.npmjs.org/expo-server 1131ms (cache miss)
513 silly packumentCache full:https://registry.npmjs.org/expo-server set size:undefined disposed:false
514 silly fetch manifest fetch-nodeshim@^0.4.10
515 silly packumentCache full:https://registry.npmjs.org/fetch-nodeshim cache-miss
516 http fetch GET 200 https://registry.npmjs.org/resolve-from 558ms (cache miss)
517 silly packumentCache full:https://registry.npmjs.org/resolve-from set size:undefined disposed:false
518 silly fetch manifest @expo/json-file@^11.0.1
519 silly packumentCache full:https://registry.npmjs.org/@expo%2fjson-file cache-miss
520 http fetch GET 200 https://registry.npmjs.org/@expo%2fdevcert 652ms (cache miss)
521 silly packumentCache full:https://registry.npmjs.org/@expo%2fdevcert set size:undefined disposed:false
522 silly fetch manifest @expo/osascript@^2.7.1
523 silly packumentCache full:https://registry.npmjs.org/@expo%2fosascript cache-miss
524 http fetch GET 200 https://registry.npmjs.org/bplist-parser 566ms (cache miss)
525 silly packumentCache full:https://registry.npmjs.org/bplist-parser set size:undefined disposed:false
526 silly fetch manifest @expo/ws-tunnel@^2.0.0
527 silly packumentCache full:https://registry.npmjs.org/@expo%2fws-tunnel cache-miss
528 http fetch GET 200 https://registry.npmjs.org/terminal-link 566ms (cache miss)
529 silly packumentCache full:https://registry.npmjs.org/terminal-link set size:undefined disposed:false
530 silly fetch manifest dnssd-advertise@^1.1.4
531 silly packumentCache full:https://registry.npmjs.org/dnssd-advertise cache-miss
532 http fetch GET 200 https://registry.npmjs.org/@expo%2fxcpretty 594ms (cache miss)
533 silly packumentCache full:https://registry.npmjs.org/@expo%2fxcpretty set size:undefined disposed:false
534 silly fetch manifest npm-package-arg@^11.0.0
535 silly packumentCache full:https://registry.npmjs.org/npm-package-arg cache-miss
536 http fetch GET 200 https://registry.npmjs.org/bplist-creator 366ms (cache miss)
537 silly packumentCache full:https://registry.npmjs.org/bplist-creator set size:undefined disposed:false
538 silly fetch manifest @expo/image-utils@^0.11.3
539 silly packumentCache full:https://registry.npmjs.org/@expo%2fimage-utils cache-miss
540 http fetch GET 200 https://registry.npmjs.org/@expo%2fws-tunnel 166ms (cache miss)
541 silly packumentCache full:https://registry.npmjs.org/@expo%2fws-tunnel set size:undefined disposed:false
542 silly fetch manifest @expo/spawn-async@^1.8.0
543 silly packumentCache full:https://registry.npmjs.org/@expo%2fspawn-async cache-miss
544 http fetch GET 200 https://registry.npmjs.org/npm-package-arg 209ms (cache miss)
545 silly packumentCache full:https://registry.npmjs.org/npm-package-arg set size:undefined disposed:false
546 silly fetch manifest @expo/schema-utils@^57.0.2
547 silly packumentCache full:https://registry.npmjs.org/@expo%2fschema-utils cache-miss
548 http fetch GET 200 https://registry.npmjs.org/fetch-nodeshim 634ms (cache miss)
549 silly packumentCache full:https://registry.npmjs.org/fetch-nodeshim set size:undefined disposed:false
550 silly fetch manifest agent-cli-detector@^0.1.2
551 silly packumentCache full:https://registry.npmjs.org/agent-cli-detector cache-miss
552 http fetch GET 200 https://registry.npmjs.org/@expo%2fspawn-async 523ms (cache miss)
553 silly packumentCache full:https://registry.npmjs.org/@expo%2fspawn-async set size:undefined disposed:false
554 silly fetch manifest structured-headers@^0.4.1
555 silly packumentCache full:https://registry.npmjs.org/structured-headers cache-miss
556 http fetch GET 200 https://registry.npmjs.org/@expo%2fjson-file 819ms (cache miss)
557 silly packumentCache full:https://registry.npmjs.org/@expo%2fjson-file set size:undefined disposed:false
558 silly fetch manifest @expo/require-utils@^57.0.3
559 silly packumentCache full:https://registry.npmjs.org/@expo%2frequire-utils cache-miss
560 http fetch GET 200 https://registry.npmjs.org/dnssd-advertise 855ms (cache miss)
561 silly packumentCache full:https://registry.npmjs.org/dnssd-advertise set size:undefined disposed:false
562 silly fetch manifest @expo/router-server@^57.0.3
563 silly packumentCache full:https://registry.npmjs.org/@expo%2frouter-server cache-miss
564 http fetch GET 200 https://registry.npmjs.org/@expo%2fosascript 1056ms (cache miss)
565 silly packumentCache full:https://registry.npmjs.org/@expo%2fosascript set size:undefined disposed:false
566 silly fetch manifest @expo/inline-modules@^0.1.3
567 silly packumentCache full:https://registry.npmjs.org/@expo%2finline-modules cache-miss
568 http fetch GET 200 https://registry.npmjs.org/@expo%2fschema-utils 962ms (cache miss)
569 silly packumentCache full:https://registry.npmjs.org/@expo%2fschema-utils set size:undefined disposed:false
570 silly fetch manifest @expo/metro-file-map@^57.0.1
571 silly packumentCache full:https://registry.npmjs.org/@expo%2fmetro-file-map cache-miss
572 http fetch GET 200 https://registry.npmjs.org/structured-headers 651ms (cache miss)
573 silly packumentCache full:https://registry.npmjs.org/structured-headers set size:undefined disposed:false
574 silly fetch manifest @expo/package-manager@^1.13.1
575 silly packumentCache full:https://registry.npmjs.org/@expo%2fpackage-manager cache-miss
576 http fetch GET 200 https://registry.npmjs.org/agent-cli-detector 926ms (cache miss)
577 silly packumentCache full:https://registry.npmjs.org/agent-cli-detector set size:undefined disposed:false
578 silly fetch manifest @expo/prebuild-config@^57.0.7
579 silly packumentCache full:https://registry.npmjs.org/@expo%2fprebuild-config cache-miss
580 http fetch GET 200 https://registry.npmjs.org/@expo%2fimage-utils 1346ms (cache miss)
581 silly packumentCache full:https://registry.npmjs.org/@expo%2fimage-utils set size:undefined disposed:false
582 silly fetch manifest @react-native/dev-middleware@0.86.0
583 silly packumentCache full:https://registry.npmjs.org/@react-native%2fdev-middleware cache-miss
584 http fetch GET 200 https://registry.npmjs.org/@expo%2frequire-utils 799ms (cache miss)
585 silly packumentCache full:https://registry.npmjs.org/@expo%2frequire-utils set size:undefined disposed:false
586 silly fetch manifest @expo/code-signing-certificates@^0.0.6
587 silly packumentCache full:https://registry.npmjs.org/@expo%2fcode-signing-certificates cache-miss
588 http fetch GET 200 https://registry.npmjs.org/@expo%2fcode-signing-certificates 193ms (cache miss)
589 silly packumentCache full:https://registry.npmjs.org/@expo%2fcode-signing-certificates set size:undefined disposed:false
590 silly fetch manifest deepmerge@^4.3.1
591 silly packumentCache full:https://registry.npmjs.org/deepmerge cache-miss
592 http fetch GET 200 https://registry.npmjs.org/@expo%2fpackage-manager 439ms (cache miss)
593 silly packumentCache full:https://registry.npmjs.org/@expo%2fpackage-manager set size:undefined disposed:false
594 silly fetch manifest @expo/config-types@^57.0.2
595 silly packumentCache full:https://registry.npmjs.org/@expo%2fconfig-types cache-miss
596 http fetch GET 200 https://registry.npmjs.org/@expo%2frouter-server 1041ms (cache miss)
597 silly packumentCache full:https://registry.npmjs.org/@expo%2frouter-server set size:undefined disposed:false
598 silly fetch manifest resolve-workspace-root@^2.0.0
599 silly packumentCache full:https://registry.npmjs.org/resolve-workspace-root cache-miss
600 http fetch GET 200 https://registry.npmjs.org/deepmerge 289ms (cache miss)
601 silly packumentCache full:https://registry.npmjs.org/deepmerge set size:undefined disposed:false
602 silly fetch manifest chalk@^4.1.2
603 silly packumentCache full:https://registry.npmjs.org/chalk cache-miss
604 http cache https://registry.npmjs.org/chalk 7ms (cache hit)
605 silly packumentCache full:https://registry.npmjs.org/chalk set size:117861 disposed:false
606 silly fetch manifest debug@^4.3.5
607 silly packumentCache full:https://registry.npmjs.org/debug cache-miss
608 http cache https://registry.npmjs.org/debug 6ms (cache hit)
609 silly packumentCache full:https://registry.npmjs.org/debug set size:195840 disposed:false
610 silly fetch manifest xcode@^3.0.1
611 silly packumentCache full:https://registry.npmjs.org/xcode cache-miss
612 http fetch GET 200 https://registry.npmjs.org/@expo%2finline-modules 1459ms (cache miss)
613 silly packumentCache full:https://registry.npmjs.org/@expo%2finline-modules set size:undefined disposed:false
614 silly fetch manifest semver@^7.5.4
615 silly packumentCache full:https://registry.npmjs.org/semver cache-hit
616 silly fetch manifest xml2js@0.6.0
617 silly packumentCache full:https://registry.npmjs.org/xml2js cache-miss
618 http fetch GET 200 https://registry.npmjs.org/@expo%2fprebuild-config 1533ms (cache miss)
619 silly packumentCache full:https://registry.npmjs.org/@expo%2fprebuild-config set size:undefined disposed:false
620 silly fetch manifest slugify@^1.6.6
621 silly packumentCache full:https://registry.npmjs.org/slugify cache-miss
622 http fetch GET 200 https://registry.npmjs.org/resolve-workspace-root 973ms (cache miss)
623 silly packumentCache full:https://registry.npmjs.org/resolve-workspace-root set size:undefined disposed:false
624 silly fetch manifest @expo/json-file@~11.0.1
625 silly packumentCache full:https://registry.npmjs.org/@expo%2fjson-file cache-miss
626 http cache https://registry.npmjs.org/slugify 8ms (cache hit)
627 silly packumentCache full:https://registry.npmjs.org/slugify set size:103522 disposed:false
628 silly fetch manifest @expo/config-types@^57.0.2
629 silly packumentCache full:https://registry.npmjs.org/@expo%2fconfig-types cache-miss
630 http cache https://registry.npmjs.org/@expo%2fjson-file 10ms (cache hit)
631 silly packumentCache full:https://registry.npmjs.org/@expo%2fjson-file set size:775522 disposed:false
632 silly fetch manifest @expo/sdk-runtime-versions@^1.0.0
633 silly packumentCache full:https://registry.npmjs.org/@expo%2fsdk-runtime-versions cache-miss
634 http fetch GET 200 https://registry.npmjs.org/@expo%2fmetro-file-map 1991ms (cache miss)
635 silly packumentCache full:https://registry.npmjs.org/@expo%2fmetro-file-map set size:undefined disposed:false
636 silly fetch manifest ignore@^5.3.1
637 silly packumentCache full:https://registry.npmjs.org/ignore cache-miss
638 http fetch GET 200 https://registry.npmjs.org/@expo%2fconfig-types 1444ms (cache miss)
639 silly packumentCache full:https://registry.npmjs.org/@expo%2fconfig-types set size:undefined disposed:false
640 silly fetch manifest @expo/env@^2.4.2
641 silly packumentCache full:https://registry.npmjs.org/@expo%2fenv cache-miss
642 http cache https://registry.npmjs.org/@expo%2fenv 9ms (cache hit)
643 silly packumentCache full:https://registry.npmjs.org/@expo%2fenv set size:590610 disposed:false
644 silly fetch manifest minimatch@^10.2.2
645 silly packumentCache full:https://registry.npmjs.org/minimatch cache-miss
646 http fetch GET 200 https://registry.npmjs.org/xml2js 1258ms (cache miss)
647 silly packumentCache full:https://registry.npmjs.org/xml2js set size:undefined disposed:false
648 silly fetch manifest metro@0.84.4
649 silly packumentCache full:https://registry.npmjs.org/metro cache-miss
650 http fetch GET 200 https://registry.npmjs.org/@expo%2fsdk-runtime-versions 976ms (cache miss)
651 silly packumentCache full:https://registry.npmjs.org/@expo%2fsdk-runtime-versions set size:undefined disposed:false
652 silly fetch manifest metro-core@0.84.4
653 silly packumentCache full:https://registry.npmjs.org/metro-core cache-miss
654 http fetch GET 200 https://registry.npmjs.org/@react-native%2fdev-middleware 2561ms (cache miss)
655 silly packumentCache full:https://registry.npmjs.org/@react-native%2fdev-middleware set size:undefined disposed:false
656 silly fetch manifest metro-cache@0.84.4
657 silly packumentCache full:https://registry.npmjs.org/metro-cache cache-miss
658 http fetch GET 200 https://registry.npmjs.org/ignore 1012ms (cache miss)
659 silly packumentCache full:https://registry.npmjs.org/ignore set size:undefined disposed:false
660 silly fetch manifest metro-config@0.84.4
661 silly packumentCache full:https://registry.npmjs.org/metro-config cache-miss
662 http fetch GET 200 https://registry.npmjs.org/minimatch 1151ms (cache miss)
663 silly packumentCache full:https://registry.npmjs.org/minimatch set size:undefined disposed:false
664 silly fetch manifest metro-runtime@0.84.4
665 silly packumentCache full:https://registry.npmjs.org/metro-runtime cache-miss
666 http cache https://registry.npmjs.org/metro-runtime 7ms (cache hit)
667 silly packumentCache full:https://registry.npmjs.org/metro-runtime set size:224399 disposed:false
668 silly fetch manifest metro-file-map@0.84.4
669 silly packumentCache full:https://registry.npmjs.org/metro-file-map cache-miss
670 http fetch GET 200 https://registry.npmjs.org/@expo%2fconfig-types 1709ms (cache miss)
671 silly packumentCache full:https://registry.npmjs.org/@expo%2fconfig-types set size:undefined disposed:false
672 silly fetch manifest metro-resolver@0.84.4
673 silly packumentCache full:https://registry.npmjs.org/metro-resolver cache-miss
674 http fetch GET 200 https://registry.npmjs.org/metro-config 1200ms (cache miss)
675 silly packumentCache full:https://registry.npmjs.org/metro-config set size:undefined disposed:false
676 silly fetch manifest metro-cache-key@0.84.4
677 silly packumentCache full:https://registry.npmjs.org/metro-cache-key cache-miss
678 http fetch GET 200 https://registry.npmjs.org/metro-cache 1573ms (cache miss)
679 silly packumentCache full:https://registry.npmjs.org/metro-cache set size:undefined disposed:false
680 silly fetch manifest metro-source-map@0.84.4
681 silly packumentCache full:https://registry.npmjs.org/metro-source-map cache-miss
682 http cache https://registry.npmjs.org/metro-source-map 5ms (cache hit)
683 silly packumentCache full:https://registry.npmjs.org/metro-source-map set size:431760 disposed:false
684 silly fetch manifest metro-symbolicate@0.84.4
685 silly packumentCache full:https://registry.npmjs.org/metro-symbolicate cache-miss
686 http fetch GET 200 https://registry.npmjs.org/metro-file-map 1463ms (cache miss)
687 silly packumentCache full:https://registry.npmjs.org/metro-file-map set size:undefined disposed:false
688 silly fetch manifest metro-minify-terser@0.84.4
689 silly packumentCache full:https://registry.npmjs.org/metro-minify-terser cache-miss
690 http fetch GET 200 https://registry.npmjs.org/metro 3234ms (cache miss)
691 silly packumentCache full:https://registry.npmjs.org/metro set size:undefined disposed:false
692 silly fetch manifest metro-transform-worker@0.84.4
693 silly packumentCache full:https://registry.npmjs.org/metro-transform-worker cache-miss
694 http fetch GET 200 https://registry.npmjs.org/metro-cache-key 2102ms (cache miss)
695 silly packumentCache full:https://registry.npmjs.org/metro-cache-key set size:undefined disposed:false
696 silly fetch manifest metro-babel-transformer@0.84.4
697 silly packumentCache full:https://registry.npmjs.org/metro-babel-transformer cache-miss
698 http fetch GET 200 https://registry.npmjs.org/metro-resolver 3226ms (cache miss)
699 silly packumentCache full:https://registry.npmjs.org/metro-resolver set size:undefined disposed:false
700 silly fetch manifest metro-transform-plugins@0.84.4
701 silly packumentCache full:https://registry.npmjs.org/metro-transform-plugins cache-miss
702 http fetch GET 200 https://registry.npmjs.org/metro-symbolicate 2723ms (cache miss)
703 silly packumentCache full:https://registry.npmjs.org/metro-symbolicate set size:undefined disposed:false
704 silly fetch manifest chalk@^4.1.0
705 silly packumentCache full:https://registry.npmjs.org/chalk cache-hit
706 silly fetch manifest debug@^4.3.2
707 silly packumentCache full:https://registry.npmjs.org/debug cache-hit
708 silly fetch manifest postcss@^8.5.14
709 silly packumentCache full:https://registry.npmjs.org/postcss cache-miss
710 http fetch GET 200 https://registry.npmjs.org/metro-minify-terser 2523ms (cache miss)
711 silly packumentCache full:https://registry.npmjs.org/metro-minify-terser set size:undefined disposed:false
712 silly fetch manifest @babel/core@^7.20.0
713 silly packumentCache full:https://registry.npmjs.org/@babel%2fcore cache-miss
714 http cache https://registry.npmjs.org/@babel%2fcore 6ms (cache hit)
715 silly packumentCache full:https://registry.npmjs.org/@babel%2fcore set size:788258 disposed:false
716 silly fetch manifest browserslist@^4.25.0
717 silly packumentCache full:https://registry.npmjs.org/browserslist cache-miss
718 http fetch GET 200 https://registry.npmjs.org/metro-babel-transformer 1788ms (cache miss)
719 silly packumentCache full:https://registry.npmjs.org/metro-babel-transformer set size:undefined disposed:false
720 silly fetch manifest jsc-safe-url@^0.2.4
721 silly packumentCache full:https://registry.npmjs.org/jsc-safe-url cache-miss
722 http fetch GET 200 https://registry.npmjs.org/metro-transform-plugins 2006ms (cache miss)
723 silly packumentCache full:https://registry.npmjs.org/metro-transform-plugins set size:undefined disposed:false
724 silly fetch manifest lightningcss@^1.30.1
725 silly packumentCache full:https://registry.npmjs.org/lightningcss cache-miss
726 http fetch GET 200 https://registry.npmjs.org/metro-core 6001ms (cache miss)
727 silly packumentCache full:https://registry.npmjs.org/metro-core set size:undefined disposed:false
728 silly fetch manifest hermes-parser@^0.36.0
729 silly packumentCache full:https://registry.npmjs.org/hermes-parser cache-miss
730 http fetch GET 200 https://registry.npmjs.org/browserslist 1917ms (cache miss)
731 silly packumentCache full:https://registry.npmjs.org/browserslist set size:undefined disposed:false
732 silly fetch manifest @babel/generator@^7.20.5
733 silly packumentCache full:https://registry.npmjs.org/@babel%2fgenerator cache-miss
734 http fetch GET 200 https://registry.npmjs.org/metro-transform-worker 3710ms (cache miss)
735 silly packumentCache full:https://registry.npmjs.org/metro-transform-worker set size:undefined disposed:false
736 silly fetch manifest @babel/code-frame@^7.20.0
737 silly packumentCache full:https://registry.npmjs.org/@babel%2fcode-frame cache-miss
738 http fetch GET 200 https://registry.npmjs.org/jsc-safe-url 1741ms (cache miss)
739 silly packumentCache full:https://registry.npmjs.org/jsc-safe-url set size:undefined disposed:false
740 silly fetch manifest @jridgewell/remapping@^2.3.5
741 silly packumentCache full:https://registry.npmjs.org/@jridgewell%2fremapping cache-miss
742 http fetch GET 200 https://registry.npmjs.org/postcss 3181ms (cache miss)
743 silly packumentCache full:https://registry.npmjs.org/postcss set size:undefined disposed:false
744 silly fetch manifest @jridgewell/gen-mapping@^0.3.13
745 silly packumentCache full:https://registry.npmjs.org/@jridgewell%2fgen-mapping cache-miss
746 http fetch GET 200 https://registry.npmjs.org/lightningcss 1868ms (cache miss)
747 silly packumentCache full:https://registry.npmjs.org/lightningcss set size:undefined disposed:false
748 silly fetch manifest @jridgewell/sourcemap-codec@^1.5.5
749 silly packumentCache full:https://registry.npmjs.org/@jridgewell%2fsourcemap-codec cache-miss
750 http fetch GET 200 https://registry.npmjs.org/hermes-parser 1847ms (cache miss)
751 silly packumentCache full:https://registry.npmjs.org/hermes-parser set size:undefined disposed:false
752 silly fetch manifest @babel/generator@^7.20.5
753 silly packumentCache full:https://registry.npmjs.org/@babel%2fgenerator cache-miss
754 http fetch GET 200 https://registry.npmjs.org/@babel%2fgenerator 2360ms (cache miss)
755 silly packumentCache full:https://registry.npmjs.org/@babel%2fgenerator set size:undefined disposed:false
756 silly fetch manifest @babel/preset-typescript@^7.23.0
757 silly packumentCache full:https://registry.npmjs.org/@babel%2fpreset-typescript cache-miss
758 http fetch GET 200 https://registry.npmjs.org/@jridgewell%2fremapping 2440ms (cache miss)
759 silly packumentCache full:https://registry.npmjs.org/@jridgewell%2fremapping set size:undefined disposed:false
760 silly fetch manifest babel-plugin-react-compiler@^1.0.0
761 silly packumentCache full:https://registry.npmjs.org/babel-plugin-react-compiler cache-miss
762 http fetch GET 200 https://registry.npmjs.org/@jridgewell%2fgen-mapping 2246ms (cache miss)
763 silly packumentCache full:https://registry.npmjs.org/@jridgewell%2fgen-mapping set size:undefined disposed:false
764 silly fetch manifest @babel/helper-module-imports@^7.25.9
765 silly packumentCache full:https://registry.npmjs.org/@babel%2fhelper-module-imports cache-miss
766 http fetch GET 200 https://registry.npmjs.org/@jridgewell%2fsourcemap-codec 2216ms (cache miss)
767 silly packumentCache full:https://registry.npmjs.org/@jridgewell%2fsourcemap-codec set size:undefined disposed:false
768 silly fetch manifest babel-plugin-react-native-web@~0.21.0
769 silly packumentCache full:https://registry.npmjs.org/babel-plugin-react-native-web cache-miss
770 http fetch GET 200 https://registry.npmjs.org/@babel%2fpreset-typescript 2317ms (cache miss)
771 silly packumentCache full:https://registry.npmjs.org/@babel%2fpreset-typescript set size:undefined disposed:false
772 silly fetch manifest @babel/plugin-transform-for-of@^7.24.7
773 silly packumentCache full:https://registry.npmjs.org/@babel%2fplugin-transform-for-of cache-miss
774 http fetch GET 200 https://registry.npmjs.org/@babel%2fcode-frame 4558ms (cache miss)
775 silly packumentCache full:https://registry.npmjs.org/@babel%2fcode-frame set size:undefined disposed:false
776 silly fetch manifest @babel/plugin-transform-classes@^7.25.4
777 silly packumentCache full:https://registry.npmjs.org/@babel%2fplugin-transform-classes cache-miss
778 http fetch GET 200 https://registry.npmjs.org/xcode 13631ms (cache miss)
779 silly packumentCache full:https://registry.npmjs.org/xcode set size:undefined disposed:false
780 silly fetch manifest @babel/plugin-transform-runtime@^7.24.7
781 silly packumentCache full:https://registry.npmjs.org/@babel%2fplugin-transform-runtime cache-miss
782 http fetch GET 200 https://registry.npmjs.org/babel-plugin-react-compiler 2928ms (cache miss)
783 silly packumentCache full:https://registry.npmjs.org/babel-plugin-react-compiler set size:undefined disposed:false
784 silly fetch manifest @babel/plugin-proposal-decorators@^7.12.9
785 silly packumentCache full:https://registry.npmjs.org/@babel%2fplugin-proposal-decorators cache-miss
786 http fetch GET 200 https://registry.npmjs.org/@babel%2fhelper-module-imports 2991ms (cache miss)
787 silly packumentCache full:https://registry.npmjs.org/@babel%2fhelper-module-imports set size:undefined disposed:false
788 silly fetch manifest @babel/plugin-transform-react-jsx@^7.28.6
789 silly packumentCache full:https://registry.npmjs.org/@babel%2fplugin-transform-react-jsx cache-miss
790 http fetch GET 200 https://registry.npmjs.org/@babel%2fgenerator 5469ms (cache miss)
791 silly packumentCache full:https://registry.npmjs.org/@babel%2fgenerator set size:undefined disposed:false
792 silly fetch manifest babel-plugin-syntax-hermes-parser@^0.36.0
793 silly packumentCache full:https://registry.npmjs.org/babel-plugin-syntax-hermes-parser cache-miss
794 http cache https://registry.npmjs.org/babel-plugin-syntax-hermes-parser 5ms (cache hit)
795 silly packumentCache full:https://registry.npmjs.org/babel-plugin-syntax-hermes-parser set size:108082 disposed:false
796 silly fetch manifest babel-plugin-transform-flow-enums@^0.0.2
797 silly packumentCache full:https://registry.npmjs.org/babel-plugin-transform-flow-enums cache-miss
798 http fetch GET 200 https://registry.npmjs.org/@babel%2fplugin-transform-for-of 2643ms (cache miss)
799 silly packumentCache full:https://registry.npmjs.org/@babel%2fplugin-transform-for-of set size:undefined disposed:false
800 silly fetch manifest @babel/plugin-transform-parameters@^7.24.7
801 silly packumentCache full:https://registry.npmjs.org/@babel%2fplugin-transform-parameters cache-miss
802 http fetch GET 200 https://registry.npmjs.org/@babel%2fplugin-transform-classes 2604ms (cache miss)
803 silly packumentCache full:https://registry.npmjs.org/@babel%2fplugin-transform-classes set size:undefined disposed:false
804 silly fetch manifest @babel/plugin-transform-typescript@^7.25.2
805 silly packumentCache full:https://registry.npmjs.org/@babel%2fplugin-transform-typescript cache-miss
806 http fetch GET 200 https://registry.npmjs.org/@babel%2fplugin-proposal-decorators 1847ms (cache miss)
807 silly packumentCache full:https://registry.npmjs.org/@babel%2fplugin-proposal-decorators set size:undefined disposed:false
808 silly fetch manifest @react-native/babel-plugin-codegen@0.86.0
809 silly packumentCache full:https://registry.npmjs.org/@react-native%2fbabel-plugin-codegen cache-miss
810 http fetch GET 200 https://registry.npmjs.org/@babel%2fplugin-transform-runtime 2688ms (cache miss)
811 silly packumentCache full:https://registry.npmjs.org/@babel%2fplugin-transform-runtime set size:undefined disposed:false
812 silly fetch manifest @babel/plugin-syntax-dynamic-import@^7.8.3
813 silly packumentCache full:https://registry.npmjs.org/@babel%2fplugin-syntax-dynamic-import cache-miss
814 http fetch GET 200 https://registry.npmjs.org/babel-plugin-react-native-web 4494ms (cache miss)
815 silly packumentCache full:https://registry.npmjs.org/babel-plugin-react-native-web set size:undefined disposed:false
816 silly fetch manifest @babel/plugin-transform-block-scoping@^7.25.0
817 silly packumentCache full:https://registry.npmjs.org/@babel%2fplugin-transform-block-scoping cache-miss
818 http fetch GET 200 https://registry.npmjs.org/@babel%2fplugin-transform-react-jsx 1731ms (cache miss)
819 silly packumentCache full:https://registry.npmjs.org/@babel%2fplugin-transform-react-jsx set size:undefined disposed:false
820 silly fetch manifest @babel/plugin-transform-destructuring@^7.24.8
821 silly packumentCache full:https://registry.npmjs.org/@babel%2fplugin-transform-destructuring cache-miss
822 http fetch GET 200 https://registry.npmjs.org/babel-plugin-transform-flow-enums 1595ms (cache miss)
823 silly packumentCache full:https://registry.npmjs.org/babel-plugin-transform-flow-enums set size:undefined disposed:false
824 silly fetch manifest @babel/plugin-transform-unicode-regex@^7.24.7
825 silly packumentCache full:https://registry.npmjs.org/@babel%2fplugin-transform-unicode-regex cache-miss
826 http fetch GET 200 https://registry.npmjs.org/@babel%2fplugin-transform-parameters 1301ms (cache miss)
827 silly packumentCache full:https://registry.npmjs.org/@babel%2fplugin-transform-parameters set size:undefined disposed:false
828 silly fetch manifest @babel/plugin-syntax-optional-chaining@^7.8.3
829 silly packumentCache full:https://registry.npmjs.org/@babel%2fplugin-syntax-optional-chaining cache-miss
830 http fetch GET 200 https://registry.npmjs.org/@babel%2fplugin-syntax-dynamic-import 1252ms (cache miss)
831 silly packumentCache full:https://registry.npmjs.org/@babel%2fplugin-syntax-dynamic-import set size:undefined disposed:false
832 silly fetch manifest @babel/plugin-transform-private-methods@^7.24.7
833 silly packumentCache full:https://registry.npmjs.org/@babel%2fplugin-transform-private-methods cache-miss
834 http fetch GET 200 https://registry.npmjs.org/@babel%2fplugin-transform-destructuring 1367ms (cache miss)
835 silly packumentCache full:https://registry.npmjs.org/@babel%2fplugin-transform-destructuring set size:undefined disposed:false
836 silly fetch manifest @babel/plugin-syntax-export-default-from@^7.24.7
837 silly packumentCache full:https://registry.npmjs.org/@babel%2fplugin-syntax-export-default-from cache-miss
838 http fetch GET 200 https://registry.npmjs.org/@babel%2fplugin-transform-typescript 2151ms (cache miss)
839 silly packumentCache full:https://registry.npmjs.org/@babel%2fplugin-transform-typescript set size:undefined disposed:false
840 silly fetch manifest @babel/plugin-transform-class-properties@^7.25.4
841 silly packumentCache full:https://registry.npmjs.org/@babel%2fplugin-transform-class-properties cache-miss
842 http fetch GET 200 https://registry.npmjs.org/@react-native%2fbabel-plugin-codegen 1945ms (cache miss)
843 silly packumentCache full:https://registry.npmjs.org/@react-native%2fbabel-plugin-codegen set size:undefined disposed:false
844 silly fetch manifest @babel/plugin-transform-flow-strip-types@^7.25.2
845 silly packumentCache full:https://registry.npmjs.org/@babel%2fplugin-transform-flow-strip-types cache-miss
846 http fetch GET 200 https://registry.npmjs.org/@babel%2fplugin-syntax-optional-chaining 1767ms (cache miss)
847 silly packumentCache full:https://registry.npmjs.org/@babel%2fplugin-syntax-optional-chaining set size:undefined disposed:false
848 silly fetch manifest @babel/plugin-transform-modules-commonjs@^7.24.8
849 silly packumentCache full:https://registry.npmjs.org/@babel%2fplugin-transform-modules-commonjs cache-miss
850 http fetch GET 200 https://registry.npmjs.org/@babel%2fplugin-transform-block-scoping 2533ms (cache miss)
851 silly packumentCache full:https://registry.npmjs.org/@babel%2fplugin-transform-block-scoping set size:undefined disposed:false
852 silly fetch manifest @babel/plugin-transform-optional-chaining@^7.24.8
853 silly packumentCache full:https://registry.npmjs.org/@babel%2fplugin-transform-optional-chaining cache-miss
854 http fetch GET 200 https://registry.npmjs.org/@babel%2fplugin-transform-unicode-regex 2254ms (cache miss)
855 silly packumentCache full:https://registry.npmjs.org/@babel%2fplugin-transform-unicode-regex set size:undefined disposed:false
856 silly fetch manifest @babel/plugin-proposal-export-default-from@^7.24.7
857 silly packumentCache full:https://registry.npmjs.org/@babel%2fplugin-proposal-export-default-from cache-miss
858 http fetch GET 200 https://registry.npmjs.org/@babel%2fplugin-transform-private-methods 1472ms (cache miss)
859 silly packumentCache full:https://registry.npmjs.org/@babel%2fplugin-transform-private-methods set size:undefined disposed:false
860 silly fetch manifest @babel/plugin-transform-async-to-generator@^7.24.7
861 silly packumentCache full:https://registry.npmjs.org/@babel%2fplugin-transform-async-to-generator cache-miss
862 http fetch GET 200 https://registry.npmjs.org/@babel%2fplugin-syntax-export-default-from 1374ms (cache miss)
863 silly packumentCache full:https://registry.npmjs.org/@babel%2fplugin-syntax-export-default-from set size:undefined disposed:false
864 silly fetch manifest @babel/plugin-transform-class-static-block@^7.27.1
865 silly packumentCache full:https://registry.npmjs.org/@babel%2fplugin-transform-class-static-block cache-miss
866 http fetch GET 200 https://registry.npmjs.org/@babel%2fplugin-transform-class-properties 1243ms (cache miss)
867 silly packumentCache full:https://registry.npmjs.org/@babel%2fplugin-transform-class-properties set size:undefined disposed:false
868 silly fetch manifest @babel/plugin-transform-object-rest-spread@^7.24.7
869 silly packumentCache full:https://registry.npmjs.org/@babel%2fplugin-transform-object-rest-spread cache-miss
870 http fetch GET 200 https://registry.npmjs.org/@babel%2fplugin-transform-flow-strip-types 1287ms (cache miss)
871 silly packumentCache full:https://registry.npmjs.org/@babel%2fplugin-transform-flow-strip-types set size:undefined disposed:false
872 silly fetch manifest @babel/plugin-transform-react-display-name@^7.24.7
873 silly packumentCache full:https://registry.npmjs.org/@babel%2fplugin-transform-react-display-name cache-miss
874 http fetch GET 200 https://registry.npmjs.org/@babel%2fplugin-transform-optional-chaining 1473ms (cache miss)
875 silly packumentCache full:https://registry.npmjs.org/@babel%2fplugin-transform-optional-chaining set size:undefined disposed:false
876 silly fetch manifest @babel/plugin-transform-export-namespace-from@^7.25.9
877 silly packumentCache full:https://registry.npmjs.org/@babel%2fplugin-transform-export-namespace-from cache-miss
878 http fetch GET 200 https://registry.npmjs.org/@babel%2fplugin-transform-class-static-block 1437ms (cache miss)
879 silly packumentCache full:https://registry.npmjs.org/@babel%2fplugin-transform-class-static-block set size:undefined disposed:false
880 silly fetch manifest @babel/plugin-transform-react-jsx-development@^7.27.1
881 silly packumentCache full:https://registry.npmjs.org/@babel%2fplugin-transform-react-jsx-development cache-miss
882 http fetch GET 200 https://registry.npmjs.org/@babel%2fplugin-transform-object-rest-spread 1568ms (cache miss)
883 silly packumentCache full:https://registry.npmjs.org/@babel%2fplugin-transform-object-rest-spread set size:undefined disposed:false
884 silly fetch manifest @babel/plugin-transform-optional-catch-binding@^7.24.7
885 silly packumentCache full:https://registry.npmjs.org/@babel%2fplugin-transform-optional-catch-binding cache-miss
886 http fetch GET 200 https://registry.npmjs.org/@babel%2fplugin-transform-async-to-generator 1864ms (cache miss)
887 silly packumentCache full:https://registry.npmjs.org/@babel%2fplugin-transform-async-to-generator set size:undefined disposed:false
888 silly fetch manifest @babel/plugin-transform-react-pure-annotations@^7.27.1
889 silly packumentCache full:https://registry.npmjs.org/@babel%2fplugin-transform-react-pure-annotations cache-miss
890 http fetch GET 200 https://registry.npmjs.org/@babel%2fplugin-transform-react-display-name 1493ms (cache miss)
891 silly packumentCache full:https://registry.npmjs.org/@babel%2fplugin-transform-react-display-name set size:undefined disposed:false
892 silly fetch manifest @babel/plugin-syntax-nullish-coalescing-operator@^7.8.3
893 silly packumentCache full:https://registry.npmjs.org/@babel%2fplugin-syntax-nullish-coalescing-operator cache-miss
894 http fetch GET 200 https://registry.npmjs.org/@babel%2fplugin-proposal-export-default-from 2174ms (cache miss)
895 silly packumentCache full:https://registry.npmjs.org/@babel%2fplugin-proposal-export-default-from set size:undefined disposed:false
896 silly fetch manifest @babel/plugin-transform-async-generator-functions@^7.25.4
897 silly packumentCache full:https://registry.npmjs.org/@babel%2fplugin-transform-async-generator-functions cache-miss
898 http fetch GET 200 https://registry.npmjs.org/@babel%2fplugin-transform-export-namespace-from 811ms (cache miss)
899 silly packumentCache full:https://registry.npmjs.org/@babel%2fplugin-transform-export-namespace-from set size:undefined disposed:false
900 silly fetch manifest @babel/plugin-transform-private-property-in-object@^7.24.7
901 silly packumentCache full:https://registry.npmjs.org/@babel%2fplugin-transform-private-property-in-object cache-miss
902 http fetch GET 200 https://registry.npmjs.org/@babel%2fplugin-transform-modules-commonjs 2551ms (cache miss)
903 silly packumentCache full:https://registry.npmjs.org/@babel%2fplugin-transform-modules-commonjs set size:undefined disposed:false
904 silly fetch manifest @babel/plugin-transform-nullish-coalescing-operator@^7.24.7
905 silly packumentCache full:https://registry.npmjs.org/@babel%2fplugin-transform-nullish-coalescing-operator cache-miss
906 http fetch GET 200 https://registry.npmjs.org/@babel%2fplugin-transform-react-jsx-development 643ms (cache miss)
907 silly packumentCache full:https://registry.npmjs.org/@babel%2fplugin-transform-react-jsx-development set size:undefined disposed:false
908 silly fetch manifest @babel/plugin-transform-logical-assignment-operators@^7.24.7
909 silly packumentCache full:https://registry.npmjs.org/@babel%2fplugin-transform-logical-assignment-operators cache-miss
910 http fetch GET 200 https://registry.npmjs.org/@babel%2fplugin-transform-react-pure-annotations 394ms (cache miss)
911 silly packumentCache full:https://registry.npmjs.org/@babel%2fplugin-transform-react-pure-annotations set size:undefined disposed:false
912 silly fetch manifest @babel/plugin-transform-named-capturing-groups-regex@^7.24.7
913 silly packumentCache full:https://registry.npmjs.org/@babel%2fplugin-transform-named-capturing-groups-regex cache-miss
914 http fetch GET 200 https://registry.npmjs.org/@babel%2fplugin-syntax-nullish-coalescing-operator 242ms (cache miss)
915 silly packumentCache full:https://registry.npmjs.org/@babel%2fplugin-syntax-nullish-coalescing-operator set size:undefined disposed:false
916 silly fetch manifest fontfaceobserver@^2.1.0
917 silly packumentCache full:https://registry.npmjs.org/fontfaceobserver cache-miss
918 http fetch GET 200 https://registry.npmjs.org/@babel%2fplugin-transform-optional-catch-binding 566ms (cache miss)
919 silly packumentCache full:https://registry.npmjs.org/@babel%2fplugin-transform-optional-catch-binding set size:undefined disposed:false
920 silly fetch manifest commander@^7.2.0
921 silly packumentCache full:https://registry.npmjs.org/commander cache-miss
922 http cache https://registry.npmjs.org/commander 8ms (cache hit)
923 silly packumentCache full:https://registry.npmjs.org/commander set size:353115 disposed:false
924 silly fetch manifest expo-modules-jsi@~57.0.3
925 silly packumentCache full:https://registry.npmjs.org/expo-modules-jsi cache-miss
926 http fetch GET 200 https://registry.npmjs.org/@babel%2fplugin-transform-nullish-coalescing-operator 359ms (cache miss)
927 silly packumentCache full:https://registry.npmjs.org/@babel%2fplugin-transform-nullish-coalescing-operator set size:undefined disposed:false
928 silly fetch manifest @expo/expo-modules-macros-plugin@0.6.1
929 silly packumentCache full:https://registry.npmjs.org/@expo%2fexpo-modules-macros-plugin cache-miss
930 http fetch GET 200 https://registry.npmjs.org/@babel%2fplugin-transform-named-capturing-groups-regex 380ms (cache miss)
931 silly packumentCache full:https://registry.npmjs.org/@babel%2fplugin-transform-named-capturing-groups-regex set size:undefined disposed:false
932 silly fetch manifest react-is@^18.0.0
933 silly packumentCache full:https://registry.npmjs.org/react-is cache-miss
934 http fetch GET 200 https://registry.npmjs.org/@babel%2fplugin-transform-async-generator-functions 569ms (cache miss)
935 silly packumentCache full:https://registry.npmjs.org/@babel%2fplugin-transform-async-generator-functions set size:undefined disposed:false
936 silly fetch manifest ansi-styles@^5.0.0
937 silly packumentCache full:https://registry.npmjs.org/ansi-styles cache-miss
938 http fetch GET 200 https://registry.npmjs.org/fontfaceobserver 461ms (cache miss)
939 silly packumentCache full:https://registry.npmjs.org/fontfaceobserver set size:undefined disposed:false
940 silly fetch manifest @jest/schemas@^29.6.3
941 silly packumentCache full:https://registry.npmjs.org/@jest%2fschemas cache-miss
942 http fetch GET 200 https://registry.npmjs.org/@babel%2fplugin-transform-logical-assignment-operators 525ms (cache miss)
943 silly packumentCache full:https://registry.npmjs.org/@babel%2fplugin-transform-logical-assignment-operators set size:undefined disposed:false
944 http fetch GET 200 https://registry.npmjs.org/@babel%2fplugin-transform-private-property-in-object 585ms (cache miss)
945 silly packumentCache full:https://registry.npmjs.org/@babel%2fplugin-transform-private-property-in-object set size:undefined disposed:false
946 http fetch GET 200 https://registry.npmjs.org/expo-modules-jsi 981ms (cache miss)
947 silly packumentCache full:https://registry.npmjs.org/expo-modules-jsi set size:undefined disposed:false
948 http fetch GET 200 https://registry.npmjs.org/@jest%2fschemas 965ms (cache miss)
949 silly packumentCache full:https://registry.npmjs.org/@jest%2fschemas set size:undefined disposed:false
950 http fetch GET 200 https://registry.npmjs.org/ansi-styles 1098ms (cache miss)
951 silly packumentCache full:https://registry.npmjs.org/ansi-styles set size:undefined disposed:false
952 http fetch GET 200 https://registry.npmjs.org/@expo%2fexpo-modules-macros-plugin 1422ms (cache miss)
953 silly packumentCache full:https://registry.npmjs.org/@expo%2fexpo-modules-macros-plugin set size:undefined disposed:false
954 http fetch GET 200 https://registry.npmjs.org/react-is 4257ms (cache miss)
955 silly packumentCache full:https://registry.npmjs.org/react-is set size:undefined disposed:false
956 silly fetch manifest typescript@^5.0.0 || ^5.0.0-0 || ^6.0.0
957 silly packumentCache full:https://registry.npmjs.org/typescript cache-miss
958 http cache https://registry.npmjs.org/typescript 141ms (cache hit)
959 silly packumentCache full:https://registry.npmjs.org/typescript set size:15443961 disposed:false
960 silly placeDep ROOT @expo/config-types@57.0.2 OK for: @expo/config@57.0.5 want: ^57.0.2
961 silly placeDep ROOT @expo/json-file@11.0.1 OK for: @expo/config@57.0.5 want: ^11.0.1
962 silly placeDep ROOT @expo/require-utils@57.0.3 OK for: @expo/config@57.0.5 want: ^57.0.3
963 silly placeDep ROOT deepmerge@4.3.1 OK for: @expo/config@57.0.5 want: ^4.3.1
964 silly placeDep ROOT getenv@2.0.0 OK for: @expo/config@57.0.5 want: ^2.0.0
965 silly placeDep ROOT glob@13.0.6 OK for: @expo/config@57.0.5 want: ^13.0.0
966 silly placeDep ROOT resolve-workspace-root@2.0.1 OK for: @expo/config@57.0.5 want: ^2.0.0
967 silly placeDep ROOT semver@7.8.5 OK for: @expo/config@57.0.5 want: ^7.6.0
968 silly placeDep ROOT slugify@1.6.9 OK for: @expo/config@57.0.5 want: ^1.3.4
969 silly fetch manifest json5@^2.2.3
970 silly packumentCache full:https://registry.npmjs.org/json5 cache-miss
971 silly fetch manifest @babel/core@^7.25.2
972 silly packumentCache full:https://registry.npmjs.org/@babel%2fcore cache-hit
973 silly fetch manifest minipass@^7.1.3
974 silly packumentCache full:https://registry.npmjs.org/minipass cache-miss
975 silly fetch manifest path-scurry@^2.0.2
976 silly packumentCache full:https://registry.npmjs.org/path-scurry cache-miss
977 http fetch GET 200 https://registry.npmjs.org/path-scurry 412ms (cache miss)
978 silly packumentCache full:https://registry.npmjs.org/path-scurry set size:undefined disposed:false
979 http fetch GET 200 https://registry.npmjs.org/json5 445ms (cache miss)
980 silly packumentCache full:https://registry.npmjs.org/json5 set size:undefined disposed:false
981 http fetch GET 200 https://registry.npmjs.org/minipass 1518ms (cache miss)
982 silly packumentCache full:https://registry.npmjs.org/minipass set size:undefined disposed:false
983 silly placeDep ROOT @expo/plist@0.8.1 OK for: @expo/config-plugins@57.0.5 want: ^0.8.1
984 silly placeDep ROOT @expo/sdk-runtime-versions@1.0.0 OK for: @expo/config-plugins@57.0.5 want: ^1.0.0
985 silly placeDep ROOT chalk@4.1.2 OK for: @expo/config-plugins@57.0.5 want: ^4.1.2
986 silly placeDep ROOT debug@4.4.3 OK for: @expo/config-plugins@57.0.5 want: ^4.3.5
987 silly placeDep ROOT xcode@3.0.1 OK for: @expo/config-plugins@57.0.5 want: ^3.0.1
988 silly placeDep ROOT xml2js@0.6.0 OK for: @expo/config-plugins@57.0.5 want: 0.6.0
989 silly fetch manifest xmlbuilder@^15.1.1
990 silly packumentCache full:https://registry.npmjs.org/xmlbuilder cache-miss
991 silly fetch manifest @xmldom/xmldom@^0.8.8
992 silly packumentCache full:https://registry.npmjs.org/@xmldom%2fxmldom cache-miss
993 silly fetch manifest ansi-styles@^4.1.0
994 silly packumentCache full:https://registry.npmjs.org/ansi-styles cache-miss
995 silly fetch manifest supports-color@^7.1.0
996 silly packumentCache full:https://registry.npmjs.org/supports-color cache-miss
997 silly fetch manifest ms@^2.1.3
998 silly packumentCache full:https://registry.npmjs.org/ms cache-miss
999 silly fetch manifest uuid@^7.0.3
1000 silly packumentCache full:https://registry.npmjs.org/uuid cache-miss
1001 silly fetch manifest simple-plist@^1.1.0
1002 silly packumentCache full:https://registry.npmjs.org/simple-plist cache-miss
1003 http cache https://registry.npmjs.org/ansi-styles 110ms (cache hit)
1004 silly packumentCache full:https://registry.npmjs.org/ansi-styles set size:63233 disposed:false
1005 silly fetch manifest sax@>=0.6.0
1006 silly packumentCache full:https://registry.npmjs.org/sax cache-miss
1007 http fetch GET 200 https://registry.npmjs.org/ms 198ms (cache miss)
1008 silly packumentCache full:https://registry.npmjs.org/ms set size:undefined disposed:false
1009 silly fetch manifest xmlbuilder@~11.0.0
1010 silly packumentCache full:https://registry.npmjs.org/xmlbuilder cache-miss
1011 http fetch GET 200 https://registry.npmjs.org/simple-plist 304ms (cache miss)
1012 silly packumentCache full:https://registry.npmjs.org/simple-plist set size:undefined disposed:false
1013 http fetch GET 200 https://registry.npmjs.org/xmlbuilder 370ms (cache miss)
1014 silly packumentCache full:https://registry.npmjs.org/xmlbuilder set size:undefined disposed:false
1015 http fetch GET 200 https://registry.npmjs.org/xmlbuilder 230ms (cache miss)
1016 silly packumentCache full:https://registry.npmjs.org/xmlbuilder set size:undefined disposed:false
1017 http fetch GET 200 https://registry.npmjs.org/uuid 473ms (cache miss)
1018 silly packumentCache full:https://registry.npmjs.org/uuid set size:undefined disposed:false
1019 http fetch GET 200 https://registry.npmjs.org/sax 402ms (cache miss)
1020 silly packumentCache full:https://registry.npmjs.org/sax set size:undefined disposed:false
1021 http fetch GET 200 https://registry.npmjs.org/supports-color 564ms (cache miss)
1022 silly packumentCache full:https://registry.npmjs.org/supports-color set size:undefined disposed:false
1023 http fetch GET 200 https://registry.npmjs.org/@xmldom%2fxmldom 702ms (cache miss)
1024 silly packumentCache full:https://registry.npmjs.org/@xmldom%2fxmldom set size:undefined disposed:false
1025 silly placeDep ROOT @expo/env@2.4.2 OK for: @expo/fingerprint@0.20.5 want: ^2.4.2
1026 silly placeDep ROOT @expo/spawn-async@1.8.0 OK for: @expo/fingerprint@0.20.5 want: ^1.8.0
1027 silly placeDep ROOT arg@5.0.2 OK for: @expo/fingerprint@0.20.5 want: ^5.0.2
1028 silly placeDep ROOT ignore@5.3.2 OK for: @expo/fingerprint@0.20.5 want: ^5.3.1
1029 silly placeDep ROOT minimatch@10.2.5 OK for: @expo/fingerprint@0.20.5 want: ^10.2.2
1030 silly placeDep ROOT resolve-from@5.0.0 OK for: @expo/fingerprint@0.20.5 want: ^5.0.0
1031 silly fetch manifest cross-spawn@^7.0.6
1032 silly packumentCache full:https://registry.npmjs.org/cross-spawn cache-miss
1033 silly fetch manifest brace-expansion@^5.0.5
1034 silly packumentCache full:https://registry.npmjs.org/brace-expansion cache-miss
1035 http fetch GET 200 https://registry.npmjs.org/brace-expansion 228ms (cache miss)
1036 silly packumentCache full:https://registry.npmjs.org/brace-expansion set size:undefined disposed:false
1037 http fetch GET 200 https://registry.npmjs.org/cross-spawn 389ms (cache miss)
1038 silly packumentCache full:https://registry.npmjs.org/cross-spawn set size:undefined disposed:false
1039 silly placeDep ROOT @babel/code-frame@7.29.7 OK for: @expo/json-file@11.0.1 want: ^7.20.0
1040 silly placeDep ROOT json5@2.2.3 OK for: @expo/json-file@11.0.1 want: ^2.2.3
1041 silly fetch manifest js-tokens@^4.0.0
1042 silly packumentCache full:https://registry.npmjs.org/js-tokens cache-miss
1043 silly fetch manifest picocolors@^1.1.1
1044 silly packumentCache full:https://registry.npmjs.org/picocolors cache-miss
1045 silly fetch manifest @babel/helper-validator-identifier@^7.29.7
1046 silly packumentCache full:https://registry.npmjs.org/@babel%2fhelper-validator-identifier cache-miss
1047 http fetch GET 200 https://registry.npmjs.org/picocolors 170ms (cache miss)
1048 silly packumentCache full:https://registry.npmjs.org/picocolors set size:undefined disposed:false
1049 http fetch GET 200 https://registry.npmjs.org/js-tokens 187ms (cache miss)
1050 silly packumentCache full:https://registry.npmjs.org/js-tokens set size:undefined disposed:false
1051 http fetch GET 200 https://registry.npmjs.org/@babel%2fhelper-validator-identifier 451ms (cache miss)
1052 silly packumentCache full:https://registry.npmjs.org/@babel%2fhelper-validator-identifier set size:undefined disposed:false
1053 silly placeDep ROOT @babel/helper-validator-identifier@7.29.7 OK for: @babel/code-frame@7.29.7 want: ^7.29.7
1054 silly placeDep ROOT js-tokens@4.0.0 OK for: @babel/code-frame@7.29.7 want: ^4.0.0
1055 silly placeDep ROOT picocolors@1.1.1 OK for: @babel/code-frame@7.29.7 want: ^1.1.1
1056 silly placeDep ROOT metro@0.84.4 OK for: @expo/metro@56.0.0 want: 0.84.4
1057 silly placeDep ROOT metro-babel-transformer@0.84.4 OK for: @expo/metro@56.0.0 want: 0.84.4
1058 silly placeDep ROOT metro-cache@0.84.4 OK for: @expo/metro@56.0.0 want: 0.84.4
1059 silly placeDep ROOT metro-cache-key@0.84.4 OK for: @expo/metro@56.0.0 want: 0.84.4
1060 silly placeDep ROOT metro-config@0.84.4 OK for: @expo/metro@56.0.0 want: 0.84.4
1061 silly placeDep ROOT metro-core@0.84.4 OK for: @expo/metro@56.0.0 want: 0.84.4
1062 silly placeDep ROOT metro-file-map@0.84.4 OK for: @expo/metro@56.0.0 want: 0.84.4
1063 silly placeDep ROOT metro-minify-terser@0.84.4 OK for: @expo/metro@56.0.0 want: 0.84.4
1064 silly placeDep ROOT metro-resolver@0.84.4 OK for: @expo/metro@56.0.0 want: 0.84.4
1065 silly placeDep ROOT metro-runtime@0.84.4 OK for: @expo/metro@56.0.0 want: 0.84.4
1066 silly placeDep ROOT metro-source-map@0.84.4 OK for: @expo/metro@56.0.0 want: 0.84.4
1067 silly placeDep ROOT metro-symbolicate@0.84.4 OK for: @expo/metro@56.0.0 want: 0.84.4
1068 silly placeDep ROOT metro-transform-plugins@0.84.4 OK for: @expo/metro@56.0.0 want: 0.84.4
1069 silly placeDep ROOT metro-transform-worker@0.84.4 OK for: @expo/metro@56.0.0 want: 0.84.4
1070 silly fetch manifest throat@^5.0.0
1071 silly packumentCache full:https://registry.npmjs.org/throat cache-miss
1072 silly fetch manifest accepts@^2.0.0
1073 silly packumentCache full:https://registry.npmjs.org/accepts cache-miss
1074 silly fetch manifest ci-info@^2.0.0
1075 silly packumentCache full:https://registry.npmjs.org/ci-info cache-miss
1076 silly fetch manifest connect@^3.6.5
1077 silly packumentCache full:https://registry.npmjs.org/connect cache-miss
1078 silly fetch manifest image-size@^1.0.2
1079 silly packumentCache full:https://registry.npmjs.org/image-size cache-miss
1080 silly fetch manifest mime-types@^3.0.1
1081 silly packumentCache full:https://registry.npmjs.org/mime-types cache-miss
1082 silly fetch manifest source-map@^0.5.6
1083 silly packumentCache full:https://registry.npmjs.org/source-map cache-miss
1084 http cache https://registry.npmjs.org/connect 11ms (cache hit)
1085 silly packumentCache full:https://registry.npmjs.org/connect set size:438385 disposed:false
1086 silly fetch manifest graceful-fs@^4.2.4
1087 silly packumentCache full:https://registry.npmjs.org/graceful-fs cache-miss
1088 http cache https://registry.npmjs.org/accepts 16ms (cache hit)
1089 silly packumentCache full:https://registry.npmjs.org/accepts set size:77054 disposed:false
1090 silly fetch manifest jest-worker@^29.7.0
1091 silly packumentCache full:https://registry.npmjs.org/jest-worker cache-miss
1092 http cache https://registry.npmjs.org/ci-info 18ms (cache hit)
1093 silly packumentCache full:https://registry.npmjs.org/ci-info set size:91363 disposed:false
1094 silly fetch manifest @babel/types@^7.29.0
1095 silly packumentCache full:https://registry.npmjs.org/@babel%2ftypes cache-miss
1096 http fetch GET 200 https://registry.npmjs.org/mime-types 351ms (cache miss)
1097 silly packumentCache full:https://registry.npmjs.org/mime-types set size:undefined disposed:false
1098 silly fetch manifest jsc-safe-url@^0.2.2
1099 silly packumentCache full:https://registry.npmjs.org/jsc-safe-url cache-miss
1100 http cache https://registry.npmjs.org/jsc-safe-url 6ms (cache hit)
1101 silly packumentCache full:https://registry.npmjs.org/jsc-safe-url set size:13143 disposed:false
1102 silly fetch manifest @babel/parser@^7.29.0
1103 silly packumentCache full:https://registry.npmjs.org/@babel%2fparser cache-miss
1104 http fetch GET 200 https://registry.npmjs.org/graceful-fs 356ms (cache miss)
1105 silly packumentCache full:https://registry.npmjs.org/graceful-fs set size:undefined disposed:false
1106 silly fetch manifest hermes-parser@0.35.0
1107 silly packumentCache full:https://registry.npmjs.org/hermes-parser cache-miss
1108 http cache https://registry.npmjs.org/hermes-parser 5ms (cache hit)
1109 silly packumentCache full:https://registry.npmjs.org/hermes-parser set size:172593 disposed:false
1110 silly fetch manifest @babel/template@^7.28.6
1111 silly packumentCache full:https://registry.npmjs.org/@babel%2ftemplate cache-miss
1112 http fetch GET 200 https://registry.npmjs.org/jest-worker 402ms (cache miss)
1113 silly packumentCache full:https://registry.npmjs.org/jest-worker set size:undefined disposed:false
1114 silly fetch manifest @babel/traverse@^7.29.0
1115 silly packumentCache full:https://registry.npmjs.org/@babel%2ftraverse cache-miss
1116 http fetch GET 200 https://registry.npmjs.org/source-map 475ms (cache miss)
1117 silly packumentCache full:https://registry.npmjs.org/source-map set size:undefined disposed:false
1118 silly fetch manifest lodash.throttle@^4.1.1
1119 silly packumentCache full:https://registry.npmjs.org/lodash.throttle cache-miss
1120 http fetch GET 200 https://registry.npmjs.org/throat 552ms (cache miss)
1121 silly packumentCache full:https://registry.npmjs.org/throat set size:undefined disposed:false
1122 silly fetch manifest serialize-error@^2.1.0
1123 silly packumentCache full:https://registry.npmjs.org/serialize-error cache-miss
1124 http fetch GET 200 https://registry.npmjs.org/lodash.throttle 666ms (cache miss)
1125 silly packumentCache full:https://registry.npmjs.org/lodash.throttle set size:undefined disposed:false
1126 silly fetch manifest @babel/generator@^7.29.1
1127 silly packumentCache full:https://registry.npmjs.org/@babel%2fgenerator cache-miss
1128 http cache https://registry.npmjs.org/@babel%2fgenerator 5ms (cache hit)
1129 silly packumentCache full:https://registry.npmjs.org/@babel%2fgenerator set size:520504 disposed:false
1130 silly fetch manifest error-stack-parser@^2.0.6
1131 silly packumentCache full:https://registry.npmjs.org/error-stack-parser cache-miss
1132 http fetch GET 200 https://registry.npmjs.org/@babel%2ftraverse 1541ms (cache miss)
1133 silly packumentCache full:https://registry.npmjs.org/@babel%2ftraverse set size:undefined disposed:false
1134 silly fetch manifest https-proxy-agent@^7.0.5
1135 silly packumentCache full:https://registry.npmjs.org/https-proxy-agent cache-miss
1136 http fetch GET 200 https://registry.npmjs.org/image-size 2098ms (cache miss)
1137 silly packumentCache full:https://registry.npmjs.org/image-size set size:undefined disposed:false
1138 silly fetch manifest exponential-backoff@^3.1.1
1139 silly packumentCache full:https://registry.npmjs.org/exponential-backoff cache-miss
1140 http fetch GET 200 https://registry.npmjs.org/serialize-error 1551ms (cache miss)
1141 silly packumentCache full:https://registry.npmjs.org/serialize-error set size:undefined disposed:false
1142 silly fetch manifest yaml@^2.6.1
1143 silly packumentCache full:https://registry.npmjs.org/yaml cache-miss
1144 http fetch GET 200 https://registry.npmjs.org/error-stack-parser 1042ms (cache miss)
1145 silly packumentCache full:https://registry.npmjs.org/error-stack-parser set size:undefined disposed:false
1146 silly fetch manifest jest-validate@^29.7.0
1147 silly packumentCache full:https://registry.npmjs.org/jest-validate cache-miss
1148 http fetch GET 200 https://registry.npmjs.org/@babel%2ftemplate 1824ms (cache miss)
1149 silly packumentCache full:https://registry.npmjs.org/@babel%2ftemplate set size:undefined disposed:false
1150 silly fetch manifest walker@^1.0.7
1151 silly packumentCache full:https://registry.npmjs.org/walker cache-miss
1152 http fetch GET 200 https://registry.npmjs.org/https-proxy-agent 268ms (cache miss)
1153 silly packumentCache full:https://registry.npmjs.org/https-proxy-agent set size:undefined disposed:false
1154 silly fetch manifest micromatch@^4.0.4
1155 silly packumentCache full:https://registry.npmjs.org/micromatch cache-miss
1156 http fetch GET 200 https://registry.npmjs.org/walker 142ms (cache miss)
1157 silly packumentCache full:https://registry.npmjs.org/walker set size:undefined disposed:false
1158 silly fetch manifest fb-watchman@^2.0.0
1159 silly packumentCache full:https://registry.npmjs.org/fb-watchman cache-miss
1160 http fetch GET 200 https://registry.npmjs.org/@babel%2ftypes 2378ms (cache miss)
1161 silly packumentCache full:https://registry.npmjs.org/@babel%2ftypes set size:undefined disposed:false
1162 silly fetch manifest terser@^5.15.0
1163 silly packumentCache full:https://registry.npmjs.org/terser cache-miss
1164 http fetch GET 200 https://registry.npmjs.org/exponential-backoff 319ms (cache miss)
1165 silly packumentCache full:https://registry.npmjs.org/exponential-backoff set size:undefined disposed:false
1166 silly fetch manifest ob1@0.84.4
1167 silly packumentCache full:https://registry.npmjs.org/ob1 cache-miss
1168 http fetch GET 200 https://registry.npmjs.org/micromatch 225ms (cache miss)
1169 silly packumentCache full:https://registry.npmjs.org/micromatch set size:undefined disposed:false
1170 silly fetch manifest vlq@^1.0.0
1171 silly packumentCache full:https://registry.npmjs.org/vlq cache-miss
1172 http fetch GET 200 https://registry.npmjs.org/fb-watchman 159ms (cache miss)
1173 silly packumentCache full:https://registry.npmjs.org/fb-watchman set size:undefined disposed:false
1174 silly fetch manifest vlq@^1.0.0
1175 silly packumentCache full:https://registry.npmjs.org/vlq cache-miss
1176 http fetch GET 200 https://registry.npmjs.org/@babel%2fparser 2207ms (cache miss)
1177 silly packumentCache full:https://registry.npmjs.org/@babel%2fparser set size:undefined disposed:false
1178 http fetch GET 200 https://registry.npmjs.org/vlq 163ms (cache miss)
1179 silly packumentCache full:https://registry.npmjs.org/vlq set size:undefined disposed:false
1180 http fetch GET 200 https://registry.npmjs.org/vlq 163ms (cache miss)
1181 silly packumentCache full:https://registry.npmjs.org/vlq set size:undefined disposed:false
1182 http fetch GET 200 https://registry.npmjs.org/yaml 1596ms (cache miss)
1183 silly packumentCache full:https://registry.npmjs.org/yaml set size:undefined disposed:false
1184 http fetch GET 200 https://registry.npmjs.org/ob1 3407ms (cache miss)
1185 silly packumentCache full:https://registry.npmjs.org/ob1 set size:undefined disposed:false
1186 http fetch GET 200 https://registry.npmjs.org/jest-validate 3722ms (cache miss)
1187 silly packumentCache full:https://registry.npmjs.org/jest-validate set size:undefined disposed:false
1188 http fetch GET 200 https://registry.npmjs.org/terser 3666ms (cache miss)
1189 silly packumentCache full:https://registry.npmjs.org/terser set size:undefined disposed:false
1190 silly placeDep ROOT @xmldom/xmldom@0.8.13 OK for: @expo/plist@0.8.1 want: ^0.8.8
1191 silly placeDep ROOT base64-js@1.5.1 OK for: @expo/plist@0.8.1 want: ^1.5.1
1192 silly placeDep ROOT xmlbuilder@15.1.1 OK for: @expo/plist@0.8.1 want: ^15.1.1
1193 silly placeDep ROOT @babel/core@7.29.7 OK for: @expo/require-utils@57.0.3 want: ^7.25.2
1194 silly placeDep ROOT @babel/plugin-transform-modules-commonjs@7.29.7 OK for: @expo/require-utils@57.0.3 want: ^7.24.8
1195 silly fetch manifest semver@^6.3.1
1196 silly packumentCache full:https://registry.npmjs.org/semver cache-hit
1197 silly fetch manifest gensync@^1.0.0-beta.2
1198 silly packumentCache full:https://registry.npmjs.org/gensync cache-miss
1199 silly fetch manifest @babel/types@^7.29.7
1200 silly packumentCache full:https://registry.npmjs.org/@babel%2ftypes cache-miss
1201 silly fetch manifest @babel/parser@^7.29.7
1202 silly packumentCache full:https://registry.npmjs.org/@babel%2fparser cache-miss
1203 silly fetch manifest @babel/helpers@^7.29.7
1204 silly packumentCache full:https://registry.npmjs.org/@babel%2fhelpers cache-miss
1205 silly fetch manifest @babel/template@^7.29.7
1206 silly packumentCache full:https://registry.npmjs.org/@babel%2ftemplate cache-miss
1207 silly fetch manifest @babel/traverse@^7.29.7
1208 silly packumentCache full:https://registry.npmjs.org/@babel%2ftraverse cache-miss
1209 silly fetch manifest @babel/generator@^7.29.7
1210 silly packumentCache full:https://registry.npmjs.org/@babel%2fgenerator cache-hit
1211 silly fetch manifest convert-source-map@^2.0.0
1212 silly packumentCache full:https://registry.npmjs.org/convert-source-map cache-miss
1213 http cache https://registry.npmjs.org/@babel%2ftraverse 14ms (cache hit)
1214 silly packumentCache full:https://registry.npmjs.org/@babel%2ftraverse set size:562384 disposed:false
1215 silly fetch manifest @babel/helper-module-transforms@^7.29.7
1216 silly packumentCache full:https://registry.npmjs.org/@babel%2fhelper-module-transforms cache-miss
1217 http cache https://registry.npmjs.org/@babel%2ftemplate 19ms (cache hit)
1218 silly packumentCache full:https://registry.npmjs.org/@babel%2ftemplate set size:237074 disposed:false
1219 silly fetch manifest @babel/helper-compilation-targets@^7.29.7
1220 silly packumentCache full:https://registry.npmjs.org/@babel%2fhelper-compilation-targets cache-miss
1221 http cache https://registry.npmjs.org/@babel%2fparser 25ms (cache hit)
1222 silly packumentCache full:https://registry.npmjs.org/@babel%2fparser set size:735431 disposed:false
1223 silly fetch manifest @babel/helper-plugin-utils@^7.29.7
1224 silly packumentCache full:https://registry.npmjs.org/@babel%2fhelper-plugin-utils cache-miss
1225 http cache https://registry.npmjs.org/@babel%2ftypes 32ms (cache hit)
1226 silly packumentCache full:https://registry.npmjs.org/@babel%2ftypes set size:500625 disposed:false
1227 silly fetch manifest @babel/helper-module-transforms@^7.29.7
1228 silly packumentCache full:https://registry.npmjs.org/@babel%2fhelper-module-transforms cache-miss
1229 http fetch GET 200 https://registry.npmjs.org/gensync 199ms (cache miss)
1230 silly packumentCache full:https://registry.npmjs.org/gensync set size:undefined disposed:false
1231 http fetch GET 200 https://registry.npmjs.org/convert-source-map 251ms (cache miss)
1232 silly packumentCache full:https://registry.npmjs.org/convert-source-map set size:undefined disposed:false
1233 http fetch GET 200 https://registry.npmjs.org/@babel%2fhelpers 366ms (cache miss)
1234 silly packumentCache full:https://registry.npmjs.org/@babel%2fhelpers set size:undefined disposed:false
1235 http fetch GET 200 https://registry.npmjs.org/@babel%2fhelper-plugin-utils 1304ms (cache miss)
1236 silly packumentCache full:https://registry.npmjs.org/@babel%2fhelper-plugin-utils set size:undefined disposed:false
1237 http fetch GET 200 https://registry.npmjs.org/@babel%2fhelper-compilation-targets 1548ms (cache miss)
1238 silly packumentCache full:https://registry.npmjs.org/@babel%2fhelper-compilation-targets set size:undefined disposed:false
1239 http fetch GET 200 https://registry.npmjs.org/@babel%2fhelper-module-transforms 1801ms (cache miss)
1240 silly packumentCache full:https://registry.npmjs.org/@babel%2fhelper-module-transforms set size:undefined disposed:false
1241 http fetch GET 200 https://registry.npmjs.org/@babel%2fhelper-module-transforms 1787ms (cache miss)
1242 silly packumentCache full:https://registry.npmjs.org/@babel%2fhelper-module-transforms set size:undefined disposed:false
1243 silly fetch manifest @babel/core@^7.0.0
1244 silly packumentCache full:https://registry.npmjs.org/@babel%2fcore cache-hit
1245 silly placeDep ROOT @babel/generator@7.29.7 OK for: @babel/core@7.29.7 want: ^7.29.7
1246 silly placeDep ROOT @babel/helper-compilation-targets@7.29.7 OK for: @babel/core@7.29.7 want: ^7.29.7
1247 silly placeDep ROOT @babel/helper-module-transforms@7.29.7 OK for: @babel/core@7.29.7 want: ^7.29.7
1248 silly placeDep ROOT @babel/helpers@7.29.7 OK for: @babel/core@7.29.7 want: ^7.29.7
1249 silly placeDep ROOT @babel/parser@7.29.7 OK for: @babel/core@7.29.7 want: ^7.29.7
1250 silly placeDep ROOT @babel/template@7.29.7 OK for: @babel/core@7.29.7 want: ^7.29.7
1251 silly placeDep ROOT @babel/traverse@7.29.7 OK for: @babel/core@7.29.7 want: ^7.29.7
1252 silly placeDep ROOT @babel/types@7.29.7 OK for: @babel/core@7.29.7 want: ^7.29.7
1253 silly placeDep ROOT @jridgewell/remapping@2.3.5 OK for: @babel/core@7.29.7 want: ^2.3.5
1254 silly placeDep ROOT convert-source-map@2.0.0 OK for: @babel/core@7.29.7 want: ^2.0.0
1255 silly placeDep ROOT gensync@1.0.0-beta.2 OK for: @babel/core@7.29.7 want: ^1.0.0-beta.2
1256 silly placeDep node_modules/@babel/core semver@6.3.1 OK for: @babel/core@7.29.7 want: ^6.3.1
1257 silly fetch manifest jsesc@^3.0.2
1258 silly packumentCache full:https://registry.npmjs.org/jsesc cache-miss
1259 silly fetch manifest @jridgewell/gen-mapping@^0.3.12
1260 silly packumentCache full:https://registry.npmjs.org/@jridgewell%2fgen-mapping cache-miss
1261 silly fetch manifest @jridgewell/trace-mapping@^0.3.28
1262 silly packumentCache full:https://registry.npmjs.org/@jridgewell%2ftrace-mapping cache-miss
1263 silly fetch manifest lru-cache@^5.1.1
1264 silly packumentCache full:https://registry.npmjs.org/lru-cache cache-miss
1265 silly fetch manifest browserslist@^4.24.0
1266 silly packumentCache full:https://registry.npmjs.org/browserslist cache-miss
1267 silly fetch manifest @babel/compat-data@^7.29.7
1268 silly packumentCache full:https://registry.npmjs.org/@babel%2fcompat-data cache-miss
1269 silly fetch manifest @babel/helper-validator-option@^7.29.7
1270 silly packumentCache full:https://registry.npmjs.org/@babel%2fhelper-validator-option cache-miss
1271 http cache https://registry.npmjs.org/@jridgewell%2fgen-mapping 11ms (cache hit)
1272 silly packumentCache full:https://registry.npmjs.org/@jridgewell%2fgen-mapping set size:75941 disposed:false
1273 silly fetch manifest @babel/helper-module-imports@^7.29.7
1274 silly packumentCache full:https://registry.npmjs.org/@babel%2fhelper-module-imports cache-miss
1275 http cache https://registry.npmjs.org/browserslist 12ms (cache hit)
1276 silly packumentCache full:https://registry.npmjs.org/browserslist set size:514014 disposed:false
1277 silly fetch manifest @babel/helper-globals@^7.29.7
1278 silly packumentCache full:https://registry.npmjs.org/@babel%2fhelper-globals cache-miss
1279 http cache https://registry.npmjs.org/@babel%2fhelper-module-imports 14ms (cache hit)
1280 silly packumentCache full:https://registry.npmjs.org/@babel%2fhelper-module-imports set size:203392 disposed:false
1281 silly fetch manifest @babel/helper-string-parser@^7.29.7
1282 silly packumentCache full:https://registry.npmjs.org/@babel%2fhelper-string-parser cache-miss
1283 http fetch GET 200 https://registry.npmjs.org/@babel%2fhelper-globals 182ms (cache miss)
1284 silly packumentCache full:https://registry.npmjs.org/@babel%2fhelper-globals set size:undefined disposed:false
1285 silly fetch manifest @jridgewell/gen-mapping@^0.3.5
1286 silly packumentCache full:https://registry.npmjs.org/@jridgewell%2fgen-mapping cache-hit
1287 silly fetch manifest @jridgewell/trace-mapping@^0.3.24
1288 silly packumentCache full:https://registry.npmjs.org/@jridgewell%2ftrace-mapping cache-miss
1289 http fetch GET 200 https://registry.npmjs.org/jsesc 260ms (cache miss)
1290 silly packumentCache full:https://registry.npmjs.org/jsesc set size:undefined disposed:false
1291 http fetch GET 200 https://registry.npmjs.org/@babel%2fhelper-string-parser 269ms (cache miss)
1292 silly packumentCache full:https://registry.npmjs.org/@babel%2fhelper-string-parser set size:undefined disposed:false
1293 http fetch GET 200 https://registry.npmjs.org/@jridgewell%2ftrace-mapping 365ms (cache miss)
1294 silly packumentCache full:https://registry.npmjs.org/@jridgewell%2ftrace-mapping set size:undefined disposed:false
1295 http fetch GET 200 https://registry.npmjs.org/lru-cache 371ms (cache miss)
1296 silly packumentCache full:https://registry.npmjs.org/lru-cache set size:undefined disposed:false
1297 http fetch GET 200 https://registry.npmjs.org/@babel%2fhelper-validator-option 444ms (cache miss)
1298 silly packumentCache full:https://registry.npmjs.org/@babel%2fhelper-validator-option set size:undefined disposed:false
1299 http fetch GET 200 https://registry.npmjs.org/@jridgewell%2ftrace-mapping 1086ms (cache miss)
1300 silly packumentCache full:https://registry.npmjs.org/@jridgewell%2ftrace-mapping set size:undefined disposed:false
1301 http fetch GET 200 https://registry.npmjs.org/@babel%2fcompat-data 1393ms (cache miss)
1302 silly packumentCache full:https://registry.npmjs.org/@babel%2fcompat-data set size:undefined disposed:false
1303 silly placeDep ROOT @jridgewell/gen-mapping@0.3.13 OK for: @babel/generator@7.29.7 want: ^0.3.12
1304 silly placeDep ROOT @jridgewell/trace-mapping@0.3.31 OK for: @babel/generator@7.29.7 want: ^0.3.28
1305 silly placeDep ROOT jsesc@3.1.0 OK for: @babel/generator@7.29.7 want: ^3.0.2
1306 silly fetch manifest @jridgewell/sourcemap-codec@^1.5.0
1307 silly packumentCache full:https://registry.npmjs.org/@jridgewell%2fsourcemap-codec cache-miss
1308 silly fetch manifest @jridgewell/resolve-uri@^3.1.0
1309 silly packumentCache full:https://registry.npmjs.org/@jridgewell%2fresolve-uri cache-miss
1310 silly fetch manifest @jridgewell/sourcemap-codec@^1.4.14
1311 silly packumentCache full:https://registry.npmjs.org/@jridgewell%2fsourcemap-codec cache-miss
1312 http cache https://registry.npmjs.org/@jridgewell%2fsourcemap-codec 7ms (cache hit)
1313 silly packumentCache full:https://registry.npmjs.org/@jridgewell%2fsourcemap-codec set size:51856 disposed:false
1314 http cache https://registry.npmjs.org/@jridgewell%2fsourcemap-codec 8ms (cache hit)
1315 silly packumentCache full:https://registry.npmjs.org/@jridgewell%2fsourcemap-codec set size:51856 disposed:false
1316 silly packumentCache full:https://registry.npmjs.org/@jridgewell%2fsourcemap-codec dispose
1317 http fetch GET 200 https://registry.npmjs.org/@jridgewell%2fresolve-uri 272ms (cache miss)
1318 silly packumentCache full:https://registry.npmjs.org/@jridgewell%2fresolve-uri set size:undefined disposed:false
1319 silly placeDep ROOT @babel/compat-data@7.29.7 OK for: @babel/helper-compilation-targets@7.29.7 want: ^7.29.7
1320 silly placeDep ROOT @babel/helper-validator-option@7.29.7 OK for: @babel/helper-compilation-targets@7.29.7 want: ^7.29.7
1321 silly placeDep ROOT browserslist@4.28.6 OK for: @babel/helper-compilation-targets@7.29.7 want: ^4.24.0
1322 silly placeDep ROOT lru-cache@5.1.1 OK for: @babel/helper-compilation-targets@7.29.7 want: ^5.1.1
1323 silly placeDep node_modules/@babel/helper-compilation-targets semver@6.3.1 OK for: @babel/helper-compilation-targets@7.29.7 want: ^6.3.1
1324 silly fetch manifest caniuse-lite@^1.0.30001803
1325 silly packumentCache full:https://registry.npmjs.org/caniuse-lite cache-miss
1326 silly fetch manifest node-releases@^2.0.51
1327 silly packumentCache full:https://registry.npmjs.org/node-releases cache-miss
1328 silly fetch manifest electron-to-chromium@^1.5.389
1329 silly packumentCache full:https://registry.npmjs.org/electron-to-chromium cache-miss
1330 silly fetch manifest update-browserslist-db@^1.2.3
1331 silly packumentCache full:https://registry.npmjs.org/update-browserslist-db cache-miss
1332 silly fetch manifest baseline-browser-mapping@^2.10.42
1333 silly packumentCache full:https://registry.npmjs.org/baseline-browser-mapping cache-miss
1334 silly fetch manifest yallist@^3.0.2
1335 silly packumentCache full:https://registry.npmjs.org/yallist cache-miss
1336 http fetch GET 200 https://registry.npmjs.org/yallist 303ms (cache miss)
1337 silly packumentCache full:https://registry.npmjs.org/yallist set size:undefined disposed:false
1338 http fetch GET 200 https://registry.npmjs.org/update-browserslist-db 383ms (cache miss)
1339 silly packumentCache full:https://registry.npmjs.org/update-browserslist-db set size:undefined disposed:false
1340 http fetch GET 200 https://registry.npmjs.org/node-releases 654ms (cache miss)
1341 silly packumentCache full:https://registry.npmjs.org/node-releases set size:undefined disposed:false
1342 http fetch GET 200 https://registry.npmjs.org/baseline-browser-mapping 676ms (cache miss)
1343 silly packumentCache full:https://registry.npmjs.org/baseline-browser-mapping set size:undefined disposed:false
1344 http fetch GET 200 https://registry.npmjs.org/electron-to-chromium 4575ms (cache miss)
1345 silly packumentCache full:https://registry.npmjs.org/electron-to-chromium set size:undefined disposed:false
1346 http fetch GET 200 https://registry.npmjs.org/caniuse-lite 5337ms (cache miss)
1347 silly packumentCache full:https://registry.npmjs.org/caniuse-lite set size:undefined disposed:false
1348 silly placeDep ROOT @babel/helper-module-imports@7.29.7 OK for: @babel/helper-module-transforms@7.29.7 want: ^7.29.7
1349 silly placeDep ROOT @babel/helper-plugin-utils@7.29.7 OK for: @babel/plugin-transform-modules-commonjs@7.29.7 want: ^7.29.7
1350 silly placeDep ROOT @babel/helper-globals@7.29.7 OK for: @babel/traverse@7.29.7 want: ^7.29.7
1351 silly placeDep ROOT @babel/helper-string-parser@7.29.7 OK for: @babel/types@7.29.7 want: ^7.29.7
1352 silly placeDep ROOT cross-spawn@7.0.6 OK for: @expo/spawn-async@1.8.0 want: ^7.0.6
1353 silly fetch manifest which@^2.0.1
1354 silly packumentCache full:https://registry.npmjs.org/which cache-miss
1355 silly fetch manifest path-key@^3.1.0
1356 silly packumentCache full:https://registry.npmjs.org/path-key cache-miss
1357 silly fetch manifest shebang-command@^2.0.0
1358 silly packumentCache full:https://registry.npmjs.org/shebang-command cache-miss
1359 http fetch GET 200 https://registry.npmjs.org/shebang-command 166ms (cache miss)
1360 silly packumentCache full:https://registry.npmjs.org/shebang-command set size:undefined disposed:false
1361 http fetch GET 200 https://registry.npmjs.org/path-key 184ms (cache miss)
1362 silly packumentCache full:https://registry.npmjs.org/path-key set size:undefined disposed:false
1363 http fetch GET 200 https://registry.npmjs.org/which 258ms (cache miss)
1364 silly packumentCache full:https://registry.npmjs.org/which set size:undefined disposed:false
1365 silly placeDep ROOT @jridgewell/sourcemap-codec@1.5.5 OK for: @jridgewell/gen-mapping@0.3.13 want: ^1.5.0
1366 silly placeDep ROOT @jridgewell/resolve-uri@3.1.2 OK for: @jridgewell/trace-mapping@0.3.31 want: ^3.1.0
1367 silly fetch manifest browserslist@>= 4.21.0
1368 silly packumentCache full:https://registry.npmjs.org/browserslist cache-hit
1369 silly placeDep ROOT baseline-browser-mapping@2.10.43 OK for: browserslist@4.28.6 want: ^2.10.42
1370 silly placeDep ROOT caniuse-lite@1.0.30001805 OK for: browserslist@4.28.6 want: ^1.0.30001803
1371 silly placeDep ROOT electron-to-chromium@1.5.392 OK for: browserslist@4.28.6 want: ^1.5.389
1372 silly placeDep ROOT node-releases@2.0.51 OK for: browserslist@4.28.6 want: ^2.0.51
1373 silly placeDep ROOT update-browserslist-db@1.2.3 OK for: browserslist@4.28.6 want: ^1.2.3
1374 silly fetch manifest escalade@^3.2.0
1375 silly packumentCache full:https://registry.npmjs.org/escalade cache-miss
1376 http fetch GET 200 https://registry.npmjs.org/escalade 170ms (cache miss)
1377 silly packumentCache full:https://registry.npmjs.org/escalade set size:undefined disposed:false
1378 silly placeDep ROOT ansi-styles@4.3.0 OK for: chalk@4.1.2 want: ^4.1.0
1379 silly placeDep ROOT supports-color@7.2.0 OK for: chalk@4.1.2 want: ^7.1.0
1380 silly fetch manifest color-convert@^2.0.1
1381 silly packumentCache full:https://registry.npmjs.org/color-convert cache-miss
1382 silly fetch manifest has-flag@^4.0.0
1383 silly packumentCache full:https://registry.npmjs.org/has-flag cache-miss
1384 http fetch GET 200 https://registry.npmjs.org/has-flag 185ms (cache miss)
1385 silly packumentCache full:https://registry.npmjs.org/has-flag set size:undefined disposed:false
1386 http fetch GET 200 https://registry.npmjs.org/color-convert 196ms (cache miss)
1387 silly packumentCache full:https://registry.npmjs.org/color-convert set size:undefined disposed:false
1388 silly placeDep ROOT color-convert@2.0.1 OK for: ansi-styles@4.3.0 want: ^2.0.1
1389 silly fetch manifest color-name@~1.1.4
1390 silly packumentCache full:https://registry.npmjs.org/color-name cache-miss
1391 http fetch GET 200 https://registry.npmjs.org/color-name 152ms (cache miss)
1392 silly packumentCache full:https://registry.npmjs.org/color-name set size:undefined disposed:false
1393 silly placeDep ROOT color-name@1.1.4 OK for: color-convert@2.0.1 want: ~1.1.4
1394 silly placeDep ROOT path-key@3.1.1 OK for: cross-spawn@7.0.6 want: ^3.1.0
1395 silly placeDep ROOT shebang-command@2.0.0 OK for: cross-spawn@7.0.6 want: ^2.0.0
1396 silly placeDep ROOT which@2.0.2 OK for: cross-spawn@7.0.6 want: ^2.0.1
1397 silly fetch manifest shebang-regex@^3.0.0
1398 silly packumentCache full:https://registry.npmjs.org/shebang-regex cache-miss
1399 silly fetch manifest isexe@^2.0.0
1400 silly packumentCache full:https://registry.npmjs.org/isexe cache-miss
1401 http fetch GET 200 https://registry.npmjs.org/isexe 214ms (cache miss)
1402 silly packumentCache full:https://registry.npmjs.org/isexe set size:undefined disposed:false
1403 http fetch GET 200 https://registry.npmjs.org/shebang-regex 517ms (cache miss)
1404 silly packumentCache full:https://registry.npmjs.org/shebang-regex set size:undefined disposed:false
1405 silly placeDep ROOT ms@2.1.3 OK for: debug@4.4.3 want: ^2.1.3
1406 silly placeDep ROOT commander@7.2.0 OK for: expo-modules-autolinking@57.0.7 want: ^7.2.0
1407 silly placeDep ROOT @expo/expo-modules-macros-plugin@0.6.1 OK for: expo-modules-core@57.0.5 want: 0.6.1
1408 silly placeDep ROOT expo-modules-jsi@57.0.3 OK for: expo-modules-core@57.0.5 want: ~57.0.3
1409 silly placeDep ROOT invariant@2.2.4 OK for: expo-modules-core@57.0.5 want: ^2.2.4
1410 silly fetch manifest loose-envify@^1.0.0
1411 silly packumentCache full:https://registry.npmjs.org/loose-envify cache-miss
1412 http fetch GET 200 https://registry.npmjs.org/loose-envify 462ms (cache miss)
1413 silly packumentCache full:https://registry.npmjs.org/loose-envify set size:undefined disposed:false
1414 silly placeDep ROOT minipass@7.1.3 OK for: glob@13.0.6 want: ^7.1.3
1415 silly placeDep ROOT path-scurry@2.0.2 OK for: glob@13.0.6 want: ^2.0.2
1416 silly fetch manifest lru-cache@^11.0.0
1417 silly packumentCache full:https://registry.npmjs.org/lru-cache cache-miss
1418 http cache https://registry.npmjs.org/lru-cache 5ms (cache hit)
1419 silly packumentCache full:https://registry.npmjs.org/lru-cache set size:460407 disposed:false
1420 silly placeDep ROOT loose-envify@1.4.0 OK for: invariant@2.2.4 want: ^1.0.0
1421 silly placeDep ROOT yallist@3.1.1 OK for: lru-cache@5.1.1 want: ^3.0.2
1422 silly fetch manifest bufferutil@^4.0.1
1423 silly packumentCache full:https://registry.npmjs.org/bufferutil cache-miss
1424 http fetch GET 200 https://registry.npmjs.org/bufferutil 202ms (cache miss)
1425 silly packumentCache full:https://registry.npmjs.org/bufferutil set size:undefined disposed:false
1426 silly fetch manifest utf-8-validate@^5.0.2
1427 silly packumentCache full:https://registry.npmjs.org/utf-8-validate cache-miss
1428 http fetch GET 200 https://registry.npmjs.org/utf-8-validate 592ms (cache miss)
1429 silly packumentCache full:https://registry.npmjs.org/utf-8-validate set size:undefined disposed:false
1430 silly placeDep ROOT accepts@2.0.0 OK for: metro@0.84.4 want: ^2.0.0
1431 silly placeDep ROOT ci-info@2.0.0 OK for: metro@0.84.4 want: ^2.0.0
1432 silly placeDep ROOT connect@3.7.0 OK for: metro@0.84.4 want: ^3.6.5
1433 silly placeDep ROOT error-stack-parser@2.1.4 OK for: metro@0.84.4 want: ^2.0.6
1434 silly placeDep ROOT flow-enums-runtime@0.0.6 OK for: metro@0.84.4 want: ^0.0.6
1435 silly placeDep ROOT graceful-fs@4.2.11 OK for: metro@0.84.4 want: ^4.2.4
1436 silly placeDep ROOT hermes-parser@0.35.0 OK for: metro@0.84.4 want: 0.35.0
1437 silly placeDep ROOT image-size@1.2.1 OK for: metro@0.84.4 want: ^1.0.2
1438 silly placeDep ROOT jest-worker@29.7.0 OK for: metro@0.84.4 want: ^29.7.0
1439 silly placeDep ROOT jsc-safe-url@0.2.4 OK for: metro@0.84.4 want: ^0.2.2
1440 silly placeDep ROOT lodash.throttle@4.1.1 OK for: metro@0.84.4 want: ^4.1.1
1441 silly placeDep ROOT mime-types@3.0.2 OK for: metro@0.84.4 want: ^3.0.1
1442 silly placeDep ROOT nullthrows@1.1.1 OK for: metro@0.84.4 want: ^1.1.1
1443 silly placeDep ROOT serialize-error@2.1.0 OK for: metro@0.84.4 want: ^2.1.0
1444 silly placeDep ROOT source-map@0.5.7 OK for: metro@0.84.4 want: ^0.5.6
1445 silly placeDep ROOT throat@5.0.0 OK for: metro@0.84.4 want: ^5.0.0
1446 silly placeDep ROOT ws@7.5.12 OK for: metro@0.84.4 want: ^7.5.10
1447 silly placeDep ROOT yargs@17.7.3 OK for: metro@0.84.4 want: ^17.6.2
1448 silly fetch manifest mime-types@^3.0.0
1449 silly packumentCache full:https://registry.npmjs.org/mime-types cache-miss
1450 silly fetch manifest negotiator@^1.0.0
1451 silly packumentCache full:https://registry.npmjs.org/negotiator cache-miss
1452 silly fetch manifest debug@2.6.9
1453 silly packumentCache full:https://registry.npmjs.org/debug cache-hit
1454 silly fetch manifest finalhandler@1.1.2
1455 silly packumentCache full:https://registry.npmjs.org/finalhandler cache-miss
1456 silly fetch manifest parseurl@~1.3.3
1457 silly packumentCache full:https://registry.npmjs.org/parseurl cache-miss
1458 silly fetch manifest utils-merge@1.0.1
1459 silly packumentCache full:https://registry.npmjs.org/utils-merge cache-miss
1460 silly fetch manifest stackframe@^1.3.4
1461 silly packumentCache full:https://registry.npmjs.org/stackframe cache-miss
1462 silly fetch manifest hermes-estree@0.35.0
1463 silly packumentCache full:https://registry.npmjs.org/hermes-estree cache-miss
1464 http cache https://registry.npmjs.org/mime-types 91ms (cache hit)
1465 silly packumentCache full:https://registry.npmjs.org/mime-types set size:139110 disposed:false
1466 silly fetch manifest queue@6.0.2
1467 silly packumentCache full:https://registry.npmjs.org/queue cache-miss
1468 http fetch GET 200 https://registry.npmjs.org/utils-merge 281ms (cache miss)
1469 silly packumentCache full:https://registry.npmjs.org/utils-merge set size:undefined disposed:false
1470 silly fetch manifest jest-util@^29.7.0
1471 silly packumentCache full:https://registry.npmjs.org/jest-util cache-miss
1472 http fetch GET 200 https://registry.npmjs.org/stackframe 284ms (cache miss)
1473 silly packumentCache full:https://registry.npmjs.org/stackframe set size:undefined disposed:false
1474 silly fetch manifest @types/node@*
1475 silly packumentCache full:https://registry.npmjs.org/@types%2fnode cache-miss
1476 http fetch GET 200 https://registry.npmjs.org/parseurl 287ms (cache miss)
1477 silly packumentCache full:https://registry.npmjs.org/parseurl set size:undefined disposed:false
1478 silly fetch manifest merge-stream@^2.0.0
1479 silly packumentCache full:https://registry.npmjs.org/merge-stream cache-miss
1480 http fetch GET 200 https://registry.npmjs.org/negotiator 291ms (cache miss)
1481 silly packumentCache full:https://registry.npmjs.org/negotiator set size:undefined disposed:false
1482 silly fetch manifest supports-color@^8.0.0
1483 silly packumentCache full:https://registry.npmjs.org/supports-color cache-miss
1484 http cache https://registry.npmjs.org/supports-color 4ms (cache hit)
1485 silly packumentCache full:https://registry.npmjs.org/supports-color set size:118680 disposed:false
1486 silly fetch manifest mime-db@^1.54.0
1487 silly packumentCache full:https://registry.npmjs.org/mime-db cache-miss
1488 http fetch GET 200 https://registry.npmjs.org/finalhandler 394ms (cache miss)
1489 silly packumentCache full:https://registry.npmjs.org/finalhandler set size:undefined disposed:false
1490 silly fetch manifest cliui@^8.0.1
1491 silly packumentCache full:https://registry.npmjs.org/cliui cache-miss
1492 http fetch GET 200 https://registry.npmjs.org/queue 346ms (cache miss)
1493 silly packumentCache full:https://registry.npmjs.org/queue set size:undefined disposed:false
1494 silly fetch manifest escalade@^3.1.1
1495 silly packumentCache full:https://registry.npmjs.org/escalade cache-miss
1496 http cache https://registry.npmjs.org/escalade 6ms (cache hit)
1497 silly packumentCache full:https://registry.npmjs.org/escalade set size:33724 disposed:false
1498 silly fetch manifest get-caller-file@^2.0.5
1499 silly packumentCache full:https://registry.npmjs.org/get-caller-file cache-miss
1500 http fetch GET 200 https://registry.npmjs.org/merge-stream 178ms (cache miss)
1501 silly packumentCache full:https://registry.npmjs.org/merge-stream set size:undefined disposed:false
1502 silly fetch manifest require-directory@^2.1.1
1503 silly packumentCache full:https://registry.npmjs.org/require-directory cache-miss
1504 http fetch GET 200 https://registry.npmjs.org/hermes-estree 514ms (cache miss)
1505 silly packumentCache full:https://registry.npmjs.org/hermes-estree set size:undefined disposed:false
1506 silly fetch manifest string-width@^4.2.3
1507 silly packumentCache full:https://registry.npmjs.org/string-width cache-miss
1508 http fetch GET 200 https://registry.npmjs.org/mime-db 280ms (cache miss)
1509 silly packumentCache full:https://registry.npmjs.org/mime-db set size:undefined disposed:false
1510 silly fetch manifest y18n@^5.0.5
1511 silly packumentCache full:https://registry.npmjs.org/y18n cache-miss
1512 http fetch GET 200 https://registry.npmjs.org/get-caller-file 181ms (cache miss)
1513 silly packumentCache full:https://registry.npmjs.org/get-caller-file set size:undefined disposed:false
1514 silly fetch manifest yargs-parser@^21.1.1
1515 silly packumentCache full:https://registry.npmjs.org/yargs-parser cache-miss
1516 http fetch GET 200 https://registry.npmjs.org/cliui 298ms (cache miss)
1517 silly packumentCache full:https://registry.npmjs.org/cliui set size:undefined disposed:false
1518 http fetch GET 200 https://registry.npmjs.org/y18n 199ms (cache miss)
1519 silly packumentCache full:https://registry.npmjs.org/y18n set size:undefined disposed:false
1520 http fetch GET 200 https://registry.npmjs.org/string-width 268ms (cache miss)
1521 silly packumentCache full:https://registry.npmjs.org/string-width set size:undefined disposed:false
1522 http fetch GET 200 https://registry.npmjs.org/require-directory 467ms (cache miss)
1523 silly packumentCache full:https://registry.npmjs.org/require-directory set size:undefined disposed:false
1524 http fetch GET 200 https://registry.npmjs.org/jest-util 762ms (cache miss)
1525 silly packumentCache full:https://registry.npmjs.org/jest-util set size:undefined disposed:false
1526 http fetch GET 200 https://registry.npmjs.org/yargs-parser 650ms (cache miss)
1527 silly packumentCache full:https://registry.npmjs.org/yargs-parser set size:undefined disposed:false
1528 http fetch GET 200 https://registry.npmjs.org/@types%2fnode 3495ms (cache miss)
1529 silly packumentCache full:https://registry.npmjs.org/@types%2fnode set size:undefined disposed:false
1530 silly placeDep ROOT negotiator@1.0.0 OK for: accepts@2.0.0 want: ^1.0.0
1531 silly placeDep node_modules/connect debug@2.6.9 OK for: connect@3.7.0 want: 2.6.9
1532 silly placeDep ROOT finalhandler@1.1.2 OK for: connect@3.7.0 want: 1.1.2
1533 silly placeDep ROOT parseurl@1.3.3 OK for: connect@3.7.0 want: ~1.3.3
1534 silly placeDep ROOT utils-merge@1.0.1 OK for: connect@3.7.0 want: 1.0.1
1535 silly fetch manifest ms@2.0.0
1536 silly packumentCache full:https://registry.npmjs.org/ms cache-miss
1537 silly fetch manifest unpipe@~1.0.0
1538 silly packumentCache full:https://registry.npmjs.org/unpipe cache-miss
1539 silly fetch manifest statuses@~1.5.0
1540 silly packumentCache full:https://registry.npmjs.org/statuses cache-miss
1541 silly fetch manifest encodeurl@~1.0.2
1542 silly packumentCache full:https://registry.npmjs.org/encodeurl cache-miss
1543 silly fetch manifest escape-html@~1.0.3
1544 silly packumentCache full:https://registry.npmjs.org/escape-html cache-miss
1545 silly fetch manifest on-finished@~2.3.0
1546 silly packumentCache full:https://registry.npmjs.org/on-finished cache-miss
1547 http cache https://registry.npmjs.org/ms 33ms (cache hit)
1548 silly packumentCache full:https://registry.npmjs.org/ms set size:92208 disposed:false
1549 http fetch GET 200 https://registry.npmjs.org/escape-html 164ms (cache miss)
1550 silly packumentCache full:https://registry.npmjs.org/escape-html set size:undefined disposed:false
1551 http fetch GET 200 https://registry.npmjs.org/on-finished 173ms (cache miss)
1552 silly packumentCache full:https://registry.npmjs.org/on-finished set size:undefined disposed:false
1553 http fetch GET 200 https://registry.npmjs.org/unpipe 181ms (cache miss)
1554 silly packumentCache full:https://registry.npmjs.org/unpipe set size:undefined disposed:false
1555 http fetch GET 200 https://registry.npmjs.org/encodeurl 182ms (cache miss)
1556 silly packumentCache full:https://registry.npmjs.org/encodeurl set size:undefined disposed:false
1557 http fetch GET 200 https://registry.npmjs.org/statuses 188ms (cache miss)
1558 silly packumentCache full:https://registry.npmjs.org/statuses set size:undefined disposed:false
1559 silly placeDep ROOT stackframe@1.3.4 OK for: error-stack-parser@2.1.4 want: ^1.3.4
1560 silly placeDep node_modules/finalhandler debug@2.6.9 OK for: finalhandler@1.1.2 want: 2.6.9
1561 silly placeDep ROOT encodeurl@1.0.2 OK for: finalhandler@1.1.2 want: ~1.0.2
1562 silly placeDep ROOT escape-html@1.0.3 OK for: finalhandler@1.1.2 want: ~1.0.3
1563 silly placeDep ROOT on-finished@2.3.0 OK for: finalhandler@1.1.2 want: ~2.3.0
1564 silly placeDep ROOT statuses@1.5.0 OK for: finalhandler@1.1.2 want: ~1.5.0
1565 silly placeDep ROOT unpipe@1.0.0 OK for: finalhandler@1.1.2 want: ~1.0.0
1566 silly fetch manifest ee-first@1.1.1
1567 silly packumentCache full:https://registry.npmjs.org/ee-first cache-miss
1568 http fetch GET 200 https://registry.npmjs.org/ee-first 158ms (cache miss)
1569 silly packumentCache full:https://registry.npmjs.org/ee-first set size:undefined disposed:false
1570 silly placeDep ROOT hermes-estree@0.35.0 OK for: hermes-parser@0.35.0 want: 0.35.0
1571 silly placeDep ROOT queue@6.0.2 OK for: image-size@1.2.1 want: 6.0.2
1572 silly fetch manifest inherits@~2.0.3
1573 silly packumentCache full:https://registry.npmjs.org/inherits cache-miss
1574 http fetch GET 200 https://registry.npmjs.org/inherits 142ms (cache miss)
1575 silly packumentCache full:https://registry.npmjs.org/inherits set size:undefined disposed:false
1576 silly placeDep ROOT @types/node@26.1.1 OK for: jest-worker@29.7.0 want: *
1577 silly placeDep ROOT jest-util@29.7.0 OK for: jest-worker@29.7.0 want: ^29.7.0
1578 silly placeDep ROOT merge-stream@2.0.0 OK for: jest-worker@29.7.0 want: ^2.0.0
1579 silly placeDep node_modules/jest-worker supports-color@8.1.1 OK for: jest-worker@29.7.0 want: ^8.0.0
1580 silly fetch manifest undici-types@~8.3.0
1581 silly packumentCache full:https://registry.npmjs.org/undici-types cache-miss
1582 silly fetch manifest ci-info@^3.2.0
1583 silly packumentCache full:https://registry.npmjs.org/ci-info cache-hit
1584 silly fetch manifest picomatch@^2.2.3
1585 silly packumentCache full:https://registry.npmjs.org/picomatch cache-miss
1586 silly fetch manifest @jest/types@^29.6.3
1587 silly packumentCache full:https://registry.npmjs.org/@jest%2ftypes cache-miss
1588 http cache https://registry.npmjs.org/picomatch 7ms (cache hit)
1589 silly packumentCache full:https://registry.npmjs.org/picomatch set size:128942 disposed:false
1590 http fetch GET 200 https://registry.npmjs.org/undici-types 376ms (cache miss)
1591 silly packumentCache full:https://registry.npmjs.org/undici-types set size:undefined disposed:false
1592 http fetch GET 200 https://registry.npmjs.org/@jest%2ftypes 442ms (cache miss)
1593 silly packumentCache full:https://registry.npmjs.org/@jest%2ftypes set size:undefined disposed:false
1594 silly placeDep ROOT undici-types@8.3.0 OK for: @types/node@26.1.1 want: ~8.3.0
1595 silly placeDep ROOT @jest/types@29.6.3 OK for: jest-util@29.7.0 want: ^29.6.3
1596 silly placeDep node_modules/jest-util ci-info@3.9.0 OK for: jest-util@29.7.0 want: ^3.2.0
1597 silly placeDep ROOT picomatch@2.3.2 OK for: jest-util@29.7.0 want: ^2.2.3
1598 silly fetch manifest @types/yargs@^17.0.8
1599 silly packumentCache full:https://registry.npmjs.org/@types%2fyargs cache-miss
1600 silly fetch manifest @types/istanbul-reports@^3.0.0
1601 silly packumentCache full:https://registry.npmjs.org/@types%2fistanbul-reports cache-miss
1602 silly fetch manifest @types/istanbul-lib-coverage@^2.0.0
1603 silly packumentCache full:https://registry.npmjs.org/@types%2fistanbul-lib-coverage cache-miss
1604 http fetch GET 200 https://registry.npmjs.org/@types%2fistanbul-lib-coverage 170ms (cache miss)
1605 silly packumentCache full:https://registry.npmjs.org/@types%2fistanbul-lib-coverage set size:undefined disposed:false
1606 http fetch GET 200 https://registry.npmjs.org/@types%2fyargs 812ms (cache miss)
1607 silly packumentCache full:https://registry.npmjs.org/@types%2fyargs set size:undefined disposed:false
1608 http fetch GET 200 https://registry.npmjs.org/@types%2fistanbul-reports 1055ms (cache miss)
1609 silly packumentCache full:https://registry.npmjs.org/@types%2fistanbul-reports set size:undefined disposed:false
1610 silly placeDep ROOT @jest/schemas@29.6.3 OK for: @jest/types@29.6.3 want: ^29.6.3
1611 silly placeDep ROOT @types/istanbul-lib-coverage@2.0.6 OK for: @jest/types@29.6.3 want: ^2.0.0
1612 silly placeDep ROOT @types/istanbul-reports@3.0.4 OK for: @jest/types@29.6.3 want: ^3.0.0
1613 silly placeDep ROOT @types/yargs@17.0.35 OK for: @jest/types@29.6.3 want: ^17.0.8
1614 silly fetch manifest @sinclair/typebox@^0.27.8
1615 silly packumentCache full:https://registry.npmjs.org/@sinclair%2ftypebox cache-miss
1616 silly fetch manifest @types/istanbul-lib-report@*
1617 silly packumentCache full:https://registry.npmjs.org/@types%2fistanbul-lib-report cache-miss
1618 silly fetch manifest @types/yargs-parser@*
1619 silly packumentCache full:https://registry.npmjs.org/@types%2fyargs-parser cache-miss
1620 http fetch GET 200 https://registry.npmjs.org/@types%2fyargs-parser 228ms (cache miss)
1621 silly packumentCache full:https://registry.npmjs.org/@types%2fyargs-parser set size:undefined disposed:false
1622 http fetch GET 200 https://registry.npmjs.org/@types%2fistanbul-lib-report 473ms (cache miss)
1623 silly packumentCache full:https://registry.npmjs.org/@types%2fistanbul-lib-report set size:undefined disposed:false
1624 http fetch GET 200 https://registry.npmjs.org/@sinclair%2ftypebox 1652ms (cache miss)
1625 silly packumentCache full:https://registry.npmjs.org/@sinclair%2ftypebox set size:undefined disposed:false
1626 silly placeDep ROOT @sinclair/typebox@0.27.10 OK for: @jest/schemas@29.6.3 want: ^0.27.8
1627 silly placeDep ROOT @types/istanbul-lib-report@3.0.3 OK for: @types/istanbul-reports@3.0.4 want: *
1628 silly placeDep ROOT @types/yargs-parser@21.0.3 OK for: @types/yargs@17.0.35 want: *
1629 silly placeDep ROOT exponential-backoff@3.1.3 OK for: metro-cache@0.84.4 want: ^3.1.1
1630 silly placeDep ROOT https-proxy-agent@7.0.6 OK for: metro-cache@0.84.4 want: ^7.0.5
1631 silly fetch manifest agent-base@^7.1.2
1632 silly packumentCache full:https://registry.npmjs.org/agent-base cache-miss
1633 http fetch GET 200 https://registry.npmjs.org/agent-base 226ms (cache miss)
1634 silly packumentCache full:https://registry.npmjs.org/agent-base set size:undefined disposed:false
1635 silly placeDep ROOT agent-base@7.1.4 OK for: https-proxy-agent@7.0.6 want: ^7.1.2
1636 silly placeDep ROOT jest-validate@29.7.0 OK for: metro-config@0.84.4 want: ^29.7.0
1637 silly placeDep ROOT yaml@2.9.0 OK for: metro-config@0.84.4 want: ^2.6.1
1638 silly fetch manifest leven@^3.1.0
1639 silly packumentCache full:https://registry.npmjs.org/leven cache-miss
1640 silly fetch manifest camelcase@^6.2.0
1641 silly packumentCache full:https://registry.npmjs.org/camelcase cache-miss
1642 silly fetch manifest jest-get-type@^29.6.3
1643 silly packumentCache full:https://registry.npmjs.org/jest-get-type cache-miss
1644 http fetch GET 200 https://registry.npmjs.org/leven 144ms (cache miss)
1645 silly packumentCache full:https://registry.npmjs.org/leven set size:undefined disposed:false
1646 http fetch GET 200 https://registry.npmjs.org/camelcase 225ms (cache miss)
1647 silly packumentCache full:https://registry.npmjs.org/camelcase set size:undefined disposed:false
1648 http fetch GET 200 https://registry.npmjs.org/jest-get-type 637ms (cache miss)
1649 silly packumentCache full:https://registry.npmjs.org/jest-get-type set size:undefined disposed:false
1650 silly placeDep ROOT camelcase@6.3.0 OK for: jest-validate@29.7.0 want: ^6.2.0
1651 silly placeDep ROOT jest-get-type@29.6.3 OK for: jest-validate@29.7.0 want: ^29.6.3
1652 silly placeDep ROOT leven@3.1.0 OK for: jest-validate@29.7.0 want: ^3.1.0
1653 silly placeDep ROOT fb-watchman@2.0.2 OK for: metro-file-map@0.84.4 want: ^2.0.0
1654 silly placeDep ROOT micromatch@4.0.8 OK for: metro-file-map@0.84.4 want: ^4.0.4
1655 silly placeDep ROOT walker@1.0.8 OK for: metro-file-map@0.84.4 want: ^1.0.7
1656 silly fetch manifest bser@2.1.1
1657 silly packumentCache full:https://registry.npmjs.org/bser cache-miss
1658 silly fetch manifest braces@^3.0.3
1659 silly packumentCache full:https://registry.npmjs.org/braces cache-miss
1660 silly fetch manifest makeerror@1.0.12
1661 silly packumentCache full:https://registry.npmjs.org/makeerror cache-miss
1662 http fetch GET 200 https://registry.npmjs.org/braces 159ms (cache miss)
1663 silly packumentCache full:https://registry.npmjs.org/braces set size:undefined disposed:false
1664 http fetch GET 200 https://registry.npmjs.org/makeerror 159ms (cache miss)
1665 silly packumentCache full:https://registry.npmjs.org/makeerror set size:undefined disposed:false
1666 http fetch GET 200 https://registry.npmjs.org/bser 161ms (cache miss)
1667 silly packumentCache full:https://registry.npmjs.org/bser set size:undefined disposed:false
1668 silly placeDep ROOT bser@2.1.1 OK for: fb-watchman@2.0.2 want: 2.1.1
1669 silly fetch manifest node-int64@^0.4.0
1670 silly packumentCache full:https://registry.npmjs.org/node-int64 cache-miss
1671 http fetch GET 200 https://registry.npmjs.org/node-int64 142ms (cache miss)
1672 silly packumentCache full:https://registry.npmjs.org/node-int64 set size:undefined disposed:false
1673 silly placeDep ROOT node-int64@0.4.0 OK for: bser@2.1.1 want: ^0.4.0
1674 silly placeDep ROOT terser@5.49.0 OK for: metro-minify-terser@0.84.4 want: ^5.15.0
1675 silly fetch manifest @jridgewell/source-map@^0.3.3
1676 silly packumentCache full:https://registry.npmjs.org/@jridgewell%2fsource-map cache-miss
1677 silly fetch manifest acorn@^8.15.0
1678 silly packumentCache full:https://registry.npmjs.org/acorn cache-miss
1679 silly fetch manifest commander@^2.20.0
1680 silly packumentCache full:https://registry.npmjs.org/commander cache-hit
1681 silly fetch manifest source-map-support@~0.5.20
1682 silly packumentCache full:https://registry.npmjs.org/source-map-support cache-miss
1683 http fetch GET 200 https://registry.npmjs.org/@jridgewell%2fsource-map 218ms (cache miss)
1684 silly packumentCache full:https://registry.npmjs.org/@jridgewell%2fsource-map set size:undefined disposed:false
1685 http fetch GET 200 https://registry.npmjs.org/source-map-support 421ms (cache miss)
1686 silly packumentCache full:https://registry.npmjs.org/source-map-support set size:undefined disposed:false
1687 http fetch GET 200 https://registry.npmjs.org/acorn 556ms (cache miss)
1688 silly packumentCache full:https://registry.npmjs.org/acorn set size:undefined disposed:false
1689 silly placeDep ROOT ob1@0.84.4 OK for: metro-source-map@0.84.4 want: 0.84.4
1690 silly placeDep ROOT vlq@1.0.1 OK for: metro-source-map@0.84.4 want: ^1.0.0
1691 silly placeDep ROOT braces@3.0.3 OK for: micromatch@4.0.8 want: ^3.0.3
1692 silly fetch manifest fill-range@^7.1.1
1693 silly packumentCache full:https://registry.npmjs.org/fill-range cache-miss
1694 http fetch GET 200 https://registry.npmjs.org/fill-range 174ms (cache miss)
1695 silly packumentCache full:https://registry.npmjs.org/fill-range set size:undefined disposed:false
1696 silly placeDep ROOT fill-range@7.1.1 OK for: braces@3.0.3 want: ^7.1.1
1697 silly fetch manifest to-regex-range@^5.0.1
1698 silly packumentCache full:https://registry.npmjs.org/to-regex-range cache-miss
1699 http fetch GET 200 https://registry.npmjs.org/to-regex-range 282ms (cache miss)
1700 silly packumentCache full:https://registry.npmjs.org/to-regex-range set size:undefined disposed:false
1701 silly placeDep ROOT to-regex-range@5.0.1 OK for: fill-range@7.1.1 want: ^5.0.1
1702 silly fetch manifest is-number@^7.0.0
1703 silly packumentCache full:https://registry.npmjs.org/is-number cache-miss
1704 http fetch GET 200 https://registry.npmjs.org/is-number 214ms (cache miss)
1705 silly packumentCache full:https://registry.npmjs.org/is-number set size:undefined disposed:false
1706 silly placeDep ROOT mime-db@1.54.0 OK for: mime-types@3.0.2 want: ^1.54.0
1707 silly placeDep ROOT brace-expansion@5.0.7 OK for: minimatch@10.2.5 want: ^5.0.5
1708 silly fetch manifest balanced-match@^4.0.2
1709 silly packumentCache full:https://registry.npmjs.org/balanced-match cache-miss
1710 http fetch GET 200 https://registry.npmjs.org/balanced-match 166ms (cache miss)
1711 silly packumentCache full:https://registry.npmjs.org/balanced-match set size:undefined disposed:false
1712 silly placeDep ROOT balanced-match@4.0.4 OK for: brace-expansion@5.0.7 want: ^4.0.2
1713 silly placeDep ROOT ee-first@1.1.1 OK for: on-finished@2.3.0 want: 1.1.1
1714 silly placeDep node_modules/path-scurry lru-cache@11.5.2 OK for: path-scurry@2.0.2 want: ^11.0.0
1715 silly placeDep node_modules/pretty-format ansi-styles@5.2.0 OK for: pretty-format@29.7.0 want: ^5.0.0
1716 silly placeDep ROOT react-is@18.3.1 OK for: pretty-format@29.7.0 want: ^18.0.0
1717 silly placeDep ROOT inherits@2.0.4 OK for: queue@6.0.2 want: ~2.0.3
1718 silly fetch manifest react@^19.2.3
1719 silly packumentCache full:https://registry.npmjs.org/react cache-miss
1720 http cache https://registry.npmjs.org/react 16ms (cache hit)
1721 silly packumentCache full:https://registry.npmjs.org/react set size:6796788 disposed:false
1722 silly fetch manifest @react-native-community/cli@*
1723 silly packumentCache full:https://registry.npmjs.org/@react-native-community%2fcli cache-miss
1724 http fetch GET 200 https://registry.npmjs.org/@react-native-community%2fcli 1549ms (cache miss)
1725 silly packumentCache full:https://registry.npmjs.org/@react-native-community%2fcli set size:undefined disposed:false
1726 silly fetch manifest @react-native/metro-config@0.86.0
1727 silly packumentCache full:https://registry.npmjs.org/@react-native%2fmetro-config cache-miss
1728 http cache https://registry.npmjs.org/@react-native%2fmetro-config 8ms (cache hit)
1729 silly packumentCache full:https://registry.npmjs.org/@react-native%2fmetro-config set size:2287267 disposed:false
1730 silly placeDep ROOT @react-native/assets-registry@0.86.0 OK for: react-native@0.86.0 want: 0.86.0
1731 silly placeDep ROOT @react-native/codegen@0.86.0 OK for: react-native@0.86.0 want: 0.86.0
1732 silly placeDep ROOT @react-native/community-cli-plugin@0.86.0 OK for: react-native@0.86.0 want: 0.86.0
1733 silly placeDep ROOT @react-native/gradle-plugin@0.86.0 OK for: react-native@0.86.0 want: 0.86.0
1734 silly placeDep ROOT @react-native/js-polyfills@0.86.0 OK for: react-native@0.86.0 want: 0.86.0
1735 silly placeDep ROOT @react-native/normalize-colors@0.86.0 OK for: react-native@0.86.0 want: 0.86.0
1736 silly placeDep ROOT @react-native/virtualized-lists@0.86.0 OK for: react-native@0.86.0 want: 0.86.0
1737 silly placeDep ROOT abort-controller@3.0.0 OK for: react-native@0.86.0 want: ^3.0.0
1738 silly placeDep ROOT anser@1.4.10 OK for: react-native@0.86.0 want: ^1.4.9
1739 silly placeDep ROOT ansi-regex@5.0.1 OK for: react-native@0.86.0 want: ^5.0.0
1740 silly placeDep ROOT babel-plugin-syntax-hermes-parser@0.36.0 OK for: react-native@0.86.0 want: 0.36.0
1741 silly placeDep node_modules/react-native commander@12.1.0 OK for: react-native@0.86.0 want: ^12.0.0
1742 silly placeDep ROOT hermes-compiler@250829098.0.14 OK for: react-native@0.86.0 want: 250829098.0.14
1743 silly placeDep ROOT memoize-one@5.2.1 OK for: react-native@0.86.0 want: ^5.0.0
1744 silly placeDep ROOT promise@8.3.0 OK for: react-native@0.86.0 want: ^8.3.0
1745 silly placeDep ROOT react-devtools-core@6.1.5 OK for: react-native@0.86.0 want: ^6.1.5
1746 silly placeDep ROOT regenerator-runtime@0.13.11 OK for: react-native@0.86.0 want: ^0.13.2
1747 silly placeDep ROOT scheduler@0.27.0 OK for: react-native@0.86.0 want: 0.27.0
1748 silly placeDep ROOT stacktrace-parser@0.1.11 OK for: react-native@0.86.0 want: ^0.1.10
1749 silly placeDep ROOT tinyglobby@0.2.17 OK for: react-native@0.86.0 want: ^0.2.15
1750 silly placeDep ROOT whatwg-fetch@3.6.20 OK for: react-native@0.86.0 want: ^3.0.0
1751 silly fetch manifest hermes-parser@0.36.0
1752 silly packumentCache full:https://registry.npmjs.org/hermes-parser cache-hit
1753 silly fetch manifest event-target-shim@^5.0.0
1754 silly packumentCache full:https://registry.npmjs.org/event-target-shim cache-miss
1755 silly fetch manifest hermes-parser@0.36.0
1756 silly packumentCache full:https://registry.npmjs.org/hermes-parser cache-hit
1757 silly fetch manifest asap@~2.0.6
1758 silly packumentCache full:https://registry.npmjs.org/asap cache-miss
1759 silly fetch manifest shell-quote@^1.6.1
1760 silly packumentCache full:https://registry.npmjs.org/shell-quote cache-miss
1761 silly fetch manifest type-fest@^0.7.1
1762 silly packumentCache full:https://registry.npmjs.org/type-fest cache-miss
1763 silly fetch manifest fdir@^6.5.0
1764 silly packumentCache full:https://registry.npmjs.org/fdir cache-miss
1765 http fetch GET 200 https://registry.npmjs.org/shell-quote 202ms (cache miss)
1766 silly packumentCache full:https://registry.npmjs.org/shell-quote set size:undefined disposed:false
1767 http fetch GET 200 https://registry.npmjs.org/event-target-shim 314ms (cache miss)
1768 silly packumentCache full:https://registry.npmjs.org/event-target-shim set size:undefined disposed:false
1769 http fetch GET 200 https://registry.npmjs.org/asap 358ms (cache miss)
1770 silly packumentCache full:https://registry.npmjs.org/asap set size:undefined disposed:false
1771 http fetch GET 200 https://registry.npmjs.org/fdir 367ms (cache miss)
1772 silly packumentCache full:https://registry.npmjs.org/fdir set size:undefined disposed:false
1773 http fetch GET 200 https://registry.npmjs.org/type-fest 751ms (cache miss)
1774 silly packumentCache full:https://registry.npmjs.org/type-fest set size:undefined disposed:false
1775 silly placeDep node_modules/@react-native/codegen hermes-parser@0.36.0 OK for: @react-native/codegen@0.86.0 want: 0.36.0
1776 silly fetch manifest hermes-estree@0.36.0
1777 silly packumentCache full:https://registry.npmjs.org/hermes-estree cache-miss
1778 http cache https://registry.npmjs.org/hermes-estree 6ms (cache hit)
1779 silly packumentCache full:https://registry.npmjs.org/hermes-estree set size:132569 disposed:false
1780 silly placeDep ROOT @react-native/dev-middleware@0.86.0 OK for: @react-native/community-cli-plugin@0.86.0 want: 0.86.0
1781 silly fetch manifest open@^7.0.3
1782 silly packumentCache full:https://registry.npmjs.org/open cache-miss
1783 silly fetch manifest serve-static@^1.16.2
1784 silly packumentCache full:https://registry.npmjs.org/serve-static cache-miss
1785 silly fetch manifest chrome-launcher@^0.15.2
1786 silly packumentCache full:https://registry.npmjs.org/chrome-launcher cache-miss
1787 silly fetch manifest @isaacs/ttlcache@^1.4.1
1788 silly packumentCache full:https://registry.npmjs.org/@isaacs%2fttlcache cache-miss
1789 silly fetch manifest chromium-edge-launcher@^0.3.0
1790 silly packumentCache full:https://registry.npmjs.org/chromium-edge-launcher cache-miss
1791 silly fetch manifest @react-native/debugger-shell@0.86.0
1792 silly packumentCache full:https://registry.npmjs.org/@react-native%2fdebugger-shell cache-miss
1793 silly fetch manifest @react-native/debugger-frontend@0.86.0
1794 silly packumentCache full:https://registry.npmjs.org/@react-native%2fdebugger-frontend cache-miss
1795 http fetch GET 200 https://registry.npmjs.org/chromium-edge-launcher 3594ms (cache miss)
1796 silly packumentCache full:https://registry.npmjs.org/chromium-edge-launcher set size:undefined disposed:false
1797 http fetch GET 200 https://registry.npmjs.org/serve-static 3665ms (cache miss)
1798 silly packumentCache full:https://registry.npmjs.org/serve-static set size:undefined disposed:false
1799 http fetch GET 200 https://registry.npmjs.org/open 4279ms (cache miss)
1800 silly packumentCache full:https://registry.npmjs.org/open set size:undefined disposed:false
1801 http fetch GET 200 https://registry.npmjs.org/@isaacs%2fttlcache 4425ms (cache miss)
1802 silly packumentCache full:https://registry.npmjs.org/@isaacs%2fttlcache set size:undefined disposed:false
1803 http fetch GET 200 https://registry.npmjs.org/chrome-launcher 5018ms (cache miss)
1804 silly packumentCache full:https://registry.npmjs.org/chrome-launcher set size:undefined disposed:false
1805 http fetch GET 200 https://registry.npmjs.org/@react-native%2fdebugger-shell 13642ms (cache miss)
1806 silly packumentCache full:https://registry.npmjs.org/@react-native%2fdebugger-shell set size:undefined disposed:false
1807 http fetch GET 200 https://registry.npmjs.org/@react-native%2fdebugger-frontend 14397ms (cache miss)
1808 silly packumentCache full:https://registry.npmjs.org/@react-native%2fdebugger-frontend set size:undefined disposed:false
1809 silly placeDep ROOT @isaacs/ttlcache@1.4.1 OK for: @react-native/dev-middleware@0.86.0 want: ^1.4.1
1810 silly placeDep ROOT @react-native/debugger-frontend@0.86.0 OK for: @react-native/dev-middleware@0.86.0 want: 0.86.0
1811 silly placeDep ROOT @react-native/debugger-shell@0.86.0 OK for: @react-native/dev-middleware@0.86.0 want: 0.86.0
1812 silly placeDep ROOT chrome-launcher@0.15.2 OK for: @react-native/dev-middleware@0.86.0 want: ^0.15.2
1813 silly placeDep ROOT chromium-edge-launcher@0.3.0 OK for: @react-native/dev-middleware@0.86.0 want: ^0.3.0
1814 silly placeDep ROOT open@7.4.2 OK for: @react-native/dev-middleware@0.86.0 want: ^7.0.3
1815 silly placeDep ROOT serve-static@1.16.3 OK for: @react-native/dev-middleware@0.86.0 want: ^1.16.2
1816 silly fetch manifest fb-dotslash@0.5.8
1817 silly packumentCache full:https://registry.npmjs.org/fb-dotslash cache-miss
1818 silly fetch manifest is-wsl@^2.2.0
1819 silly packumentCache full:https://registry.npmjs.org/is-wsl cache-miss
1820 silly fetch manifest lighthouse-logger@^1.0.0
1821 silly packumentCache full:https://registry.npmjs.org/lighthouse-logger cache-miss
1822 silly fetch manifest escape-string-regexp@^4.0.0
1823 silly packumentCache full:https://registry.npmjs.org/escape-string-regexp cache-miss
1824 silly fetch manifest is-wsl@^2.2.0
1825 silly packumentCache full:https://registry.npmjs.org/is-wsl cache-miss
1826 silly fetch manifest mkdirp@^1.0.4
1827 silly packumentCache full:https://registry.npmjs.org/mkdirp cache-miss
1828 silly fetch manifest lighthouse-logger@^1.0.0
1829 silly packumentCache full:https://registry.npmjs.org/lighthouse-logger cache-miss
1830 http fetch GET 200 https://registry.npmjs.org/lighthouse-logger 170ms (cache miss)
1831 silly packumentCache full:https://registry.npmjs.org/lighthouse-logger set size:undefined disposed:false
1832 silly fetch manifest escape-string-regexp@^4.0.0
1833 silly packumentCache full:https://registry.npmjs.org/escape-string-regexp cache-miss
1834 http fetch GET 200 https://registry.npmjs.org/lighthouse-logger 171ms (cache miss)
1835 silly packumentCache full:https://registry.npmjs.org/lighthouse-logger set size:undefined disposed:false
1836 silly fetch manifest is-wsl@^2.1.1
1837 silly packumentCache full:https://registry.npmjs.org/is-wsl cache-miss
1838 http fetch GET 200 https://registry.npmjs.org/is-wsl 179ms (cache miss)
1839 silly packumentCache full:https://registry.npmjs.org/is-wsl set size:undefined disposed:false
1840 silly fetch manifest is-docker@^2.0.0
1841 silly packumentCache full:https://registry.npmjs.org/is-docker cache-miss
1842 http fetch GET 200 https://registry.npmjs.org/escape-string-regexp 184ms (cache miss)
1843 silly packumentCache full:https://registry.npmjs.org/escape-string-regexp set size:undefined disposed:false
1844 silly fetch manifest send@~0.19.1
1845 silly packumentCache full:https://registry.npmjs.org/send cache-miss
1846 http cache https://registry.npmjs.org/send 7ms (cache hit)
1847 silly packumentCache full:https://registry.npmjs.org/send set size:152810 disposed:false
1848 silly fetch manifest encodeurl@~2.0.0
1849 silly packumentCache full:https://registry.npmjs.org/encodeurl cache-miss
1850 http cache https://registry.npmjs.org/encodeurl 4ms (cache hit)
1851 silly packumentCache full:https://registry.npmjs.org/encodeurl set size:12296 disposed:false
1852 http fetch GET 200 https://registry.npmjs.org/is-wsl 205ms (cache miss)
1853 silly packumentCache full:https://registry.npmjs.org/is-wsl set size:undefined disposed:false
1854 http fetch GET 200 https://registry.npmjs.org/escape-string-regexp 144ms (cache miss)
1855 silly packumentCache full:https://registry.npmjs.org/escape-string-regexp set size:undefined disposed:false
1856 http fetch GET 200 https://registry.npmjs.org/is-wsl 150ms (cache miss)
1857 silly packumentCache full:https://registry.npmjs.org/is-wsl set size:undefined disposed:false
1858 http fetch GET 200 https://registry.npmjs.org/mkdirp 340ms (cache miss)
1859 silly packumentCache full:https://registry.npmjs.org/mkdirp set size:undefined disposed:false
1860 http fetch GET 200 https://registry.npmjs.org/is-docker 163ms (cache miss)
1861 silly packumentCache full:https://registry.npmjs.org/is-docker set size:undefined disposed:false
1862 http fetch GET 200 https://registry.npmjs.org/fb-dotslash 448ms (cache miss)
1863 silly packumentCache full:https://registry.npmjs.org/fb-dotslash set size:undefined disposed:false
1864 silly placeDep node_modules/@react-native/debugger-shell fb-dotslash@0.5.8 OK for: @react-native/debugger-shell@0.86.0 want: 0.5.8
1865 silly placeDep ROOT event-target-shim@5.0.1 OK for: abort-controller@3.0.0 want: ^5.0.0
1866 silly placeDep node_modules/babel-plugin-syntax-hermes-parser hermes-parser@0.36.0 OK for: babel-plugin-syntax-hermes-parser@0.36.0 want: 0.36.0
1867 silly placeDep ROOT escape-string-regexp@4.0.0 OK for: chrome-launcher@0.15.2 want: ^4.0.0
1868 silly placeDep ROOT is-wsl@2.2.0 OK for: chrome-launcher@0.15.2 want: ^2.2.0
1869 silly placeDep ROOT lighthouse-logger@1.4.2 OK for: chrome-launcher@0.15.2 want: ^1.0.0
1870 silly fetch manifest debug@^2.6.9
1871 silly packumentCache full:https://registry.npmjs.org/debug cache-hit
1872 silly fetch manifest marky@^1.2.2
1873 silly packumentCache full:https://registry.npmjs.org/marky cache-miss
1874 http fetch GET 200 https://registry.npmjs.org/marky 183ms (cache miss)
1875 silly packumentCache full:https://registry.npmjs.org/marky set size:undefined disposed:false
1876 silly placeDep ROOT mkdirp@1.0.4 OK for: chromium-edge-launcher@0.3.0 want: ^1.0.4
1877 silly placeDep ROOT is-docker@2.2.1 OK for: is-wsl@2.2.0 want: ^2.0.0
1878 silly placeDep node_modules/lighthouse-logger debug@2.6.9 OK for: lighthouse-logger@1.4.2 want: ^2.6.9
1879 silly placeDep ROOT marky@1.3.0 OK for: lighthouse-logger@1.4.2 want: ^1.2.2
1880 silly placeDep ROOT asap@2.0.6 OK for: promise@8.3.0 want: ~2.0.6
1881 silly placeDep ROOT shell-quote@1.10.0 OK for: react-devtools-core@6.1.5 want: ^1.6.1
1882 silly placeDep node_modules/serve-static encodeurl@2.0.0 OK for: serve-static@1.16.3 want: ~2.0.0
1883 silly placeDep ROOT send@0.19.2 OK for: serve-static@1.16.3 want: ~0.19.1
1884 silly fetch manifest depd@2.0.0
1885 silly packumentCache full:https://registry.npmjs.org/depd cache-miss
1886 silly fetch manifest etag@~1.8.1
1887 silly packumentCache full:https://registry.npmjs.org/etag cache-miss
1888 silly fetch manifest mime@1.6.0
1889 silly packumentCache full:https://registry.npmjs.org/mime cache-miss
1890 silly fetch manifest fresh@~0.5.2
1891 silly packumentCache full:https://registry.npmjs.org/fresh cache-miss
1892 silly fetch manifest destroy@1.2.0
1893 silly packumentCache full:https://registry.npmjs.org/destroy cache-miss
1894 silly fetch manifest statuses@~2.0.2
1895 silly packumentCache full:https://registry.npmjs.org/statuses cache-miss
1896 silly fetch manifest http-errors@~2.0.1
1897 silly packumentCache full:https://registry.npmjs.org/http-errors cache-miss
1898 http cache https://registry.npmjs.org/statuses 7ms (cache hit)
1899 silly packumentCache full:https://registry.npmjs.org/statuses set size:37117 disposed:false
1900 silly fetch manifest on-finished@~2.4.1
1901 silly packumentCache full:https://registry.npmjs.org/on-finished cache-miss
1902 http cache https://registry.npmjs.org/on-finished 5ms (cache hit)
1903 silly packumentCache full:https://registry.npmjs.org/on-finished set size:23212 disposed:false
1904 silly fetch manifest range-parser@~1.2.1
1905 silly packumentCache full:https://registry.npmjs.org/range-parser cache-miss
1906 http fetch GET 200 https://registry.npmjs.org/range-parser 164ms (cache miss)
1907 silly packumentCache full:https://registry.npmjs.org/range-parser set size:undefined disposed:false
1908 http fetch GET 200 https://registry.npmjs.org/destroy 179ms (cache miss)
1909 silly packumentCache full:https://registry.npmjs.org/destroy set size:undefined disposed:false
1910 http fetch GET 200 https://registry.npmjs.org/etag 182ms (cache miss)
1911 silly packumentCache full:https://registry.npmjs.org/etag set size:undefined disposed:false
1912 http fetch GET 200 https://registry.npmjs.org/fresh 192ms (cache miss)
1913 silly packumentCache full:https://registry.npmjs.org/fresh set size:undefined disposed:false
1914 http fetch GET 200 https://registry.npmjs.org/depd 213ms (cache miss)
1915 silly packumentCache full:https://registry.npmjs.org/depd set size:undefined disposed:false
1916 http fetch GET 200 https://registry.npmjs.org/mime 225ms (cache miss)
1917 silly packumentCache full:https://registry.npmjs.org/mime set size:undefined disposed:false
1918 http fetch GET 200 https://registry.npmjs.org/http-errors 227ms (cache miss)
1919 silly packumentCache full:https://registry.npmjs.org/http-errors set size:undefined disposed:false
1920 silly placeDep node_modules/send debug@2.6.9 OK for: send@0.19.2 want: 2.6.9
1921 silly placeDep ROOT depd@2.0.0 OK for: send@0.19.2 want: 2.0.0
1922 silly placeDep ROOT destroy@1.2.0 OK for: send@0.19.2 want: 1.2.0
1923 silly placeDep node_modules/send encodeurl@2.0.0 OK for: send@0.19.2 want: ~2.0.0
1924 silly placeDep ROOT etag@1.8.1 OK for: send@0.19.2 want: ~1.8.1
1925 silly placeDep ROOT fresh@0.5.2 OK for: send@0.19.2 want: ~0.5.2
1926 silly placeDep ROOT http-errors@2.0.1 OK for: send@0.19.2 want: ~2.0.1
1927 silly placeDep ROOT mime@1.6.0 OK for: send@0.19.2 want: 1.6.0
1928 silly placeDep node_modules/send on-finished@2.4.1 OK for: send@0.19.2 want: ~2.4.1
1929 silly placeDep ROOT range-parser@1.2.1 OK for: send@0.19.2 want: ~1.2.1
1930 silly placeDep node_modules/send statuses@2.0.2 OK for: send@0.19.2 want: ~2.0.2
1931 silly fetch manifest setprototypeof@~1.2.0
1932 silly packumentCache full:https://registry.npmjs.org/setprototypeof cache-miss
1933 silly fetch manifest toidentifier@~1.0.1
1934 silly packumentCache full:https://registry.npmjs.org/toidentifier cache-miss
1935 http fetch GET 200 https://registry.npmjs.org/toidentifier 503ms (cache miss)
1936 silly packumentCache full:https://registry.npmjs.org/toidentifier set size:undefined disposed:false
1937 http fetch GET 200 https://registry.npmjs.org/setprototypeof 507ms (cache miss)
1938 silly packumentCache full:https://registry.npmjs.org/setprototypeof set size:undefined disposed:false
1939 silly placeDep ROOT setprototypeof@1.2.0 OK for: http-errors@2.0.1 want: ~1.2.0
1940 silly placeDep node_modules/http-errors statuses@2.0.2 OK for: http-errors@2.0.1 want: ~2.0.2
1941 silly placeDep ROOT toidentifier@1.0.1 OK for: http-errors@2.0.1 want: ~1.0.1
1942 silly placeDep ROOT shebang-regex@3.0.0 OK for: shebang-command@2.0.0 want: ^3.0.0
1943 silly placeDep ROOT type-fest@0.7.1 OK for: stacktrace-parser@0.1.11 want: ^0.7.1
1944 silly placeDep ROOT has-flag@4.0.0 OK for: supports-color@7.2.0 want: ^4.0.0
1945 silly placeDep ROOT @jridgewell/source-map@0.3.11 OK for: terser@5.49.0 want: ^0.3.3
1946 silly placeDep ROOT acorn@8.17.0 OK for: terser@5.49.0 want: ^8.15.0
1947 silly placeDep node_modules/terser commander@2.20.3 OK for: terser@5.49.0 want: ^2.20.0
1948 silly placeDep ROOT source-map-support@0.5.21 OK for: terser@5.49.0 want: ~0.5.20
1949 silly fetch manifest buffer-from@^1.0.0
1950 silly packumentCache full:https://registry.npmjs.org/buffer-from cache-miss
1951 silly fetch manifest source-map@^0.6.0
1952 silly packumentCache full:https://registry.npmjs.org/source-map cache-miss
1953 http cache https://registry.npmjs.org/source-map 9ms (cache hit)
1954 silly packumentCache full:https://registry.npmjs.org/source-map set size:226267 disposed:false
1955 http fetch GET 200 https://registry.npmjs.org/buffer-from 182ms (cache miss)
1956 silly packumentCache full:https://registry.npmjs.org/buffer-from set size:undefined disposed:false
1957 silly placeDep ROOT buffer-from@1.1.2 OK for: source-map-support@0.5.21 want: ^1.0.0
1958 silly placeDep node_modules/source-map-support source-map@0.6.1 OK for: source-map-support@0.5.21 want: ^0.6.0
1959 silly placeDep node_modules/tinyglobby fdir@6.5.0 OK for: tinyglobby@0.2.17 want: ^6.5.0
1960 silly placeDep node_modules/tinyglobby picomatch@4.0.5 OK for: fdir@6.5.0 want: ^3 || ^4
1961 silly placeDep ROOT is-number@7.0.0 OK for: to-regex-range@5.0.1 want: ^7.0.0
1962 silly placeDep ROOT escalade@3.2.0 OK for: update-browserslist-db@1.2.3 want: ^3.2.0
1963 silly placeDep ROOT makeerror@1.0.12 OK for: walker@1.0.8 want: 1.0.12
1964 silly fetch manifest tmpl@1.0.5
1965 silly packumentCache full:https://registry.npmjs.org/tmpl cache-miss
1966 http fetch GET 200 https://registry.npmjs.org/tmpl 457ms (cache miss)
1967 silly packumentCache full:https://registry.npmjs.org/tmpl set size:undefined disposed:false
1968 silly placeDep ROOT tmpl@1.0.5 OK for: makeerror@1.0.12 want: 1.0.5
1969 silly placeDep ROOT isexe@2.0.0 OK for: which@2.0.2 want: ^2.0.0
1970 silly placeDep ROOT simple-plist@1.3.1 OK for: xcode@3.0.1 want: ^1.1.0
1971 silly placeDep ROOT uuid@7.0.3 OK for: xcode@3.0.1 want: ^7.0.3
1972 silly fetch manifest bplist-parser@0.3.1
1973 silly packumentCache full:https://registry.npmjs.org/bplist-parser cache-miss
1974 silly fetch manifest plist@^3.0.5
1975 silly packumentCache full:https://registry.npmjs.org/plist cache-miss
1976 http cache https://registry.npmjs.org/bplist-parser 7ms (cache hit)
1977 silly packumentCache full:https://registry.npmjs.org/bplist-parser set size:21877 disposed:false
1978 http fetch GET 200 https://registry.npmjs.org/plist 1281ms (cache miss)
1979 silly packumentCache full:https://registry.npmjs.org/plist set size:undefined disposed:false
1980 silly placeDep ROOT bplist-creator@0.1.0 OK for: simple-plist@1.3.1 want: 0.1.0
1981 silly placeDep ROOT bplist-parser@0.3.1 OK for: simple-plist@1.3.1 want: 0.3.1
1982 silly placeDep ROOT plist@3.1.1 OK for: simple-plist@1.3.1 want: ^3.0.5
1983 silly fetch manifest stream-buffers@2.2.x
1984 silly packumentCache full:https://registry.npmjs.org/stream-buffers cache-miss
1985 silly fetch manifest big-integer@1.6.x
1986 silly packumentCache full:https://registry.npmjs.org/big-integer cache-miss
1987 silly fetch manifest @xmldom/xmldom@^0.9.10
1988 silly packumentCache full:https://registry.npmjs.org/@xmldom%2fxmldom cache-miss
1989 http cache https://registry.npmjs.org/@xmldom%2fxmldom 6ms (cache hit)
1990 silly packumentCache full:https://registry.npmjs.org/@xmldom%2fxmldom set size:166253 disposed:false
1991 http fetch GET 200 https://registry.npmjs.org/stream-buffers 458ms (cache miss)
1992 silly packumentCache full:https://registry.npmjs.org/stream-buffers set size:undefined disposed:false
1993 http fetch GET 200 https://registry.npmjs.org/big-integer 678ms (cache miss)
1994 silly packumentCache full:https://registry.npmjs.org/big-integer set size:undefined disposed:false
1995 silly placeDep ROOT stream-buffers@2.2.0 OK for: bplist-creator@0.1.0 want: 2.2.x
1996 silly placeDep ROOT big-integer@1.6.52 OK for: bplist-parser@0.3.1 want: 1.6.x
1997 silly placeDep node_modules/plist @xmldom/xmldom@0.9.10 OK for: plist@3.1.1 want: ^0.9.10
1998 silly placeDep ROOT sax@1.6.0 OK for: xml2js@0.6.0 want: >=0.6.0
1999 silly placeDep node_modules/xml2js xmlbuilder@11.0.1 OK for: xml2js@0.6.0 want: ~11.0.0
2000 silly placeDep ROOT cliui@8.0.1 OK for: yargs@17.7.3 want: ^8.0.1
2001 silly placeDep ROOT get-caller-file@2.0.5 OK for: yargs@17.7.3 want: ^2.0.5
2002 silly placeDep ROOT require-directory@2.1.1 OK for: yargs@17.7.3 want: ^2.1.1
2003 silly placeDep ROOT string-width@4.2.3 OK for: yargs@17.7.3 want: ^4.2.3
2004 silly placeDep ROOT y18n@5.0.8 OK for: yargs@17.7.3 want: ^5.0.5
2005 silly placeDep ROOT yargs-parser@21.1.1 OK for: yargs@17.7.3 want: ^21.1.1
2006 silly fetch manifest strip-ansi@^6.0.1
2007 silly packumentCache full:https://registry.npmjs.org/strip-ansi cache-miss
2008 silly fetch manifest string-width@^4.2.0
2009 silly packumentCache full:https://registry.npmjs.org/string-width cache-miss
2010 silly fetch manifest strip-ansi@^6.0.1
2011 silly packumentCache full:https://registry.npmjs.org/strip-ansi cache-miss
2012 silly fetch manifest emoji-regex@^8.0.0
2013 silly packumentCache full:https://registry.npmjs.org/emoji-regex cache-miss
2014 silly fetch manifest is-fullwidth-code-point@^3.0.0
2015 silly packumentCache full:https://registry.npmjs.org/is-fullwidth-code-point cache-miss
2016 http cache https://registry.npmjs.org/string-width 7ms (cache hit)
2017 silly packumentCache full:https://registry.npmjs.org/string-width set size:72458 disposed:false
2018 http fetch GET 200 https://registry.npmjs.org/is-fullwidth-code-point 768ms (cache miss)
2019 silly packumentCache full:https://registry.npmjs.org/is-fullwidth-code-point set size:undefined disposed:false
2020 http fetch GET 200 https://registry.npmjs.org/strip-ansi 781ms (cache miss)
2021 silly packumentCache full:https://registry.npmjs.org/strip-ansi set size:undefined disposed:false
2022 http fetch GET 200 https://registry.npmjs.org/strip-ansi 850ms (cache miss)
2023 silly packumentCache full:https://registry.npmjs.org/strip-ansi set size:undefined disposed:false
2024 http fetch GET 200 https://registry.npmjs.org/emoji-regex 851ms (cache miss)
2025 silly packumentCache full:https://registry.npmjs.org/emoji-regex set size:undefined disposed:false
2026 silly placeDep ROOT strip-ansi@6.0.1 OK for: cliui@8.0.1 want: ^6.0.1
2027 silly placeDep ROOT wrap-ansi@7.0.0 OK for: cliui@8.0.1 want: ^7.0.0
2028 silly placeDep ROOT emoji-regex@8.0.0 OK for: string-width@4.2.3 want: ^8.0.0
2029 silly placeDep ROOT is-fullwidth-code-point@3.0.0 OK for: string-width@4.2.3 want: ^3.0.0
2030 silly placeDep node_modules/@react-native/codegen hermes-estree@0.36.0 OK for: hermes-parser@0.36.0 want: 0.36.0
2031 silly placeDep node_modules/babel-plugin-syntax-hermes-parser hermes-estree@0.36.0 OK for: hermes-parser@0.36.0 want: 0.36.0
2032 silly placeDep node_modules/connect ms@2.0.0 OK for: debug@2.6.9 want: 2.0.0
2033 silly fetch manifest utf-8-validate@>=5.0.2
2034 silly packumentCache full:https://registry.npmjs.org/utf-8-validate cache-miss
2035 http cache https://registry.npmjs.org/utf-8-validate 4ms (cache hit)
2036 silly packumentCache full:https://registry.npmjs.org/utf-8-validate set size:77148 disposed:false
2037 silly fetch manifest @expo/metro-runtime@^57.0.5
2038 silly packumentCache full:https://registry.npmjs.org/@expo%2fmetro-runtime cache-miss
2039 http cache https://registry.npmjs.org/@expo%2fmetro-runtime 6ms (cache hit)
2040 silly packumentCache full:https://registry.npmjs.org/@expo%2fmetro-runtime set size:756211 disposed:false
2041 silly fetch manifest expo-constants@^57.0.5
2042 silly packumentCache full:https://registry.npmjs.org/expo-constants cache-miss
2043 http cache https://registry.npmjs.org/expo-constants 7ms (cache hit)
2044 silly packumentCache full:https://registry.npmjs.org/expo-constants set size:1135531 disposed:false
2045 silly fetch manifest expo-font@^57.0.1
2046 silly packumentCache full:https://registry.npmjs.org/expo-font cache-miss
2047 http cache https://registry.npmjs.org/expo-font 8ms (cache hit)
2048 silly packumentCache full:https://registry.npmjs.org/expo-font set size:964330 disposed:false
2049 silly placeDep ROOT @expo/code-signing-certificates@0.0.6 OK for: @expo/cli@57.0.8 want: ^0.0.6
2050 silly placeDep ROOT @expo/devcert@1.2.1 OK for: @expo/cli@57.0.8 want: ^1.2.1
2051 silly placeDep ROOT @expo/image-utils@0.11.3 OK for: @expo/cli@57.0.8 want: ^0.11.3
2052 silly placeDep ROOT @expo/inline-modules@0.1.3 OK for: @expo/cli@57.0.8 want: ^0.1.3
2053 silly placeDep ROOT @expo/metro-file-map@57.0.1 OK for: @expo/cli@57.0.8 want: ^57.0.1
2054 silly placeDep ROOT @expo/osascript@2.7.1 OK for: @expo/cli@57.0.8 want: ^2.7.1
2055 silly placeDep ROOT @expo/package-manager@1.13.1 OK for: @expo/cli@57.0.8 want: ^1.13.1
2056 silly placeDep ROOT @expo/prebuild-config@57.0.7 OK for: @expo/cli@57.0.8 want: ^57.0.7
2057 silly placeDep node_modules/expo/node_modules/@expo/cli @expo/router-server@57.0.3 CONFLICT for: @expo/cli@57.0.8 want: ^57.0.3
2058 silly placeDep ROOT expo-server@57.0.1 OK for: @expo/router-server@57.0.3 want: ^57.0.1
2059 silly placeDep ROOT @expo/schema-utils@57.0.2 OK for: @expo/cli@57.0.8 want: ^57.0.2
2060 silly placeDep node_modules/expo @expo/ws-tunnel@2.0.0 OK for: @expo/cli@57.0.8 want: ^2.0.0
2061 silly placeDep node_modules/expo ws@8.21.1 OK for: @expo/ws-tunnel@2.0.0 want: ^8.0.0
2062 silly placeDep ROOT @expo/xcpretty@4.4.4 OK for: @expo/cli@57.0.8 want: ^4.4.4
2063 silly placeDep node_modules/expo accepts@1.3.8 OK for: @expo/cli@57.0.8 want: ^1.3.8
2064 silly placeDep ROOT agent-cli-detector@0.1.2 OK for: @expo/cli@57.0.8 want: ^0.1.2
2065 silly placeDep node_modules/expo ci-info@3.9.0 OK for: @expo/cli@57.0.8 want: ^3.3.0
2066 silly placeDep ROOT compression@1.8.1 OK for: @expo/cli@57.0.8 want: ^1.7.4
2067 silly placeDep ROOT dnssd-advertise@1.1.6 OK for: @expo/cli@57.0.8 want: ^1.1.4
2068 silly placeDep ROOT fetch-nodeshim@0.4.10 OK for: @expo/cli@57.0.8 want: ^0.4.10
2069 silly placeDep ROOT lan-network@0.2.1 OK for: @expo/cli@57.0.8 want: ^0.2.1
2070 silly placeDep ROOT multitars@1.0.0 OK for: @expo/cli@57.0.8 want: ^1.0.0
2071 silly placeDep ROOT node-forge@1.4.0 OK for: @expo/cli@57.0.8 want: ^1.3.3
2072 silly placeDep ROOT npm-package-arg@11.0.3 OK for: @expo/cli@57.0.8 want: ^11.0.0
2073 silly placeDep ROOT ora@3.4.0 OK for: @expo/cli@57.0.8 want: ^3.4.0
2074 silly placeDep node_modules/expo picomatch@4.0.5 OK for: @expo/cli@57.0.8 want: ^4.0.4
2075 silly placeDep ROOT progress@2.0.3 OK for: @expo/cli@57.0.8 want: ^2.0.3
2076 silly placeDep ROOT prompts@2.4.2 OK for: @expo/cli@57.0.8 want: ^2.3.2
2077 silly placeDep ROOT structured-headers@0.4.1 OK for: @expo/cli@57.0.8 want: ^0.4.1
2078 silly placeDep ROOT terminal-link@2.1.1 OK for: @expo/cli@57.0.8 want: ^2.1.1
2079 silly placeDep ROOT toqr@0.1.1 OK for: @expo/cli@57.0.8 want: ^0.1.1
2080 silly placeDep ROOT zod@3.25.76 OK for: @expo/cli@57.0.8 want: ^3.25.76
2081 silly fetch manifest debug@^3.1.0
2082 silly packumentCache full:https://registry.npmjs.org/debug cache-hit
2083 silly fetch manifest @expo/sudo-prompt@^9.3.1
2084 silly packumentCache full:https://registry.npmjs.org/@expo%2fsudo-prompt cache-miss
2085 silly fetch manifest parse-png@^2.1.0
2086 silly packumentCache full:https://registry.npmjs.org/parse-png cache-miss
2087 silly fetch manifest jimp-compact@0.16.1
2088 silly packumentCache full:https://registry.npmjs.org/jimp-compact cache-miss
2089 silly fetch manifest js-yaml@^4.1.0
2090 silly packumentCache full:https://registry.npmjs.org/js-yaml cache-miss
2091 silly fetch manifest mime-types@~2.1.34
2092 silly packumentCache full:https://registry.npmjs.org/mime-types cache-hit
2093 silly fetch manifest negotiator@0.6.3
2094 silly packumentCache full:https://registry.npmjs.org/negotiator cache-miss
2095 silly fetch manifest vary@~1.1.2
2096 silly packumentCache full:https://registry.npmjs.org/vary cache-miss
2097 silly fetch manifest bytes@3.1.2
2098 silly packumentCache full:https://registry.npmjs.org/bytes cache-miss
2099 http cache https://registry.npmjs.org/negotiator 35ms (cache hit)
2100 silly packumentCache full:https://registry.npmjs.org/negotiator set size:48046 disposed:false
2101 silly fetch manifest negotiator@~0.6.4
2102 silly packumentCache full:https://registry.npmjs.org/negotiator cache-hit
2103 silly fetch manifest on-headers@~1.1.0
2104 silly packumentCache full:https://registry.npmjs.org/on-headers cache-miss
2105 http fetch GET 200 https://registry.npmjs.org/vary 191ms (cache miss)
2106 silly packumentCache full:https://registry.npmjs.org/vary set size:undefined disposed:false
2107 silly fetch manifest safe-buffer@5.2.1
2108 silly packumentCache full:https://registry.npmjs.org/safe-buffer cache-miss
2109 http fetch GET 200 https://registry.npmjs.org/bytes 228ms (cache miss)
2110 silly packumentCache full:https://registry.npmjs.org/bytes set size:undefined disposed:false
2111 silly fetch manifest compressible@~2.0.18
2112 silly packumentCache full:https://registry.npmjs.org/compressible cache-miss
2113 http fetch GET 200 https://registry.npmjs.org/jimp-compact 256ms (cache miss)
2114 silly packumentCache full:https://registry.npmjs.org/jimp-compact set size:undefined disposed:false
2115 silly fetch manifest proc-log@^4.0.0
2116 silly packumentCache full:https://registry.npmjs.org/proc-log cache-miss
2117 http fetch GET 200 https://registry.npmjs.org/js-yaml 373ms (cache miss)
2118 silly packumentCache full:https://registry.npmjs.org/js-yaml set size:undefined disposed:false
2119 silly fetch manifest hosted-git-info@^7.0.0
2120 silly packumentCache full:https://registry.npmjs.org/hosted-git-info cache-miss
2121 http fetch GET 200 https://registry.npmjs.org/proc-log 202ms (cache miss)
2122 silly packumentCache full:https://registry.npmjs.org/proc-log set size:undefined disposed:false
2123 silly fetch manifest validate-npm-package-name@^5.0.0
2124 silly packumentCache full:https://registry.npmjs.org/validate-npm-package-name cache-miss
2125 http fetch GET 200 https://registry.npmjs.org/compressible 229ms (cache miss)
2126 silly packumentCache full:https://registry.npmjs.org/compressible set size:undefined disposed:false
2127 silly fetch manifest chalk@^2.4.2
2128 silly packumentCache full:https://registry.npmjs.org/chalk cache-hit
2129 silly fetch manifest wcwidth@^1.0.1
2130 silly packumentCache full:https://registry.npmjs.org/wcwidth cache-miss
2131 http fetch GET 200 https://registry.npmjs.org/parse-png 477ms (cache miss)
2132 silly packumentCache full:https://registry.npmjs.org/parse-png set size:undefined disposed:false
2133 silly fetch manifest cli-cursor@^2.1.0
2134 silly packumentCache full:https://registry.npmjs.org/cli-cursor cache-miss
2135 http fetch GET 200 https://registry.npmjs.org/safe-buffer 346ms (cache miss)
2136 silly packumentCache full:https://registry.npmjs.org/safe-buffer set size:undefined disposed:false
2137 silly fetch manifest strip-ansi@^5.2.0
2138 silly packumentCache full:https://registry.npmjs.org/strip-ansi cache-miss
2139 http cache https://registry.npmjs.org/strip-ansi 4ms (cache hit)
2140 silly packumentCache full:https://registry.npmjs.org/strip-ansi set size:44998 disposed:false
2141 silly fetch manifest log-symbols@^2.2.0
2142 silly packumentCache full:https://registry.npmjs.org/log-symbols cache-miss
2143 http fetch GET 200 https://registry.npmjs.org/wcwidth 154ms (cache miss)
2144 silly packumentCache full:https://registry.npmjs.org/wcwidth set size:undefined disposed:false
2145 silly fetch manifest cli-spinners@^2.0.0
2146 silly packumentCache full:https://registry.npmjs.org/cli-spinners cache-miss
2147 http fetch GET 200 https://registry.npmjs.org/validate-npm-package-name 204ms (cache miss)
2148 silly packumentCache full:https://registry.npmjs.org/validate-npm-package-name set size:undefined disposed:false
2149 silly fetch manifest kleur@^3.0.3
2150 silly packumentCache full:https://registry.npmjs.org/kleur cache-miss
2151 http fetch GET 200 https://registry.npmjs.org/cli-cursor 198ms (cache miss)
2152 silly packumentCache full:https://registry.npmjs.org/cli-cursor set size:undefined disposed:false
2153 silly fetch manifest sisteransi@^1.0.5
2154 silly packumentCache full:https://registry.npmjs.org/sisteransi cache-miss
2155 http fetch GET 200 https://registry.npmjs.org/@expo%2fsudo-prompt 699ms (cache miss)
2156 silly packumentCache full:https://registry.npmjs.org/@expo%2fsudo-prompt set size:undefined disposed:false
2157 silly fetch manifest ansi-escapes@^4.2.1
2158 silly packumentCache full:https://registry.npmjs.org/ansi-escapes cache-miss
2159 http fetch GET 200 https://registry.npmjs.org/hosted-git-info 404ms (cache miss)
2160 silly packumentCache full:https://registry.npmjs.org/hosted-git-info set size:undefined disposed:false
2161 silly fetch manifest supports-hyperlinks@^2.0.0
2162 silly packumentCache full:https://registry.npmjs.org/supports-hyperlinks cache-miss
2163 http fetch GET 200 https://registry.npmjs.org/on-headers 810ms (cache miss)
2164 silly packumentCache full:https://registry.npmjs.org/on-headers set size:undefined disposed:false
2165 http fetch GET 200 https://registry.npmjs.org/cli-spinners 243ms (cache miss)
2166 silly packumentCache full:https://registry.npmjs.org/cli-spinners set size:undefined disposed:false
2167 http fetch GET 200 https://registry.npmjs.org/supports-hyperlinks 240ms (cache miss)
2168 silly packumentCache full:https://registry.npmjs.org/supports-hyperlinks set size:undefined disposed:false
2169 http fetch GET 200 https://registry.npmjs.org/ansi-escapes 425ms (cache miss)
2170 silly packumentCache full:https://registry.npmjs.org/ansi-escapes set size:undefined disposed:false
2171 http fetch GET 200 https://registry.npmjs.org/kleur 475ms (cache miss)
2172 silly packumentCache full:https://registry.npmjs.org/kleur set size:undefined disposed:false
2173 http fetch GET 200 https://registry.npmjs.org/sisteransi 650ms (cache miss)
2174 silly packumentCache full:https://registry.npmjs.org/sisteransi set size:undefined disposed:false
2175 http fetch GET 200 https://registry.npmjs.org/log-symbols 1357ms (cache miss)
2176 silly packumentCache full:https://registry.npmjs.org/log-symbols set size:undefined disposed:false
2177 silly placeDep ROOT @expo/sudo-prompt@9.3.2 OK for: @expo/devcert@1.2.1 want: ^9.3.1
2178 silly placeDep node_modules/@expo/devcert debug@3.2.7 OK for: @expo/devcert@1.2.1 want: ^3.1.0
2179 silly placeDep ROOT jimp-compact@0.16.1 OK for: @expo/image-utils@0.11.3 want: 0.16.1
2180 silly placeDep ROOT parse-png@2.1.0 OK for: @expo/image-utils@0.11.3 want: ^2.1.0
2181 silly fetch manifest pngjs@^3.3.0
2182 silly packumentCache full:https://registry.npmjs.org/pngjs cache-miss
2183 http fetch GET 200 https://registry.npmjs.org/pngjs 3529ms (cache miss)
2184 silly packumentCache full:https://registry.npmjs.org/pngjs set size:undefined disposed:false
2185 silly placeDep ROOT js-yaml@4.3.0 OK for: @expo/xcpretty@4.4.4 want: ^4.1.0
2186 silly fetch manifest argparse@^2.0.1
2187 silly packumentCache full:https://registry.npmjs.org/argparse cache-miss
2188 http fetch GET 200 https://registry.npmjs.org/argparse 4096ms (cache miss)
2189 silly packumentCache full:https://registry.npmjs.org/argparse set size:undefined disposed:false
2190 silly placeDep ROOT bytes@3.1.2 OK for: compression@1.8.1 want: 3.1.2
2191 silly placeDep ROOT compressible@2.0.18 OK for: compression@1.8.1 want: ~2.0.18
2192 silly placeDep node_modules/compression debug@2.6.9 OK for: compression@1.8.1 want: 2.6.9
2193 silly placeDep node_modules/compression negotiator@0.6.4 OK for: compression@1.8.1 want: ~0.6.4
2194 silly placeDep ROOT on-headers@1.1.0 OK for: compression@1.8.1 want: ~1.1.0
2195 silly placeDep ROOT safe-buffer@5.2.1 OK for: compression@1.8.1 want: 5.2.1
2196 silly placeDep ROOT vary@1.1.2 OK for: compression@1.8.1 want: ~1.1.2
2197 silly placeDep ROOT argparse@2.0.1 OK for: js-yaml@4.3.0 want: ^2.0.1
2198 silly placeDep ROOT hosted-git-info@7.0.2 OK for: npm-package-arg@11.0.3 want: ^7.0.0
2199 silly placeDep ROOT proc-log@4.2.0 OK for: npm-package-arg@11.0.3 want: ^4.0.0
2200 silly placeDep ROOT validate-npm-package-name@5.0.1 OK for: npm-package-arg@11.0.3 want: ^5.0.0
2201 silly fetch manifest lru-cache@^10.0.1
2202 silly packumentCache full:https://registry.npmjs.org/lru-cache cache-hit
2203 silly placeDep node_modules/hosted-git-info lru-cache@10.4.3 OK for: hosted-git-info@7.0.2 want: ^10.0.1
2204 silly placeDep node_modules/ora chalk@2.4.2 OK for: ora@3.4.0 want: ^2.4.2
2205 silly placeDep ROOT cli-cursor@2.1.0 OK for: ora@3.4.0 want: ^2.1.0
2206 silly placeDep ROOT cli-spinners@2.9.2 OK for: ora@3.4.0 want: ^2.0.0
2207 silly placeDep ROOT log-symbols@2.2.0 OK for: ora@3.4.0 want: ^2.2.0
2208 silly placeDep node_modules/ora strip-ansi@5.2.0 OK for: ora@3.4.0 want: ^5.2.0
2209 silly placeDep ROOT wcwidth@1.0.1 OK for: ora@3.4.0 want: ^1.0.1
2210 silly fetch manifest ansi-styles@^3.2.1
2211 silly packumentCache full:https://registry.npmjs.org/ansi-styles cache-hit
2212 silly fetch manifest supports-color@^5.3.0
2213 silly packumentCache full:https://registry.npmjs.org/supports-color cache-hit
2214 silly fetch manifest escape-string-regexp@^1.0.5
2215 silly packumentCache full:https://registry.npmjs.org/escape-string-regexp cache-miss
2216 silly fetch manifest restore-cursor@^2.0.0
2217 silly packumentCache full:https://registry.npmjs.org/restore-cursor cache-miss
2218 silly fetch manifest chalk@^2.0.1
2219 silly packumentCache full:https://registry.npmjs.org/chalk cache-hit
2220 silly fetch manifest ansi-regex@^4.1.0
2221 silly packumentCache full:https://registry.npmjs.org/ansi-regex cache-miss
2222 silly fetch manifest defaults@^1.0.3
2223 silly packumentCache full:https://registry.npmjs.org/defaults cache-miss
2224 http cache https://registry.npmjs.org/escape-string-regexp 7ms (cache hit)
2225 silly packumentCache full:https://registry.npmjs.org/escape-string-regexp set size:22244 disposed:false
2226 http cache https://registry.npmjs.org/ansi-regex 7ms (cache hit)
2227 silly packumentCache full:https://registry.npmjs.org/ansi-regex set size:43572 disposed:false
2228 http fetch GET 200 https://registry.npmjs.org/defaults 3444ms (cache miss)
2229 silly packumentCache full:https://registry.npmjs.org/defaults set size:undefined disposed:false
2230 http fetch GET 200 https://registry.npmjs.org/restore-cursor 3446ms (cache miss)
2231 silly packumentCache full:https://registry.npmjs.org/restore-cursor set size:undefined disposed:false
2232 silly placeDep ROOT restore-cursor@2.0.0 OK for: cli-cursor@2.1.0 want: ^2.0.0
2233 silly fetch manifest onetime@^2.0.0
2234 silly packumentCache full:https://registry.npmjs.org/onetime cache-miss
2235 silly fetch manifest signal-exit@^3.0.2
2236 silly packumentCache full:https://registry.npmjs.org/signal-exit cache-miss
2237 http fetch GET 200 https://registry.npmjs.org/onetime 3781ms (cache miss)
2238 silly packumentCache full:https://registry.npmjs.org/onetime set size:undefined disposed:false
2239 http fetch GET 200 https://registry.npmjs.org/signal-exit 12059ms (cache miss)
2240 silly packumentCache full:https://registry.npmjs.org/signal-exit set size:undefined disposed:false
2241 silly placeDep node_modules/log-symbols chalk@2.4.2 OK for: log-symbols@2.2.0 want: ^2.0.1
2242 silly placeDep ROOT pngjs@3.4.0 OK for: parse-png@2.1.0 want: ^3.3.0
2243 silly placeDep ROOT kleur@3.0.3 OK for: prompts@2.4.2 want: ^3.0.3
2244 silly placeDep ROOT sisteransi@1.0.5 OK for: prompts@2.4.2 want: ^1.0.5
2245 silly placeDep ROOT onetime@2.0.1 OK for: restore-cursor@2.0.0 want: ^2.0.0
2246 silly placeDep ROOT signal-exit@3.0.7 OK for: restore-cursor@2.0.0 want: ^3.0.2
2247 silly fetch manifest mimic-fn@^1.0.0
2248 silly packumentCache full:https://registry.npmjs.org/mimic-fn cache-miss
2249 http fetch GET 200 https://registry.npmjs.org/mimic-fn 14111ms (cache miss)
2250 silly packumentCache full:https://registry.npmjs.org/mimic-fn set size:undefined disposed:false
2251 silly placeDep ROOT mimic-fn@1.2.0 OK for: onetime@2.0.1 want: ^1.0.0
2252 silly placeDep ROOT ansi-escapes@4.3.2 OK for: terminal-link@2.1.1 want: ^4.2.1
2253 silly placeDep ROOT supports-hyperlinks@2.3.0 OK for: terminal-link@2.1.1 want: ^2.0.0
2254 silly fetch manifest type-fest@^0.21.3
2255 silly packumentCache full:https://registry.npmjs.org/type-fest cache-miss
2256 http cache https://registry.npmjs.org/type-fest 7ms (cache hit)
2257 silly packumentCache full:https://registry.npmjs.org/type-fest set size:566201 disposed:false
2258 silly placeDep node_modules/ansi-escapes type-fest@0.21.3 OK for: ansi-escapes@4.3.2 want: ^0.21.3
2259 silly placeDep ROOT defaults@1.0.4 OK for: wcwidth@1.0.1 want: ^1.0.3
2260 silly fetch manifest clone@^1.0.2
2261 silly packumentCache full:https://registry.npmjs.org/clone cache-miss
2262 http fetch GET https://registry.npmjs.org/clone attempt 1 failed with ECONNRESET
2263 http fetch GET https://registry.npmjs.org/clone attempt 2 failed with ECONNRESET
2264 http fetch GET 200 https://registry.npmjs.org/clone 141162ms attempt #3 (cache miss)
2265 silly packumentCache full:https://registry.npmjs.org/clone set size:undefined disposed:false
2266 silly placeDep ROOT clone@1.0.4 OK for: defaults@1.0.4 want: ^1.0.2
2267 silly placeDep node_modules/compression ms@2.0.0 OK for: debug@2.6.9 want: 2.0.0
2268 silly placeDep node_modules/expo hermes-parser@0.36.1 OK for: @expo/metro-config@57.0.5 want: ^0.36.0
2269 silly placeDep ROOT lightningcss@1.32.0 OK for: @expo/metro-config@57.0.5 want: ^1.30.1
2270 silly placeDep ROOT postcss@8.5.19 OK for: @expo/metro-config@57.0.5 want: ^8.5.14
2271 silly fetch manifest hermes-estree@0.36.1
2272 silly packumentCache full:https://registry.npmjs.org/hermes-estree cache-hit
2273 silly fetch manifest detect-libc@^2.0.3
2274 silly packumentCache full:https://registry.npmjs.org/detect-libc cache-miss
2275 silly fetch manifest lightningcss-darwin-x64@1.32.0
2276 silly packumentCache full:https://registry.npmjs.org/lightningcss-darwin-x64 cache-miss
2277 silly fetch manifest lightningcss-linux-x64-gnu@1.32.0
2278 silly packumentCache full:https://registry.npmjs.org/lightningcss-linux-x64-gnu cache-miss
2279 silly fetch manifest lightningcss-win32-x64-msvc@1.32.0
2280 silly packumentCache full:https://registry.npmjs.org/lightningcss-win32-x64-msvc cache-miss
2281 silly fetch manifest lightningcss-win32-arm64-msvc@1.32.0
2282 silly packumentCache full:https://registry.npmjs.org/lightningcss-win32-arm64-msvc cache-miss
2283 silly fetch manifest lightningcss-darwin-arm64@1.32.0
2284 silly packumentCache full:https://registry.npmjs.org/lightningcss-darwin-arm64 cache-miss
2285 silly fetch manifest lightningcss-linux-arm64-gnu@1.32.0
2286 silly packumentCache full:https://registry.npmjs.org/lightningcss-linux-arm64-gnu cache-miss
2287 http fetch GET 200 https://registry.npmjs.org/detect-libc 187ms (cache miss)
2288 silly packumentCache full:https://registry.npmjs.org/detect-libc set size:undefined disposed:false
2289 silly fetch manifest lightningcss-linux-arm-gnueabihf@1.32.0
2290 silly packumentCache full:https://registry.npmjs.org/lightningcss-linux-arm-gnueabihf cache-miss
2291 http fetch GET 200 https://registry.npmjs.org/lightningcss-linux-x64-gnu 600ms (cache miss)
2292 silly packumentCache full:https://registry.npmjs.org/lightningcss-linux-x64-gnu set size:undefined disposed:false
2293 silly fetch manifest lightningcss-linux-arm64-musl@1.32.0
2294 silly packumentCache full:https://registry.npmjs.org/lightningcss-linux-arm64-musl cache-miss
2295 http fetch GET 200 https://registry.npmjs.org/lightningcss-darwin-x64 646ms (cache miss)
2296 silly packumentCache full:https://registry.npmjs.org/lightningcss-darwin-x64 set size:undefined disposed:false
2297 silly fetch manifest lightningcss-linux-x64-musl@1.32.0
2298 silly packumentCache full:https://registry.npmjs.org/lightningcss-linux-x64-musl cache-miss
2299 http fetch GET 200 https://registry.npmjs.org/lightningcss-linux-arm64-gnu 645ms (cache miss)
2300 silly packumentCache full:https://registry.npmjs.org/lightningcss-linux-arm64-gnu set size:undefined disposed:false
2301 silly fetch manifest lightningcss-freebsd-x64@1.32.0
2302 silly packumentCache full:https://registry.npmjs.org/lightningcss-freebsd-x64 cache-miss
2303 http fetch GET 200 https://registry.npmjs.org/lightningcss-darwin-arm64 725ms (cache miss)
2304 silly packumentCache full:https://registry.npmjs.org/lightningcss-darwin-arm64 set size:undefined disposed:false
2305 silly fetch manifest lightningcss-android-arm64@1.32.0
2306 silly packumentCache full:https://registry.npmjs.org/lightningcss-android-arm64 cache-miss
2307 http fetch GET 200 https://registry.npmjs.org/lightningcss-linux-arm64-musl 156ms (cache miss)
2308 silly packumentCache full:https://registry.npmjs.org/lightningcss-linux-arm64-musl set size:undefined disposed:false
2309 silly fetch manifest nanoid@^3.3.12
2310 silly packumentCache full:https://registry.npmjs.org/nanoid cache-miss
2311 http fetch GET 200 https://registry.npmjs.org/lightningcss-freebsd-x64 150ms (cache miss)
2312 silly packumentCache full:https://registry.npmjs.org/lightningcss-freebsd-x64 set size:undefined disposed:false
2313 silly fetch manifest source-map-js@^1.2.1
2314 silly packumentCache full:https://registry.npmjs.org/source-map-js cache-miss
2315 http fetch GET 200 https://registry.npmjs.org/lightningcss-linux-x64-musl 162ms (cache miss)
2316 silly packumentCache full:https://registry.npmjs.org/lightningcss-linux-x64-musl set size:undefined disposed:false
2317 http fetch GET 200 https://registry.npmjs.org/lightningcss-android-arm64 134ms (cache miss)
2318 silly packumentCache full:https://registry.npmjs.org/lightningcss-android-arm64 set size:undefined disposed:false
2319 http fetch GET 200 https://registry.npmjs.org/lightningcss-win32-arm64-msvc 875ms (cache miss)
2320 silly packumentCache full:https://registry.npmjs.org/lightningcss-win32-arm64-msvc set size:undefined disposed:false
2321 http fetch GET 200 https://registry.npmjs.org/lightningcss-win32-x64-msvc 999ms (cache miss)
2322 silly packumentCache full:https://registry.npmjs.org/lightningcss-win32-x64-msvc set size:undefined disposed:false
2323 http fetch GET 200 https://registry.npmjs.org/lightningcss-linux-arm-gnueabihf 919ms (cache miss)
2324 silly packumentCache full:https://registry.npmjs.org/lightningcss-linux-arm-gnueabihf set size:undefined disposed:false
2325 http fetch GET 200 https://registry.npmjs.org/source-map-js 1081ms (cache miss)
2326 silly packumentCache full:https://registry.npmjs.org/source-map-js set size:undefined disposed:false
2327 http fetch GET 200 https://registry.npmjs.org/nanoid 3112ms (cache miss)
2328 silly packumentCache full:https://registry.npmjs.org/nanoid set size:undefined disposed:false
2329 silly placeDep ROOT detect-libc@2.1.2 OK for: lightningcss@1.32.0 want: ^2.0.3
2330 silly placeDep ROOT lightningcss-android-arm64@1.32.0 OK for: lightningcss@1.32.0 want: 1.32.0
2331 silly placeDep ROOT lightningcss-darwin-arm64@1.32.0 OK for: lightningcss@1.32.0 want: 1.32.0
2332 silly placeDep ROOT lightningcss-darwin-x64@1.32.0 OK for: lightningcss@1.32.0 want: 1.32.0
2333 silly placeDep ROOT lightningcss-freebsd-x64@1.32.0 OK for: lightningcss@1.32.0 want: 1.32.0
2334 silly placeDep ROOT lightningcss-linux-arm-gnueabihf@1.32.0 OK for: lightningcss@1.32.0 want: 1.32.0
2335 silly placeDep ROOT lightningcss-linux-arm64-gnu@1.32.0 OK for: lightningcss@1.32.0 want: 1.32.0
2336 silly placeDep ROOT lightningcss-linux-arm64-musl@1.32.0 OK for: lightningcss@1.32.0 want: 1.32.0
2337 silly placeDep ROOT lightningcss-linux-x64-gnu@1.32.0 OK for: lightningcss@1.32.0 want: 1.32.0
2338 silly placeDep ROOT lightningcss-linux-x64-musl@1.32.0 OK for: lightningcss@1.32.0 want: 1.32.0
2339 silly placeDep ROOT lightningcss-win32-arm64-msvc@1.32.0 OK for: lightningcss@1.32.0 want: 1.32.0
2340 silly placeDep ROOT lightningcss-win32-x64-msvc@1.32.0 OK for: lightningcss@1.32.0 want: 1.32.0
2341 silly placeDep ROOT nanoid@3.3.16 OK for: postcss@8.5.19 want: ^3.3.12
2342 silly placeDep ROOT source-map-js@1.2.1 OK for: postcss@8.5.19 want: ^1.2.1
2343 silly placeDep node_modules/expo mime-types@2.1.35 OK for: accepts@1.3.8 want: ~2.1.34
2344 silly placeDep node_modules/expo negotiator@0.6.3 OK for: accepts@1.3.8 want: 0.6.3
2345 silly fetch manifest mime-db@1.52.0
2346 silly packumentCache full:https://registry.npmjs.org/mime-db cache-miss
2347 http cache https://registry.npmjs.org/mime-db 5ms (cache hit)
2348 silly packumentCache full:https://registry.npmjs.org/mime-db set size:164953 disposed:false
2349 silly fetch manifest @babel/core@^7.0.0-0
2350 silly packumentCache full:https://registry.npmjs.org/@babel%2fcore cache-hit
2351 silly fetch manifest @babel/core@^7.12.0
2352 silly packumentCache full:https://registry.npmjs.org/@babel%2fcore cache-hit
2353 silly placeDep ROOT @babel/plugin-proposal-decorators@7.29.7 OK for: babel-preset-expo@57.0.3 want: ^7.12.9
2354 silly placeDep ROOT @babel/plugin-proposal-export-default-from@7.29.7 OK for: babel-preset-expo@57.0.3 want: ^7.24.7
2355 silly placeDep ROOT @babel/plugin-syntax-dynamic-import@7.8.3 OK for: babel-preset-expo@57.0.3 want: ^7.8.3
2356 silly placeDep ROOT @babel/plugin-syntax-export-default-from@7.29.7 OK for: babel-preset-expo@57.0.3 want: ^7.24.7
2357 silly placeDep ROOT @babel/plugin-syntax-nullish-coalescing-operator@7.8.3 OK for: babel-preset-expo@57.0.3 want: ^7.8.3
2358 silly placeDep ROOT @babel/plugin-syntax-optional-chaining@7.8.3 OK for: babel-preset-expo@57.0.3 want: ^7.8.3
2359 silly placeDep ROOT @babel/plugin-transform-async-generator-functions@7.29.7 OK for: babel-preset-expo@57.0.3 want: ^7.25.4
2360 silly placeDep ROOT @babel/plugin-transform-async-to-generator@7.29.7 OK for: babel-preset-expo@57.0.3 want: ^7.24.7
2361 silly placeDep ROOT @babel/plugin-transform-block-scoping@7.29.7 OK for: babel-preset-expo@57.0.3 want: ^7.25.0
2362 silly placeDep ROOT @babel/plugin-transform-class-properties@7.29.7 OK for: babel-preset-expo@57.0.3 want: ^7.25.4
2363 silly placeDep ROOT @babel/plugin-transform-class-static-block@7.29.7 OK for: babel-preset-expo@57.0.3 want: ^7.27.1
2364 silly placeDep ROOT @babel/plugin-transform-classes@7.29.7 OK for: babel-preset-expo@57.0.3 want: ^7.25.4
2365 silly placeDep ROOT @babel/plugin-transform-destructuring@7.29.7 OK for: babel-preset-expo@57.0.3 want: ^7.24.8
2366 silly placeDep ROOT @babel/plugin-transform-export-namespace-from@7.29.7 OK for: babel-preset-expo@57.0.3 want: ^7.25.9
2367 silly placeDep ROOT @babel/plugin-transform-flow-strip-types@7.29.7 OK for: babel-preset-expo@57.0.3 want: ^7.25.2
2368 silly placeDep ROOT @babel/plugin-transform-for-of@7.29.7 OK for: babel-preset-expo@57.0.3 want: ^7.24.7
2369 silly placeDep ROOT @babel/plugin-transform-logical-assignment-operators@7.29.7 OK for: babel-preset-expo@57.0.3 want: ^7.24.7
2370 silly placeDep ROOT @babel/plugin-transform-named-capturing-groups-regex@7.29.7 OK for: babel-preset-expo@57.0.3 want: ^7.24.7
2371 silly placeDep ROOT @babel/plugin-transform-nullish-coalescing-operator@7.29.7 OK for: babel-preset-expo@57.0.3 want: ^7.24.7
2372 silly placeDep ROOT @babel/plugin-transform-object-rest-spread@7.29.7 OK for: babel-preset-expo@57.0.3 want: ^7.24.7
2373 silly placeDep ROOT @babel/plugin-transform-optional-catch-binding@7.29.7 OK for: babel-preset-expo@57.0.3 want: ^7.24.7
2374 silly placeDep ROOT @babel/plugin-transform-optional-chaining@7.29.7 OK for: babel-preset-expo@57.0.3 want: ^7.24.8
2375 silly placeDep ROOT @babel/plugin-transform-parameters@7.29.7 OK for: babel-preset-expo@57.0.3 want: ^7.24.7
2376 silly placeDep ROOT @babel/plugin-transform-private-methods@7.29.7 OK for: babel-preset-expo@57.0.3 want: ^7.24.7
2377 silly placeDep ROOT @babel/plugin-transform-private-property-in-object@7.29.7 OK for: babel-preset-expo@57.0.3 want: ^7.24.7
2378 silly placeDep ROOT @babel/plugin-transform-react-display-name@7.29.7 OK for: babel-preset-expo@57.0.3 want: ^7.24.7
2379 silly placeDep ROOT @babel/plugin-transform-react-jsx@7.29.7 OK for: babel-preset-expo@57.0.3 want: ^7.28.6
2380 silly placeDep ROOT @babel/plugin-transform-react-jsx-development@7.29.7 OK for: babel-preset-expo@57.0.3 want: ^7.27.1
2381 silly placeDep ROOT @babel/plugin-transform-react-pure-annotations@7.29.7 OK for: babel-preset-expo@57.0.3 want: ^7.27.1
2382 silly placeDep ROOT @babel/plugin-transform-runtime@7.29.7 OK for: babel-preset-expo@57.0.3 want: ^7.24.7
2383 silly placeDep ROOT @babel/plugin-transform-typescript@7.29.7 OK for: babel-preset-expo@57.0.3 want: ^7.25.2
2384 silly placeDep ROOT @babel/plugin-transform-unicode-regex@7.29.7 OK for: babel-preset-expo@57.0.3 want: ^7.24.7
2385 silly placeDep ROOT @babel/preset-typescript@7.29.7 OK for: babel-preset-expo@57.0.3 want: ^7.23.0
2386 silly placeDep ROOT @react-native/babel-plugin-codegen@0.86.0 OK for: babel-preset-expo@57.0.3 want: 0.86.0
2387 silly placeDep ROOT babel-plugin-react-compiler@1.0.0 OK for: babel-preset-expo@57.0.3 want: ^1.0.0
2388 silly placeDep ROOT babel-plugin-react-native-web@0.21.2 OK for: babel-preset-expo@57.0.3 want: ~0.21.0
2389 silly placeDep ROOT babel-plugin-transform-flow-enums@0.0.2 OK for: babel-preset-expo@57.0.3 want: ^0.0.2
2390 silly fetch manifest @babel/plugin-syntax-decorators@^7.29.7
2391 silly packumentCache full:https://registry.npmjs.org/@babel%2fplugin-syntax-decorators cache-miss
2392 silly fetch manifest @babel/helper-create-class-features-plugin@^7.29.7
2393 silly packumentCache full:https://registry.npmjs.org/@babel%2fhelper-create-class-features-plugin cache-miss
2394 silly fetch manifest @babel/helper-remap-async-to-generator@^7.29.7
2395 silly packumentCache full:https://registry.npmjs.org/@babel%2fhelper-remap-async-to-generator cache-miss
2396 silly fetch manifest @babel/helper-remap-async-to-generator@^7.29.7
2397 silly packumentCache full:https://registry.npmjs.org/@babel%2fhelper-remap-async-to-generator cache-miss
2398 silly fetch manifest @babel/helper-create-class-features-plugin@^7.29.7
2399 silly packumentCache full:https://registry.npmjs.org/@babel%2fhelper-create-class-features-plugin cache-miss
2400 silly fetch manifest @babel/helper-create-class-features-plugin@^7.29.7
2401 silly packumentCache full:https://registry.npmjs.org/@babel%2fhelper-create-class-features-plugin cache-miss
2402 silly fetch manifest @babel/helper-replace-supers@^7.29.7
2403 silly packumentCache full:https://registry.npmjs.org/@babel%2fhelper-replace-supers cache-miss
2404 http cache https://registry.npmjs.org/@babel%2fplugin-syntax-decorators 266ms (cache hit)
2405 silly packumentCache full:https://registry.npmjs.org/@babel%2fplugin-syntax-decorators set size:215890 disposed:false
2406 silly fetch manifest @babel/helper-annotate-as-pure@^7.29.7
2407 silly packumentCache full:https://registry.npmjs.org/@babel%2fhelper-annotate-as-pure cache-miss
2408 http cache https://registry.npmjs.org/@babel%2fhelper-replace-supers 226ms (cache hit)
2409 silly packumentCache full:https://registry.npmjs.org/@babel%2fhelper-replace-supers set size:270231 disposed:false
2410 silly fetch manifest @babel/plugin-syntax-flow@^7.29.7
2411 silly packumentCache full:https://registry.npmjs.org/@babel%2fplugin-syntax-flow cache-miss
2412 http cache https://registry.npmjs.org/@babel%2fhelper-create-class-features-plugin 299ms (cache hit)
2413 silly packumentCache full:https://registry.npmjs.org/@babel%2fhelper-create-class-features-plugin set size:382403 disposed:false
2414 silly fetch manifest @babel/helper-skip-transparent-expression-wrappers@^7.29.7
2415 silly packumentCache full:https://registry.npmjs.org/@babel%2fhelper-skip-transparent-expression-wrappers cache-miss
2416 http cache https://registry.npmjs.org/@babel%2fhelper-create-class-features-plugin 329ms (cache hit)
2417 silly packumentCache full:https://registry.npmjs.org/@babel%2fhelper-create-class-features-plugin set size:382403 disposed:false
2418 silly packumentCache full:https://registry.npmjs.org/@babel%2fhelper-create-class-features-plugin dispose
2419 silly fetch manifest @babel/helper-create-regexp-features-plugin@^7.29.7
2420 silly packumentCache full:https://registry.npmjs.org/@babel%2fhelper-create-regexp-features-plugin cache-miss
2421 http cache https://registry.npmjs.org/@babel%2fhelper-remap-async-to-generator 333ms (cache hit)
2422 silly packumentCache full:https://registry.npmjs.org/@babel%2fhelper-remap-async-to-generator set size:230688 disposed:false
2423 silly fetch manifest @babel/plugin-transform-parameters@^7.29.7
2424 silly packumentCache full:https://registry.npmjs.org/@babel%2fplugin-transform-parameters cache-miss
2425 http cache https://registry.npmjs.org/@babel%2fhelper-remap-async-to-generator 384ms (cache hit)
2426 silly packumentCache full:https://registry.npmjs.org/@babel%2fhelper-remap-async-to-generator set size:230688 disposed:false
2427 silly packumentCache full:https://registry.npmjs.org/@babel%2fhelper-remap-async-to-generator dispose
2428 silly fetch manifest @babel/helper-skip-transparent-expression-wrappers@^7.29.7
2429 silly packumentCache full:https://registry.npmjs.org/@babel%2fhelper-skip-transparent-expression-wrappers cache-miss
2430 http cache https://registry.npmjs.org/@babel%2fhelper-create-class-features-plugin 376ms (cache hit)
2431 silly packumentCache full:https://registry.npmjs.org/@babel%2fhelper-create-class-features-plugin set size:382403 disposed:true
2432 silly packumentCache full:https://registry.npmjs.org/@babel%2fhelper-create-class-features-plugin dispose
2433 silly fetch manifest @babel/helper-annotate-as-pure@^7.29.7
2434 silly packumentCache full:https://registry.npmjs.org/@babel%2fhelper-annotate-as-pure cache-miss
2435 http cache https://registry.npmjs.org/@babel%2fhelper-create-regexp-features-plugin 64ms (cache hit)
2436 silly packumentCache full:https://registry.npmjs.org/@babel%2fhelper-create-regexp-features-plugin set size:189184 disposed:false
2437 silly fetch manifest @babel/plugin-syntax-jsx@^7.29.7
2438 silly packumentCache full:https://registry.npmjs.org/@babel%2fplugin-syntax-jsx cache-miss
2439 http cache https://registry.npmjs.org/@babel%2fplugin-syntax-flow 170ms (cache hit)
2440 silly packumentCache full:https://registry.npmjs.org/@babel%2fplugin-syntax-flow set size:201006 disposed:false
2441 silly fetch manifest @babel/helper-annotate-as-pure@^7.29.7
2442 silly packumentCache full:https://registry.npmjs.org/@babel%2fhelper-annotate-as-pure cache-miss
2443 http cache https://registry.npmjs.org/@babel%2fhelper-annotate-as-pure 178ms (cache hit)
2444 silly packumentCache full:https://registry.npmjs.org/@babel%2fhelper-annotate-as-pure set size:181560 disposed:false
2445 silly fetch manifest babel-plugin-polyfill-corejs2@^0.4.14
2446 silly packumentCache full:https://registry.npmjs.org/babel-plugin-polyfill-corejs2 cache-miss
2447 http cache https://registry.npmjs.org/@babel%2fhelper-skip-transparent-expression-wrappers 98ms (cache hit)
2448 silly packumentCache full:https://registry.npmjs.org/@babel%2fhelper-skip-transparent-expression-wrappers set size:105696 disposed:false
2449 silly fetch manifest babel-plugin-polyfill-corejs3@^0.13.0
2450 silly packumentCache full:https://registry.npmjs.org/babel-plugin-polyfill-corejs3 cache-miss
2451 http cache https://registry.npmjs.org/@babel%2fhelper-skip-transparent-expression-wrappers 87ms (cache hit)
2452 silly packumentCache full:https://registry.npmjs.org/@babel%2fhelper-skip-transparent-expression-wrappers set size:105696 disposed:false
2453 silly packumentCache full:https://registry.npmjs.org/@babel%2fhelper-skip-transparent-expression-wrappers dispose
2454 silly fetch manifest babel-plugin-polyfill-regenerator@^0.6.5
2455 silly packumentCache full:https://registry.npmjs.org/babel-plugin-polyfill-regenerator cache-miss
2456 http cache https://registry.npmjs.org/@babel%2fplugin-transform-parameters 97ms (cache hit)
2457 silly packumentCache full:https://registry.npmjs.org/@babel%2fplugin-transform-parameters set size:282283 disposed:false
2458 silly fetch manifest @babel/plugin-syntax-typescript@^7.29.7
2459 silly packumentCache full:https://registry.npmjs.org/@babel%2fplugin-syntax-typescript cache-miss
2460 http cache https://registry.npmjs.org/@babel%2fhelper-annotate-as-pure 55ms (cache hit)
2461 silly packumentCache full:https://registry.npmjs.org/@babel%2fhelper-annotate-as-pure set size:181560 disposed:false
2462 silly packumentCache full:https://registry.npmjs.org/@babel%2fhelper-annotate-as-pure dispose
2463 silly fetch manifest @babel/plugin-syntax-jsx@^7.29.7
2464 silly packumentCache full:https://registry.npmjs.org/@babel%2fplugin-syntax-jsx cache-miss
2465 http cache https://registry.npmjs.org/@babel%2fplugin-syntax-jsx 57ms (cache hit)
2466 silly packumentCache full:https://registry.npmjs.org/@babel%2fplugin-syntax-jsx set size:194952 disposed:false
2467 silly fetch manifest @babel/plugin-syntax-flow@^7.12.1
2468 silly packumentCache full:https://registry.npmjs.org/@babel%2fplugin-syntax-flow cache-hit
2469 http cache https://registry.npmjs.org/@babel%2fhelper-annotate-as-pure 58ms (cache hit)
2470 silly packumentCache full:https://registry.npmjs.org/@babel%2fhelper-annotate-as-pure set size:181560 disposed:true
2471 silly packumentCache full:https://registry.npmjs.org/@babel%2fhelper-annotate-as-pure dispose
2472 http cache https://registry.npmjs.org/babel-plugin-polyfill-corejs2 53ms (cache hit)
2473 silly packumentCache full:https://registry.npmjs.org/babel-plugin-polyfill-corejs2 set size:116417 disposed:false
2474 http cache https://registry.npmjs.org/babel-plugin-polyfill-corejs3 35ms (cache hit)
2475 silly packumentCache full:https://registry.npmjs.org/babel-plugin-polyfill-corejs3 set size:154739 disposed:false
2476 http cache https://registry.npmjs.org/@babel%2fplugin-syntax-typescript 31ms (cache hit)
2477 silly packumentCache full:https://registry.npmjs.org/@babel%2fplugin-syntax-typescript set size:221236 disposed:false
2478 http cache https://registry.npmjs.org/babel-plugin-polyfill-regenerator 36ms (cache hit)
2479 silly packumentCache full:https://registry.npmjs.org/babel-plugin-polyfill-regenerator set size:101432 disposed:false
2480 http cache https://registry.npmjs.org/@babel%2fplugin-syntax-jsx 32ms (cache hit)
2481 silly packumentCache full:https://registry.npmjs.org/@babel%2fplugin-syntax-jsx set size:194952 disposed:false
2482 silly packumentCache full:https://registry.npmjs.org/@babel%2fplugin-syntax-jsx dispose
2483 silly placeDep ROOT @babel/helper-create-class-features-plugin@7.29.7 OK for: @babel/plugin-proposal-decorators@7.29.7 want: ^7.29.7
2484 silly placeDep ROOT @babel/plugin-syntax-decorators@7.29.7 OK for: @babel/plugin-proposal-decorators@7.29.7 want: ^7.29.7
2485 silly fetch manifest @babel/helper-optimise-call-expression@^7.29.7
2486 silly packumentCache full:https://registry.npmjs.org/@babel%2fhelper-optimise-call-expression cache-miss
2487 silly fetch manifest @babel/helper-member-expression-to-functions@^7.29.7
2488 silly packumentCache full:https://registry.npmjs.org/@babel%2fhelper-member-expression-to-functions cache-miss
2489 http fetch GET 200 https://registry.npmjs.org/@babel%2fhelper-optimise-call-expression 507ms (cache miss)
2490 silly packumentCache full:https://registry.npmjs.org/@babel%2fhelper-optimise-call-expression set size:undefined disposed:false
2491 http fetch GET 200 https://registry.npmjs.org/@babel%2fhelper-member-expression-to-functions 511ms (cache miss)
2492 silly packumentCache full:https://registry.npmjs.org/@babel%2fhelper-member-expression-to-functions set size:undefined disposed:false
2493 silly placeDep ROOT @babel/helper-annotate-as-pure@7.29.7 OK for: @babel/helper-create-class-features-plugin@7.29.7 want: ^7.29.7
2494 silly placeDep ROOT @babel/helper-member-expression-to-functions@7.29.7 OK for: @babel/helper-create-class-features-plugin@7.29.7 want: ^7.29.7
2495 silly placeDep ROOT @babel/helper-optimise-call-expression@7.29.7 OK for: @babel/helper-create-class-features-plugin@7.29.7 want: ^7.29.7
2496 silly placeDep ROOT @babel/helper-replace-supers@7.29.7 OK for: @babel/helper-create-class-features-plugin@7.29.7 want: ^7.29.7
2497 silly placeDep ROOT @babel/helper-skip-transparent-expression-wrappers@7.29.7 OK for: @babel/helper-create-class-features-plugin@7.29.7 want: ^7.29.7
2498 silly placeDep node_modules/@babel/helper-create-class-features-plugin semver@6.3.1 OK for: @babel/helper-create-class-features-plugin@7.29.7 want: ^6.3.1
2499 silly placeDep ROOT @babel/helper-remap-async-to-generator@7.29.7 OK for: @babel/plugin-transform-async-generator-functions@7.29.7 want: ^7.29.7
2500 silly fetch manifest @babel/helper-wrap-function@^7.29.7
2501 silly packumentCache full:https://registry.npmjs.org/@babel%2fhelper-wrap-function cache-miss
2502 http fetch GET 200 https://registry.npmjs.org/@babel%2fhelper-wrap-function 182ms (cache miss)
2503 silly packumentCache full:https://registry.npmjs.org/@babel%2fhelper-wrap-function set size:undefined disposed:false
2504 silly placeDep ROOT @babel/helper-wrap-function@7.29.7 OK for: @babel/helper-remap-async-to-generator@7.29.7 want: ^7.29.7
2505 silly placeDep ROOT @babel/plugin-syntax-flow@7.29.7 OK for: @babel/plugin-transform-flow-strip-types@7.29.7 want: ^7.29.7
2506 silly placeDep ROOT @babel/helper-create-regexp-features-plugin@7.29.7 OK for: @babel/plugin-transform-named-capturing-groups-regex@7.29.7 want: ^7.29.7
2507 silly fetch manifest regexpu-core@^6.3.1
2508 silly packumentCache full:https://registry.npmjs.org/regexpu-core cache-miss
2509 http fetch GET 200 https://registry.npmjs.org/regexpu-core 212ms (cache miss)
2510 silly packumentCache full:https://registry.npmjs.org/regexpu-core set size:undefined disposed:false
2511 silly placeDep ROOT regexpu-core@6.4.0 OK for: @babel/helper-create-regexp-features-plugin@7.29.7 want: ^6.3.1
2512 silly placeDep node_modules/@babel/helper-create-regexp-features-plugin semver@6.3.1 OK for: @babel/helper-create-regexp-features-plugin@7.29.7 want: ^6.3.1
2513 silly fetch manifest regenerate@^1.4.2
2514 silly packumentCache full:https://registry.npmjs.org/regenerate cache-miss
2515 silly fetch manifest regenerate-unicode-properties@^10.2.2
2516 silly packumentCache full:https://registry.npmjs.org/regenerate-unicode-properties cache-miss
2517 silly fetch manifest regjsgen@^0.8.0
2518 silly packumentCache full:https://registry.npmjs.org/regjsgen cache-miss
2519 silly fetch manifest regjsparser@^0.13.0
2520 silly packumentCache full:https://registry.npmjs.org/regjsparser cache-miss
2521 silly fetch manifest unicode-match-property-ecmascript@^2.0.0
2522 silly packumentCache full:https://registry.npmjs.org/unicode-match-property-ecmascript cache-miss
2523 silly fetch manifest unicode-match-property-value-ecmascript@^2.2.1
2524 silly packumentCache full:https://registry.npmjs.org/unicode-match-property-value-ecmascript cache-miss
2525 http fetch GET 200 https://registry.npmjs.org/unicode-match-property-value-ecmascript 532ms (cache miss)
2526 silly packumentCache full:https://registry.npmjs.org/unicode-match-property-value-ecmascript set size:undefined disposed:false
2527 http fetch GET 200 https://registry.npmjs.org/unicode-match-property-ecmascript 550ms (cache miss)
2528 silly packumentCache full:https://registry.npmjs.org/unicode-match-property-ecmascript set size:undefined disposed:false
2529 http fetch GET 200 https://registry.npmjs.org/regenerate 562ms (cache miss)
2530 silly packumentCache full:https://registry.npmjs.org/regenerate set size:undefined disposed:false
2531 http fetch GET 200 https://registry.npmjs.org/regjsparser 568ms (cache miss)
2532 silly packumentCache full:https://registry.npmjs.org/regjsparser set size:undefined disposed:false
2533 http fetch GET 200 https://registry.npmjs.org/regenerate-unicode-properties 571ms (cache miss)
2534 silly packumentCache full:https://registry.npmjs.org/regenerate-unicode-properties set size:undefined disposed:false
2535 http fetch GET 200 https://registry.npmjs.org/regjsgen 1541ms (cache miss)
2536 silly packumentCache full:https://registry.npmjs.org/regjsgen set size:undefined disposed:false
2537 silly placeDep ROOT @babel/plugin-syntax-jsx@7.29.7 OK for: @babel/plugin-transform-react-jsx@7.29.7 want: ^7.29.7
2538 silly placeDep ROOT babel-plugin-polyfill-corejs2@0.4.17 OK for: @babel/plugin-transform-runtime@7.29.7 want: ^0.4.14
2539 silly placeDep ROOT babel-plugin-polyfill-corejs3@0.13.0 OK for: @babel/plugin-transform-runtime@7.29.7 want: ^0.13.0
2540 silly placeDep ROOT babel-plugin-polyfill-regenerator@0.6.8 OK for: @babel/plugin-transform-runtime@7.29.7 want: ^0.6.5
2541 silly placeDep node_modules/@babel/plugin-transform-runtime semver@6.3.1 OK for: @babel/plugin-transform-runtime@7.29.7 want: ^6.3.1
2542 silly fetch manifest @babel/helper-define-polyfill-provider@^0.6.8
2543 silly packumentCache full:https://registry.npmjs.org/@babel%2fhelper-define-polyfill-provider cache-miss
2544 silly fetch manifest core-js-compat@^3.43.0
2545 silly packumentCache full:https://registry.npmjs.org/core-js-compat cache-miss
2546 silly fetch manifest @babel/helper-define-polyfill-provider@^0.6.5
2547 silly packumentCache full:https://registry.npmjs.org/@babel%2fhelper-define-polyfill-provider cache-miss
2548 silly fetch manifest @babel/helper-define-polyfill-provider@^0.6.8
2549 silly packumentCache full:https://registry.npmjs.org/@babel%2fhelper-define-polyfill-provider cache-miss
2550 http cache https://registry.npmjs.org/core-js-compat 12ms (cache hit)
2551 silly packumentCache full:https://registry.npmjs.org/core-js-compat set size:345744 disposed:false
2552 http cache https://registry.npmjs.org/@babel%2fhelper-define-polyfill-provider 16ms (cache hit)
2553 silly packumentCache full:https://registry.npmjs.org/@babel%2fhelper-define-polyfill-provider set size:119317 disposed:false
2554 http cache https://registry.npmjs.org/@babel%2fhelper-define-polyfill-provider 16ms (cache hit)
2555 silly packumentCache full:https://registry.npmjs.org/@babel%2fhelper-define-polyfill-provider set size:119317 disposed:false
2556 silly packumentCache full:https://registry.npmjs.org/@babel%2fhelper-define-polyfill-provider dispose
2557 http cache https://registry.npmjs.org/@babel%2fhelper-define-polyfill-provider 18ms (cache hit)
2558 silly packumentCache full:https://registry.npmjs.org/@babel%2fhelper-define-polyfill-provider set size:119317 disposed:true
2559 silly packumentCache full:https://registry.npmjs.org/@babel%2fhelper-define-polyfill-provider dispose
2560 silly placeDep ROOT @babel/plugin-syntax-typescript@7.29.7 OK for: @babel/plugin-transform-typescript@7.29.7 want: ^7.29.7
2561 silly fetch manifest @babel/core@^7.4.0 || ^8.0.0-0 <8.0.0
2562 silly packumentCache full:https://registry.npmjs.org/@babel%2fcore cache-hit
2563 silly placeDep ROOT @babel/helper-define-polyfill-provider@0.6.8 OK for: babel-plugin-polyfill-corejs2@0.4.17 want: ^0.6.8
2564 silly placeDep node_modules/babel-plugin-polyfill-corejs2 semver@6.3.1 OK for: babel-plugin-polyfill-corejs2@0.4.17 want: ^6.3.1
2565 silly fetch manifest resolve@^1.22.11
2566 silly packumentCache full:https://registry.npmjs.org/resolve cache-miss
2567 silly fetch manifest lodash.debounce@^4.0.8
2568 silly packumentCache full:https://registry.npmjs.org/lodash.debounce cache-miss
2569 http cache https://registry.npmjs.org/resolve 12ms (cache hit)
2570 silly packumentCache full:https://registry.npmjs.org/resolve set size:244568 disposed:false
2571 http cache https://registry.npmjs.org/lodash.debounce 14ms (cache hit)
2572 silly packumentCache full:https://registry.npmjs.org/lodash.debounce set size:44123 disposed:false
2573 silly placeDep ROOT lodash.debounce@4.0.8 OK for: @babel/helper-define-polyfill-provider@0.6.8 want: ^4.0.8
2574 silly placeDep ROOT resolve@1.22.12 OK for: @babel/helper-define-polyfill-provider@0.6.8 want: ^1.22.11
2575 silly fetch manifest es-errors@^1.3.0
2576 silly packumentCache full:https://registry.npmjs.org/es-errors cache-miss
2577 silly fetch manifest path-parse@^1.0.7
2578 silly packumentCache full:https://registry.npmjs.org/path-parse cache-miss
2579 silly fetch manifest is-core-module@^2.16.1
2580 silly packumentCache full:https://registry.npmjs.org/is-core-module cache-miss
2581 silly fetch manifest supports-preserve-symlinks-flag@^1.0.0
2582 silly packumentCache full:https://registry.npmjs.org/supports-preserve-symlinks-flag cache-miss
2583 http fetch GET 200 https://registry.npmjs.org/path-parse 196ms (cache miss)
2584 silly packumentCache full:https://registry.npmjs.org/path-parse set size:undefined disposed:false
2585 http fetch GET 200 https://registry.npmjs.org/supports-preserve-symlinks-flag 198ms (cache miss)
2586 silly packumentCache full:https://registry.npmjs.org/supports-preserve-symlinks-flag set size:undefined disposed:false
2587 http fetch GET 200 https://registry.npmjs.org/es-errors 200ms (cache miss)
2588 silly packumentCache full:https://registry.npmjs.org/es-errors set size:undefined disposed:false
2589 http fetch GET 200 https://registry.npmjs.org/is-core-module 201ms (cache miss)
2590 silly packumentCache full:https://registry.npmjs.org/is-core-module set size:undefined disposed:false
2591 silly placeDep ROOT core-js-compat@3.49.0 OK for: babel-plugin-polyfill-corejs3@0.13.0 want: ^3.43.0
2592 silly placeDep ROOT regenerate@1.4.2 OK for: regexpu-core@6.4.0 want: ^1.4.2
2593 silly placeDep ROOT regenerate-unicode-properties@10.2.2 OK for: regexpu-core@6.4.0 want: ^10.2.2
2594 silly placeDep ROOT regjsgen@0.8.0 OK for: regexpu-core@6.4.0 want: ^0.8.0
2595 silly placeDep ROOT regjsparser@0.13.2 OK for: regexpu-core@6.4.0 want: ^0.13.0
2596 silly placeDep ROOT unicode-match-property-ecmascript@2.0.0 OK for: regexpu-core@6.4.0 want: ^2.0.0
2597 silly placeDep ROOT unicode-match-property-value-ecmascript@2.2.1 OK for: regexpu-core@6.4.0 want: ^2.2.1
2598 silly fetch manifest unicode-canonical-property-names-ecmascript@^2.0.0
2599 silly packumentCache full:https://registry.npmjs.org/unicode-canonical-property-names-ecmascript cache-miss
2600 silly fetch manifest unicode-property-aliases-ecmascript@^2.0.0
2601 silly packumentCache full:https://registry.npmjs.org/unicode-property-aliases-ecmascript cache-miss
2602 http cache https://registry.npmjs.org/unicode-canonical-property-names-ecmascript 6ms (cache hit)
2603 silly packumentCache full:https://registry.npmjs.org/unicode-canonical-property-names-ecmascript set size:17227 disposed:false
2604 http cache https://registry.npmjs.org/unicode-property-aliases-ecmascript 6ms (cache hit)
2605 silly packumentCache full:https://registry.npmjs.org/unicode-property-aliases-ecmascript set size:28095 disposed:false
2606 silly placeDep ROOT es-errors@1.3.0 OK for: resolve@1.22.12 want: ^1.3.0
2607 silly placeDep ROOT is-core-module@2.16.2 OK for: resolve@1.22.12 want: ^2.16.1
2608 silly placeDep ROOT path-parse@1.0.7 OK for: resolve@1.22.12 want: ^1.0.7
2609 silly placeDep ROOT supports-preserve-symlinks-flag@1.0.0 OK for: resolve@1.22.12 want: ^1.0.0
2610 silly fetch manifest hasown@^2.0.3
2611 silly packumentCache full:https://registry.npmjs.org/hasown cache-miss
2612 http fetch GET 200 https://registry.npmjs.org/hasown 154ms (cache miss)
2613 silly packumentCache full:https://registry.npmjs.org/hasown set size:undefined disposed:false
2614 silly placeDep ROOT hasown@2.0.4 OK for: is-core-module@2.16.2 want: ^2.0.3
2615 silly fetch manifest function-bind@^1.1.2
2616 silly packumentCache full:https://registry.npmjs.org/function-bind cache-miss
2617 http fetch GET 200 https://registry.npmjs.org/function-bind 130ms (cache miss)
2618 silly packumentCache full:https://registry.npmjs.org/function-bind set size:undefined disposed:false
2619 silly placeDep ROOT function-bind@1.1.2 OK for: hasown@2.0.4 want: ^1.1.2
2620 silly placeDep ROOT unicode-canonical-property-names-ecmascript@2.0.1 OK for: unicode-match-property-ecmascript@2.0.0 want: ^2.0.0
2621 silly placeDep ROOT unicode-property-aliases-ecmascript@2.2.0 OK for: unicode-match-property-ecmascript@2.0.0 want: ^2.0.0
2622 silly placeDep ROOT fontfaceobserver@2.3.0 OK for: expo-font@57.0.1 want: ^2.1.0
2623 silly placeDep node_modules/expo hermes-estree@0.36.1 OK for: hermes-parser@0.36.1 want: 0.36.1
2624 silly placeDep node_modules/expo mime-db@1.52.0 OK for: mime-types@2.1.35 want: 1.52.0
2625 silly placeDep node_modules/finalhandler ms@2.0.0 OK for: debug@2.6.9 want: 2.0.0
2626 silly placeDep node_modules/lighthouse-logger ms@2.0.0 OK for: debug@2.6.9 want: 2.0.0
2627 silly placeDep node_modules/log-symbols ansi-styles@3.2.1 OK for: chalk@2.4.2 want: ^3.2.1
2628 silly placeDep node_modules/log-symbols escape-string-regexp@1.0.5 OK for: chalk@2.4.2 want: ^1.0.5
2629 silly placeDep node_modules/log-symbols supports-color@5.5.0 OK for: chalk@2.4.2 want: ^5.3.0
2630 silly fetch manifest color-convert@^1.9.0
2631 silly packumentCache full:https://registry.npmjs.org/color-convert cache-miss
2632 silly fetch manifest has-flag@^3.0.0
2633 silly packumentCache full:https://registry.npmjs.org/has-flag cache-miss
2634 http cache https://registry.npmjs.org/color-convert 6ms (cache hit)
2635 silly packumentCache full:https://registry.npmjs.org/color-convert set size:72663 disposed:false
2636 http cache https://registry.npmjs.org/has-flag 7ms (cache hit)
2637 silly packumentCache full:https://registry.npmjs.org/has-flag set size:15180 disposed:false
2638 silly placeDep node_modules/log-symbols color-convert@1.9.3 OK for: ansi-styles@3.2.1 want: ^1.9.0
2639 silly fetch manifest color-name@1.1.3
2640 silly packumentCache full:https://registry.npmjs.org/color-name cache-miss
2641 http cache https://registry.npmjs.org/color-name 9ms (cache hit)
2642 silly packumentCache full:https://registry.npmjs.org/color-name set size:19467 disposed:false
2643 silly placeDep node_modules/log-symbols color-name@1.1.3 OK for: color-convert@1.9.3 want: 1.1.3
2644 silly placeDep node_modules/log-symbols has-flag@3.0.0 OK for: supports-color@5.5.0 want: ^3.0.0
2645 silly placeDep node_modules/ora ansi-styles@3.2.1 OK for: chalk@2.4.2 want: ^3.2.1
2646 silly placeDep node_modules/ora escape-string-regexp@1.0.5 OK for: chalk@2.4.2 want: ^1.0.5
2647 silly placeDep node_modules/ora supports-color@5.5.0 OK for: chalk@2.4.2 want: ^5.3.0
2648 silly placeDep node_modules/ora color-convert@1.9.3 OK for: ansi-styles@3.2.1 want: ^1.9.0
2649 silly placeDep node_modules/ora color-name@1.1.3 OK for: color-convert@1.9.3 want: 1.1.3
2650 silly placeDep node_modules/ora ansi-regex@4.1.1 OK for: strip-ansi@5.2.0 want: ^4.1.0
2651 silly placeDep node_modules/ora has-flag@3.0.0 OK for: supports-color@5.5.0 want: ^3.0.0
2652 silly placeDep node_modules/send/node_modules/debug ms@2.0.0 OK for: debug@2.6.9 want: 2.0.0
2653 silly reify mark retired [
2653 silly reify   'C:\\Users\\emmanuel.mwinama\\Code\\Farmis\\mobile\\node_modules\\fb-dotslash'
2653 silly reify ]
2654 silly reify moves {
2654 silly reify   'C:\\Users\\emmanuel.mwinama\\Code\\Farmis\\mobile\\node_modules\\fb-dotslash': 'C:\\Users\\emmanuel.mwinama\\Code\\Farmis\\mobile\\node_modules\\.fb-dotslash-TU9XVv54'
2654 silly reify }
2655 silly audit bulk request {
2655 silly audit   '@types/react': [ '19.2.17' ],
2655 silly audit   expo: [ '57.0.6' ],
2655 silly audit   react: [ '19.2.3' ],
2655 silly audit   'react-native': [ '0.86.0' ],
2655 silly audit   'expo-secure-store': [ '57.0.1' ],
2655 silly audit   'expo-status-bar': [ '57.0.1' ],
2655 silly audit   typescript: [ '6.0.3' ],
2655 silly audit   csstype: [ '3.2.3' ],
2655 silly audit   '@babel/runtime': [ '7.29.7' ],
2655 silly audit   '@expo/cli': [ '57.0.8' ],
2655 silly audit   '@expo/config': [ '57.0.5' ],
2655 silly audit   '@expo/config-plugins': [ '57.0.5' ],
2655 silly audit   '@expo/devtools': [ '57.0.1' ],
2655 silly audit   '@expo/dom-webview': [ '57.0.1' ],
2655 silly audit   '@expo/fingerprint': [ '0.20.5' ],
2655 silly audit   '@expo/local-build-cache-provider': [ '57.0.4' ],
2655 silly audit   '@expo/log-box': [ '57.0.1' ],
2655 silly audit   '@expo/metro': [ '56.0.0' ],
2655 silly audit   '@expo/metro-config': [ '57.0.5' ],
2655 silly audit   '@ungap/structured-clone': [ '1.3.3' ],
2655 silly audit   'babel-preset-expo': [ '57.0.3' ],
2655 silly audit   'react-refresh': [ '0.14.2' ],
2655 silly audit   'expo-asset': [ '57.0.5' ],
2655 silly audit   'expo-constants': [ '57.0.5' ],
2655 silly audit   'expo-file-system': [ '57.0.1' ],
2655 silly audit   'expo-font': [ '57.0.1' ],
2655 silly audit   'expo-keep-awake': [ '57.0.1' ],
2655 silly audit   'expo-modules-autolinking': [ '57.0.7' ],
2655 silly audit   'expo-modules-core': [ '57.0.5' ],
2655 silly audit   'pretty-format': [ '29.7.0' ],
2655 silly audit   'whatwg-url-minimum': [ '0.1.2' ],
2655 silly audit   '@expo/config-types': [ '57.0.2' ],
2655 silly audit   '@expo/json-file': [ '11.0.1' ],
2655 silly audit   '@expo/require-utils': [ '57.0.3' ],
2655 silly audit   deepmerge: [ '4.3.1' ],
2655 silly audit   getenv: [ '2.0.0' ],
2655 silly audit   glob: [ '13.0.6' ],
2655 silly audit   'resolve-workspace-root': [ '2.0.1' ],
2655 silly audit   semver: [ '7.8.5', '6.3.1' ],
2655 silly audit   slugify: [ '1.6.9' ],
2655 silly audit   '@expo/plist': [ '0.8.1' ],
2655 silly audit   '@expo/sdk-runtime-versions': [ '1.0.0' ],
2655 silly audit   chalk: [ '4.1.2', '2.4.2' ],
2655 silly audit   debug: [ '4.4.3', '2.6.9', '3.2.7' ],
2655 silly audit   xcode: [ '3.0.1' ],
2655 silly audit   xml2js: [ '0.6.0' ],
2655 silly audit   '@expo/env': [ '2.4.2' ],
2655 silly audit   '@expo/spawn-async': [ '1.8.0' ],
2655 silly audit   arg: [ '5.0.2' ],
2655 silly audit   ignore: [ '5.3.2' ],
2655 silly audit   minimatch: [ '10.2.5' ],
2655 silly audit   'resolve-from': [ '5.0.0' ],
2655 silly audit   '@babel/code-frame': [ '7.29.7' ],
2655 silly audit   json5: [ '2.2.3' ],
2655 silly audit   '@babel/helper-validator-identifier': [ '7.29.7' ],
2655 silly audit   'js-tokens': [ '4.0.0' ],
2655 silly audit   picocolors: [ '1.1.1' ],
2655 silly audit   metro: [ '0.84.4' ],
2655 silly audit   'metro-babel-transformer': [ '0.84.4' ],
2655 silly audit   'metro-cache': [ '0.84.4' ],
2655 silly audit   'metro-cache-key': [ '0.84.4' ],
2655 silly audit   'metro-config': [ '0.84.4' ],
2655 silly audit   'metro-core': [ '0.84.4' ],
2655 silly audit   'metro-file-map': [ '0.84.4' ],
2655 silly audit   'metro-minify-terser': [ '0.84.4' ],
2655 silly audit   'metro-resolver': [ '0.84.4' ],
2655 silly audit   'metro-runtime': [ '0.84.4' ],
2655 silly audit   'metro-source-map': [ '0.84.4' ],
2655 silly audit   'metro-symbolicate': [ '0.84.4' ],
2655 silly audit   'metro-transform-plugins': [ '0.84.4' ],
2655 silly audit   'metro-transform-worker': [ '0.84.4' ],
2655 silly audit   '@xmldom/xmldom': [ '0.8.13', '0.9.10' ],
2655 silly audit   'base64-js': [ '1.5.1' ],
2655 silly audit   xmlbuilder: [ '15.1.1', '11.0.1' ],
2655 silly audit   '@babel/core': [ '7.29.7' ],
2655 silly audit   '@babel/plugin-transform-modules-commonjs': [ '7.29.7' ],
2655 silly audit   '@babel/generator': [ '7.29.7' ],
2655 silly audit   '@babel/helper-compilation-targets': [ '7.29.7' ],
2655 silly audit   '@babel/helper-module-transforms': [ '7.29.7' ],
2655 silly audit   '@babel/helpers': [ '7.29.7' ],
2655 silly audit   '@babel/parser': [ '7.29.7' ],
2655 silly audit   '@babel/template': [ '7.29.7' ],
2655 silly audit   '@babel/traverse': [ '7.29.7' ],
2655 silly audit   '@babel/types': [ '7.29.7' ],
2655 silly audit   '@jridgewell/remapping': [ '2.3.5' ],
2655 silly audit   'convert-source-map': [ '2.0.0' ],
2655 silly audit   gensync: [ '1.0.0-beta.2' ],
2655 silly audit   '@jridgewell/gen-mapping': [ '0.3.13' ],
2655 silly audit   '@jridgewell/trace-mapping': [ '0.3.31' ],
2655 silly audit   jsesc: [ '3.1.0' ],
2655 silly audit   '@babel/compat-data': [ '7.29.7' ],
2655 silly audit   '@babel/helper-validator-option': [ '7.29.7' ],
2655 silly audit   browserslist: [ '4.28.6' ],
2655 silly audit   'lru-cache': [ '5.1.1', '11.5.2', '10.4.3' ],
2655 silly audit   '@babel/helper-module-imports': [ '7.29.7' ],
2655 silly audit   '@babel/helper-plugin-utils': [ '7.29.7' ],
2655 silly audit   '@babel/helper-globals': [ '7.29.7' ],
2655 silly audit   '@babel/helper-string-parser': [ '7.29.7' ],
2655 silly audit   'cross-spawn': [ '7.0.6' ],
2655 silly audit   '@jridgewell/sourcemap-codec': [ '1.5.5' ],
2655 silly audit   '@jridgewell/resolve-uri': [ '3.1.2' ],
2655 silly audit   'baseline-browser-mapping': [ '2.10.43' ],
2655 silly audit   'caniuse-lite': [ '1.0.30001805' ],
2655 silly audit   'electron-to-chromium': [ '1.5.392' ],
2655 silly audit   'node-releases': [ '2.0.51' ],
2655 silly audit   'update-browserslist-db': [ '1.2.3' ],
2655 silly audit   'ansi-styles': [ '4.3.0', '5.2.0', '3.2.1' ],
2655 silly audit   'supports-color': [ '7.2.0', '8.1.1', '5.5.0' ],
2655 silly audit   'color-convert': [ '2.0.1', '1.9.3' ],
2655 silly audit   'color-name': [ '1.1.4', '1.1.3' ],
2655 silly audit   'path-key': [ '3.1.1' ],
2655 silly audit   'shebang-command': [ '2.0.0' ],
2655 silly audit   which: [ '2.0.2' ],
2655 silly audit   ms: [ '2.1.3', '2.0.0' ],
2655 silly audit   commander: [ '7.2.0', '12.1.0', '2.20.3' ],
2655 silly audit   '@expo/expo-modules-macros-plugin': [ '0.6.1' ],
2655 silly audit   'expo-modules-jsi': [ '57.0.3' ],
2655 silly audit   invariant: [ '2.2.4' ],
2655 silly audit   minipass: [ '7.1.3' ],
2655 silly audit   'path-scurry': [ '2.0.2' ],
2655 silly audit   'loose-envify': [ '1.4.0' ],
2655 silly audit   yallist: [ '3.1.1' ],
2655 silly audit   accepts: [ '2.0.0', '1.3.8' ],
2655 silly audit   'ci-info': [ '2.0.0', '3.9.0' ],
2655 silly audit   connect: [ '3.7.0' ],
2655 silly audit   'error-stack-parser': [ '2.1.4' ],
2655 silly audit   'flow-enums-runtime': [ '0.0.6' ],
2655 silly audit   'graceful-fs': [ '4.2.11' ],
2655 silly audit   'hermes-parser': [ '0.35.0', '0.36.0', '0.36.1' ],
2655 silly audit   'image-size': [ '1.2.1' ],
2655 silly audit   'jest-worker': [ '29.7.0' ],
2655 silly audit   'jsc-safe-url': [ '0.2.4' ],
2655 silly audit   'lodash.throttle': [ '4.1.1' ],
2655 silly audit   'mime-types': [ '3.0.2', '2.1.35' ],
2655 silly audit   nullthrows: [ '1.1.1' ],
2655 silly audit   'serialize-error': [ '2.1.0' ],
2655 silly audit   'source-map': [ '0.5.7', '0.6.1' ],
2655 silly audit   throat: [ '5.0.0' ],
2655 silly audit   ws: [ '7.5.12', '8.21.1' ],
2655 silly audit   yargs: [ '17.7.3' ],
2655 silly audit   negotiator: [ '1.0.0', '0.6.4', '0.6.3' ],
2655 silly audit   finalhandler: [ '1.1.2' ],
2655 silly audit   parseurl: [ '1.3.3' ],
2655 silly audit   'utils-merge': [ '1.0.1' ],
2655 silly audit   stackframe: [ '1.3.4' ],
2655 silly audit   encodeurl: [ '1.0.2', '2.0.0' ],
2655 silly audit   'escape-html': [ '1.0.3' ],
2655 silly audit   'on-finished': [ '2.3.0', '2.4.1' ],
2655 silly audit   statuses: [ '1.5.0', '2.0.2' ],
2655 silly audit   unpipe: [ '1.0.0' ],
2655 silly audit   'hermes-estree': [ '0.35.0', '0.36.0', '0.36.1' ],
2655 silly audit   queue: [ '6.0.2' ],
2655 silly audit   '@types/node': [ '26.1.1' ],
2655 silly audit   'jest-util': [ '29.7.0' ],
2655 silly audit   'merge-stream': [ '2.0.0' ],
2655 silly audit   'undici-types': [ '8.3.0' ],
2655 silly audit   '@jest/types': [ '29.6.3' ],
2655 silly audit   picomatch: [ '2.3.2', '4.0.5' ],
2655 silly audit   '@jest/schemas': [ '29.6.3' ],
2655 silly audit   '@types/istanbul-lib-coverage': [ '2.0.6' ],
2655 silly audit   '@types/istanbul-reports': [ '3.0.4' ],
2655 silly audit   '@types/yargs': [ '17.0.35' ],
2655 silly audit   '@sinclair/typebox': [ '0.27.10' ],
2655 silly audit   '@types/istanbul-lib-report': [ '3.0.3' ],
2655 silly audit   '@types/yargs-parser': [ '21.0.3' ],
2655 silly audit   'exponential-backoff': [ '3.1.3' ],
2655 silly audit   'https-proxy-agent': [ '7.0.6' ],
2655 silly audit   'agent-base': [ '7.1.4' ],
2655 silly audit   'jest-validate': [ '29.7.0' ],
2655 silly audit   yaml: [ '2.9.0' ],
2655 silly audit   camelcase: [ '6.3.0' ],
2655 silly audit   'jest-get-type': [ '29.6.3' ],
2655 silly audit   leven: [ '3.1.0' ],
2655 silly audit   'fb-watchman': [ '2.0.2' ],
2655 silly audit   micromatch: [ '4.0.8' ],
2655 silly audit   walker: [ '1.0.8' ],
2655 silly audit   bser: [ '2.1.1' ],
2655 silly audit   'node-int64': [ '0.4.0' ],
2655 silly audit   terser: [ '5.49.0' ],
2655 silly audit   ob1: [ '0.84.4' ],
2655 silly audit   vlq: [ '1.0.1' ],
2655 silly audit   braces: [ '3.0.3' ],
2655 silly audit   'fill-range': [ '7.1.1' ],
2655 silly audit   'to-regex-range': [ '5.0.1' ],
2655 silly audit   'mime-db': [ '1.54.0', '1.52.0' ],
2655 silly audit   'brace-expansion': [ '5.0.7' ],
2655 silly audit   'balanced-match': [ '4.0.4' ],
2655 silly audit   'ee-first': [ '1.1.1' ],
2655 silly audit   'react-is': [ '18.3.1' ],
2655 silly audit   inherits: [ '2.0.4' ],
2655 silly audit   '@react-native/assets-registry': [ '0.86.0' ],
2655 silly audit   '@react-native/codegen': [ '0.86.0' ],
2655 silly audit   '@react-native/community-cli-plugin': [ '0.86.0' ],
2655 silly audit   '@react-native/gradle-plugin': [ '0.86.0' ],
2655 silly audit   '@react-native/js-polyfills': [ '0.86.0' ],
2655 silly audit   '@react-native/normalize-colors': [ '0.86.0' ],
2655 silly audit   '@react-native/virtualized-lists': [ '0.86.0' ],
2655 silly audit   'abort-controller': [ '3.0.0' ],
2655 silly audit   anser: [ '1.4.10' ],
2655 silly audit   'ansi-regex': [ '5.0.1', '4.1.1' ],
2655 silly audit   'babel-plugin-syntax-hermes-parser': [ '0.36.0' ],
2655 silly audit   'hermes-compiler': [ '250829098.0.14' ],
2655 silly audit   'memoize-one': [ '5.2.1' ],
2655 silly audit   promise: [ '8.3.0' ],
2655 silly audit   'react-devtools-core': [ '6.1.5' ],
2655 silly audit   'regenerator-runtime': [ '0.13.11' ],
2655 silly audit   scheduler: [ '0.27.0' ],
2655 silly audit   'stacktrace-parser': [ '0.1.11' ],
2655 silly audit   tinyglobby: [ '0.2.17' ],
2655 silly audit   'whatwg-fetch': [ '3.6.20' ],
2655 silly audit   '@react-native/dev-middleware': [ '0.86.0' ],
2655 silly audit   '@isaacs/ttlcache': [ '1.4.1' ],
2655 silly audit   '@react-native/debugger-frontend': [ '0.86.0' ],
2655 silly audit   '@react-native/debugger-shell': [ '0.86.0' ],
2655 silly audit   'chrome-launcher': [ '0.15.2' ],
2655 silly audit   'chromium-edge-launcher': [ '0.3.0' ],
2655 silly audit   open: [ '7.4.2' ],
2655 silly audit   'serve-static': [ '1.16.3' ],
2655 silly audit   'fb-dotslash': [ '0.5.8' ],
2655 silly audit   'event-target-shim': [ '5.0.1' ],
2655 silly audit   'escape-string-regexp': [ '4.0.0', '1.0.5' ],
2655 silly audit   'is-wsl': [ '2.2.0' ],
2655 silly audit   'lighthouse-logger': [ '1.4.2' ],
2655 silly audit   mkdirp: [ '1.0.4' ],
2655 silly audit   'is-docker': [ '2.2.1' ],
2655 silly audit   marky: [ '1.3.0' ],
2655 silly audit   asap: [ '2.0.6' ],
2655 silly audit   'shell-quote': [ '1.10.0' ],
2655 silly audit   send: [ '0.19.2' ],
2655 silly audit   depd: [ '2.0.0' ],
2655 silly audit   destroy: [ '1.2.0' ],
2655 silly audit   etag: [ '1.8.1' ],
2655 silly audit   fresh: [ '0.5.2' ],
2655 silly audit   'http-errors': [ '2.0.1' ],
2655 silly audit   mime: [ '1.6.0' ],
2655 silly audit   'range-parser': [ '1.2.1' ],
2655 silly audit   setprototypeof: [ '1.2.0' ],
2655 silly audit   toidentifier: [ '1.0.1' ],
2655 silly audit   'shebang-regex': [ '3.0.0' ],
2655 silly audit   'type-fest': [ '0.7.1', '0.21.3' ],
2655 silly audit   'has-flag': [ '4.0.0', '3.0.0' ],
2655 silly audit   '@jridgewell/source-map': [ '0.3.11' ],
2655 silly audit   acorn: [ '8.17.0' ],
2655 silly audit   'source-map-support': [ '0.5.21' ],
2655 silly audit   'buffer-from': [ '1.1.2' ],
2655 silly audit   fdir: [ '6.5.0' ],
2655 silly audit   'is-number': [ '7.0.0' ],
2655 silly audit   escalade: [ '3.2.0' ],
2655 silly audit   makeerror: [ '1.0.12' ],
2655 silly audit   tmpl: [ '1.0.5' ],
2655 silly audit   isexe: [ '2.0.0' ],
2655 silly audit   'simple-plist': [ '1.3.1' ],
2655 silly audit   uuid: [ '7.0.3' ],
2655 silly audit   'bplist-creator': [ '0.1.0' ],
2655 silly audit   'bplist-parser': [ '0.3.1' ],
2655 silly audit   plist: [ '3.1.1' ],
2655 silly audit   'stream-buffers': [ '2.2.0' ],
2655 silly audit   'big-integer': [ '1.6.52' ],
2655 silly audit   sax: [ '1.6.0' ],
2655 silly audit   cliui: [ '8.0.1' ],
2655 silly audit   'get-caller-file': [ '2.0.5' ],
2655 silly audit   'require-directory': [ '2.1.1' ],
2655 silly audit   'string-width': [ '4.2.3' ],
2655 silly audit   y18n: [ '5.0.8' ],
2655 silly audit   'yargs-parser': [ '21.1.1' ],
2655 silly audit   'strip-ansi': [ '6.0.1', '5.2.0' ],
2655 silly audit   'wrap-ansi': [ '7.0.0' ],
2655 silly audit   'emoji-regex': [ '8.0.0' ],
2655 silly audit   'is-fullwidth-code-point': [ '3.0.0' ],
2655 silly audit   '@expo/code-signing-certificates': [ '0.0.6' ],
2655 silly audit   '@expo/devcert': [ '1.2.1' ],
2655 silly audit   '@expo/image-utils': [ '0.11.3' ],
2655 silly audit   '@expo/inline-modules': [ '0.1.3' ],
2655 silly audit   '@expo/metro-file-map': [ '57.0.1' ],
2655 silly audit   '@expo/osascript': [ '2.7.1' ],
2655 silly audit   '@expo/package-manager': [ '1.13.1' ],
2655 silly audit   '@expo/prebuild-config': [ '57.0.7' ],
2655 silly audit   '@expo/router-server': [ '57.0.3' ],
2655 silly audit   'expo-server': [ '57.0.1' ],
2655 silly audit   '@expo/schema-utils': [ '57.0.2' ],
2655 silly audit   '@expo/ws-tunnel': [ '2.0.0' ],
2655 silly audit   '@expo/xcpretty': [ '4.4.4' ],
2655 silly audit   'agent-cli-detector': [ '0.1.2' ],
2655 silly audit   compression: [ '1.8.1' ],
2655 silly audit   'dnssd-advertise': [ '1.1.6' ],
2655 silly audit   'fetch-nodeshim': [ '0.4.10' ],
2655 silly audit   'lan-network': [ '0.2.1' ],
2655 silly audit   multitars: [ '1.0.0' ],
2655 silly audit   'node-forge': [ '1.4.0' ],
2655 silly audit   'npm-package-arg': [ '11.0.3' ],
2655 silly audit   ora: [ '3.4.0' ],
2655 silly audit   progress: [ '2.0.3' ],
2655 silly audit   prompts: [ '2.4.2' ],
2655 silly audit   'structured-headers': [ '0.4.1' ],
2655 silly audit   'terminal-link': [ '2.1.1' ],
2655 silly audit   toqr: [ '0.1.1' ],
2655 silly audit   zod: [ '3.25.76' ],
2655 silly audit   '@expo/sudo-prompt': [ '9.3.2' ],
2655 silly audit   'jimp-compact': [ '0.16.1' ],
2655 silly audit   'parse-png': [ '2.1.0' ],
2655 silly audit   'js-yaml': [ '4.3.0' ],
2655 silly audit   bytes: [ '3.1.2' ],
2655 silly audit   compressible: [ '2.0.18' ],
2655 silly audit   'on-headers': [ '1.1.0' ],
2655 silly audit   'safe-buffer': [ '5.2.1' ],
2655 silly audit   vary: [ '1.1.2' ],
2655 silly audit   argparse: [ '2.0.1' ],
2655 silly audit   'hosted-git-info': [ '7.0.2' ],
2655 silly audit   'proc-log': [ '4.2.0' ],
2655 silly audit   'validate-npm-package-name': [ '5.0.1' ],
2655 silly audit   'cli-cursor': [ '2.1.0' ],
2655 silly audit   'cli-spinners': [ '2.9.2' ],
2655 silly audit   'log-symbols': [ '2.2.0' ],
2655 silly audit   wcwidth: [ '1.0.1' ],
2655 silly audit   'restore-cursor': [ '2.0.0' ],
2655 silly audit   pngjs: [ '3.4.0' ],
2655 silly audit   kleur: [ '3.0.3' ],
2655 silly audit   sisteransi: [ '1.0.5' ],
2655 silly audit   onetime: [ '2.0.1' ],
2655 silly audit   'signal-exit': [ '3.0.7' ],
2655 silly audit   'mimic-fn': [ '1.2.0' ],
2655 silly audit   'ansi-escapes': [ '4.3.2' ],
2655 silly audit   'supports-hyperlinks': [ '2.3.0' ],
2655 silly audit   defaults: [ '1.0.4' ],
2655 silly audit   clone: [ '1.0.4' ],
2655 silly audit   lightningcss: [ '1.32.0' ],
2655 silly audit   postcss: [ '8.5.19' ],
2655 silly audit   'detect-libc': [ '2.1.2' ],
2655 silly audit   'lightningcss-android-arm64': [ '1.32.0' ],
2655 silly audit   'lightningcss-darwin-arm64': [ '1.32.0' ],
2655 silly audit   'lightningcss-darwin-x64': [ '1.32.0' ],
2655 silly audit   'lightningcss-freebsd-x64': [ '1.32.0' ],
2655 silly audit   'lightningcss-linux-arm-gnueabihf': [ '1.32.0' ],
2655 silly audit   'lightningcss-linux-arm64-gnu': [ '1.32.0' ],
2655 silly audit   'lightningcss-linux-arm64-musl': [ '1.32.0' ],
2655 silly audit   'lightningcss-linux-x64-gnu': [ '1.32.0' ],
2655 silly audit   'lightningcss-linux-x64-musl': [ '1.32.0' ],
2655 silly audit   'lightningcss-win32-arm64-msvc': [ '1.32.0' ],
2655 silly audit   'lightningcss-win32-x64-msvc': [ '1.32.0' ],
2655 silly audit   nanoid: [ '3.3.16' ],
2655 silly audit   'source-map-js': [ '1.2.1' ],
2655 silly audit   '@babel/plugin-proposal-decorators': [ '7.29.7' ],
2655 silly audit   '@babel/plugin-proposal-export-default-from': [ '7.29.7' ],
2655 silly audit   '@babel/plugin-syntax-dynamic-import': [ '7.8.3' ],
2655 silly audit   '@babel/plugin-syntax-export-default-from': [ '7.29.7' ],
2655 silly audit   '@babel/plugin-syntax-nullish-coalescing-operator': [ '7.8.3' ],
2655 silly audit   '@babel/plugin-syntax-optional-chaining': [ '7.8.3' ],
2655 silly audit   '@babel/plugin-transform-async-generator-functions': [ '7.29.7' ],
2655 silly audit   '@babel/plugin-transform-async-to-generator': [ '7.29.7' ],
2655 silly audit   '@babel/plugin-transform-block-scoping': [ '7.29.7' ],
2655 silly audit   '@babel/plugin-transform-class-properties': [ '7.29.7' ],
2655 silly audit   '@babel/plugin-transform-class-static-block': [ '7.29.7' ],
2655 silly audit   '@babel/plugin-transform-classes': [ '7.29.7' ],
2655 silly audit   '@babel/plugin-transform-destructuring': [ '7.29.7' ],
2655 silly audit   '@babel/plugin-transform-export-namespace-from': [ '7.29.7' ],
2655 silly audit   '@babel/plugin-transform-flow-strip-types': [ '7.29.7' ],
2655 silly audit   '@babel/plugin-transform-for-of': [ '7.29.7' ],
2655 silly audit   '@babel/plugin-transform-logical-assignment-operators': [ '7.29.7' ],
2655 silly audit   '@babel/plugin-transform-named-capturing-groups-regex': [ '7.29.7' ],
2655 silly audit   '@babel/plugin-transform-nullish-coalescing-operator': [ '7.29.7' ],
2655 silly audit   '@babel/plugin-transform-object-rest-spread': [ '7.29.7' ],
2655 silly audit   '@babel/plugin-transform-optional-catch-binding': [ '7.29.7' ],
2655 silly audit   '@babel/plugin-transform-optional-chaining': [ '7.29.7' ],
2655 silly audit   '@babel/plugin-transform-parameters': [ '7.29.7' ],
2655 silly audit   '@babel/plugin-transform-private-methods': [ '7.29.7' ],
2655 silly audit   '@babel/plugin-transform-private-property-in-object': [ '7.29.7' ],
2655 silly audit   '@babel/plugin-transform-react-display-name': [ '7.29.7' ],
2655 silly audit   '@babel/plugin-transform-react-jsx': [ '7.29.7' ],
2655 silly audit   '@babel/plugin-transform-react-jsx-development': [ '7.29.7' ],
2655 silly audit   '@babel/plugin-transform-react-pure-annotations': [ '7.29.7' ],
2655 silly audit   '@babel/plugin-transform-runtime': [ '7.29.7' ],
2655 silly audit   '@babel/plugin-transform-typescript': [ '7.29.7' ],
2655 silly audit   '@babel/plugin-transform-unicode-regex': [ '7.29.7' ],
2655 silly audit   '@babel/preset-typescript': [ '7.29.7' ],
2655 silly audit   '@react-native/babel-plugin-codegen': [ '0.86.0' ],
2655 silly audit   'babel-plugin-react-compiler': [ '1.0.0' ],
2655 silly audit   'babel-plugin-react-native-web': [ '0.21.2' ],
2655 silly audit   'babel-plugin-transform-flow-enums': [ '0.0.2' ],
2655 silly audit   '@babel/helper-create-class-features-plugin': [ '7.29.7' ],
2655 silly audit   '@babel/plugin-syntax-decorators': [ '7.29.7' ],
2655 silly audit   '@babel/helper-annotate-as-pure': [ '7.29.7' ],
2655 silly audit   '@babel/helper-member-expression-to-functions': [ '7.29.7' ],
2655 silly audit   '@babel/helper-optimise-call-expression': [ '7.29.7' ],
2655 silly audit   '@babel/helper-replace-supers': [ '7.29.7' ],
2655 silly audit   '@babel/helper-skip-transparent-expression-wrappers': [ '7.29.7' ],
2655 silly audit   '@babel/helper-remap-async-to-generator': [ '7.29.7' ],
2655 silly audit   '@babel/helper-wrap-function': [ '7.29.7' ],
2655 silly audit   '@babel/plugin-syntax-flow': [ '7.29.7' ],
2655 silly audit   '@babel/helper-create-regexp-features-plugin': [ '7.29.7' ],
2655 silly audit   'regexpu-core': [ '6.4.0' ],
2655 silly audit   '@babel/plugin-syntax-jsx': [ '7.29.7' ],
2655 silly audit   'babel-plugin-polyfill-corejs2': [ '0.4.17' ],
2655 silly audit   'babel-plugin-polyfill-corejs3': [ '0.13.0' ],
2655 silly audit   'babel-plugin-polyfill-regenerator': [ '0.6.8' ],
2655 silly audit   '@babel/plugin-syntax-typescript': [ '7.29.7' ],
2655 silly audit   '@babel/helper-define-polyfill-provider': [ '0.6.8' ],
2655 silly audit   'lodash.debounce': [ '4.0.8' ],
2655 silly audit   resolve: [ '1.22.12' ],
2655 silly audit   'core-js-compat': [ '3.49.0' ],
2655 silly audit   regenerate: [ '1.4.2' ],
2655 silly audit   'regenerate-unicode-properties': [ '10.2.2' ],
2655 silly audit   regjsgen: [ '0.8.0' ],
2655 silly audit   regjsparser: [ '0.13.2' ],
2655 silly audit   'unicode-match-property-ecmascript': [ '2.0.0' ],
2655 silly audit   'unicode-match-property-value-ecmascript': [ '2.2.1' ],
2655 silly audit   'es-errors': [ '1.3.0' ],
2655 silly audit   'is-core-module': [ '2.16.2' ],
2655 silly audit   'path-parse': [ '1.0.7' ],
2655 silly audit   'supports-preserve-symlinks-flag': [ '1.0.0' ],
2655 silly audit   hasown: [ '2.0.4' ],
2655 silly audit   'function-bind': [ '1.1.2' ],
2655 silly audit   'unicode-canonical-property-names-ecmascript': [ '2.0.1' ],
2655 silly audit   'unicode-property-aliases-ecmascript': [ '2.2.0' ],
2655 silly audit   fontfaceobserver: [ '2.3.0' ]
2655 silly audit }
2656 http cache fontfaceobserver@https://registry.npmjs.org/fontfaceobserver/-/fontfaceobserver-2.3.0.tgz 0ms (cache hit)
2657 http cache unicode-property-aliases-ecmascript@https://registry.npmjs.org/unicode-property-aliases-ecmascript/-/unicode-property-aliases-ecmascript-2.2.0.tgz 0ms (cache hit)
2658 http cache function-bind@https://registry.npmjs.org/function-bind/-/function-bind-1.1.2.tgz 0ms (cache hit)
2659 http cache unicode-canonical-property-names-ecmascript@https://registry.npmjs.org/unicode-canonical-property-names-ecmascript/-/unicode-canonical-property-names-ecmascript-2.0.1.tgz 0ms (cache hit)
2660 http cache path-parse@https://registry.npmjs.org/path-parse/-/path-parse-1.0.7.tgz 0ms (cache hit)
2661 http cache is-core-module@https://registry.npmjs.org/is-core-module/-/is-core-module-2.16.2.tgz 0ms (cache hit)
2662 http cache hasown@https://registry.npmjs.org/hasown/-/hasown-2.0.4.tgz 0ms (cache hit)
2663 http cache supports-preserve-symlinks-flag@https://registry.npmjs.org/supports-preserve-symlinks-flag/-/supports-preserve-symlinks-flag-1.0.0.tgz 0ms (cache hit)
2664 http cache es-errors@https://registry.npmjs.org/es-errors/-/es-errors-1.3.0.tgz 0ms (cache hit)
2665 http cache unicode-match-property-value-ecmascript@https://registry.npmjs.org/unicode-match-property-value-ecmascript/-/unicode-match-property-value-ecmascript-2.2.1.tgz 0ms (cache hit)
2666 http cache regenerate-unicode-properties@https://registry.npmjs.org/regenerate-unicode-properties/-/regenerate-unicode-properties-10.2.2.tgz 0ms (cache hit)
2667 http cache regjsgen@https://registry.npmjs.org/regjsgen/-/regjsgen-0.8.0.tgz 0ms (cache hit)
2668 http cache @babel/helper-define-polyfill-provider@https://registry.npmjs.org/@babel/helper-define-polyfill-provider/-/helper-define-polyfill-provider-0.6.8.tgz 0ms (cache hit)
2669 http cache @babel/plugin-syntax-typescript@https://registry.npmjs.org/@babel/plugin-syntax-typescript/-/plugin-syntax-typescript-7.29.7.tgz 0ms (cache hit)
2670 http cache lodash.debounce@https://registry.npmjs.org/lodash.debounce/-/lodash.debounce-4.0.8.tgz 0ms (cache hit)
2671 http cache regjsparser@https://registry.npmjs.org/regjsparser/-/regjsparser-0.13.2.tgz 0ms (cache hit)
2672 http cache regenerate@https://registry.npmjs.org/regenerate/-/regenerate-1.4.2.tgz 0ms (cache hit)
2673 http cache @babel/plugin-syntax-jsx@https://registry.npmjs.org/@babel/plugin-syntax-jsx/-/plugin-syntax-jsx-7.29.7.tgz 0ms (cache hit)
2674 http cache babel-plugin-polyfill-regenerator@https://registry.npmjs.org/babel-plugin-polyfill-regenerator/-/babel-plugin-polyfill-regenerator-0.6.8.tgz 0ms (cache hit)
2675 http cache @babel/helper-create-regexp-features-plugin@https://registry.npmjs.org/@babel/helper-create-regexp-features-plugin/-/helper-create-regexp-features-plugin-7.29.7.tgz 0ms (cache hit)
2676 http cache babel-plugin-polyfill-corejs3@https://registry.npmjs.org/babel-plugin-polyfill-corejs3/-/babel-plugin-polyfill-corejs3-0.13.0.tgz 0ms (cache hit)
2677 http cache babel-plugin-polyfill-corejs2@https://registry.npmjs.org/babel-plugin-polyfill-corejs2/-/babel-plugin-polyfill-corejs2-0.4.17.tgz 0ms (cache hit)
2678 http cache @babel/plugin-syntax-flow@https://registry.npmjs.org/@babel/plugin-syntax-flow/-/plugin-syntax-flow-7.29.7.tgz 0ms (cache hit)
2679 http cache @babel/helper-wrap-function@https://registry.npmjs.org/@babel/helper-wrap-function/-/helper-wrap-function-7.29.7.tgz 0ms (cache hit)
2680 http cache regexpu-core@https://registry.npmjs.org/regexpu-core/-/regexpu-core-6.4.0.tgz 0ms (cache hit)
2681 http cache @babel/helper-replace-supers@https://registry.npmjs.org/@babel/helper-replace-supers/-/helper-replace-supers-7.29.7.tgz 0ms (cache hit)
2682 http cache core-js-compat@https://registry.npmjs.org/core-js-compat/-/core-js-compat-3.49.0.tgz 0ms (cache hit)
2683 http cache @babel/helper-optimise-call-expression@https://registry.npmjs.org/@babel/helper-optimise-call-expression/-/helper-optimise-call-expression-7.29.7.tgz 0ms (cache hit)
2684 http cache resolve@https://registry.npmjs.org/resolve/-/resolve-1.22.12.tgz 0ms (cache hit)
2685 http cache @babel/helper-member-expression-to-functions@https://registry.npmjs.org/@babel/helper-member-expression-to-functions/-/helper-member-expression-to-functions-7.29.7.tgz 0ms (cache hit)
2686 http cache @babel/plugin-syntax-decorators@https://registry.npmjs.org/@babel/plugin-syntax-decorators/-/plugin-syntax-decorators-7.29.7.tgz 0ms (cache hit)
2687 http cache babel-plugin-transform-flow-enums@https://registry.npmjs.org/babel-plugin-transform-flow-enums/-/babel-plugin-transform-flow-enums-0.0.2.tgz 0ms (cache hit)
2688 http cache @babel/helper-annotate-as-pure@https://registry.npmjs.org/@babel/helper-annotate-as-pure/-/helper-annotate-as-pure-7.29.7.tgz 0ms (cache hit)
2689 http cache @babel/helper-create-class-features-plugin@https://registry.npmjs.org/@babel/helper-create-class-features-plugin/-/helper-create-class-features-plugin-7.29.7.tgz 0ms (cache hit)
2690 http cache unicode-match-property-ecmascript@https://registry.npmjs.org/unicode-match-property-ecmascript/-/unicode-match-property-ecmascript-2.0.0.tgz 0ms (cache hit)
2691 http cache @babel/preset-typescript@https://registry.npmjs.org/@babel/preset-typescript/-/preset-typescript-7.29.7.tgz 0ms (cache hit)
2692 http cache @react-native/babel-plugin-codegen@https://registry.npmjs.org/@react-native/babel-plugin-codegen/-/babel-plugin-codegen-0.86.0.tgz 0ms (cache hit)
2693 http cache babel-plugin-react-compiler@https://registry.npmjs.org/babel-plugin-react-compiler/-/babel-plugin-react-compiler-1.0.0.tgz 0ms (cache hit)
2694 http cache babel-plugin-react-native-web@https://registry.npmjs.org/babel-plugin-react-native-web/-/babel-plugin-react-native-web-0.21.2.tgz 0ms (cache hit)
2695 http cache @babel/plugin-transform-typescript@https://registry.npmjs.org/@babel/plugin-transform-typescript/-/plugin-transform-typescript-7.29.7.tgz 0ms (cache hit)
2696 http cache @babel/plugin-transform-react-pure-annotations@https://registry.npmjs.org/@babel/plugin-transform-react-pure-annotations/-/plugin-transform-react-pure-annotations-7.29.7.tgz 0ms (cache hit)
2697 http cache @babel/plugin-transform-runtime@https://registry.npmjs.org/@babel/plugin-transform-runtime/-/plugin-transform-runtime-7.29.7.tgz 0ms (cache hit)
2698 http cache @babel/plugin-transform-react-jsx-development@https://registry.npmjs.org/@babel/plugin-transform-react-jsx-development/-/plugin-transform-react-jsx-development-7.29.7.tgz 0ms (cache hit)
2699 http cache @babel/plugin-transform-react-jsx@https://registry.npmjs.org/@babel/plugin-transform-react-jsx/-/plugin-transform-react-jsx-7.29.7.tgz 0ms (cache hit)
2700 http cache @babel/plugin-transform-react-display-name@https://registry.npmjs.org/@babel/plugin-transform-react-display-name/-/plugin-transform-react-display-name-7.29.7.tgz 0ms (cache hit)
2701 http cache @babel/plugin-transform-private-property-in-object@https://registry.npmjs.org/@babel/plugin-transform-private-property-in-object/-/plugin-transform-private-property-in-object-7.29.7.tgz 0ms (cache hit)
2702 http cache @babel/plugin-transform-unicode-regex@https://registry.npmjs.org/@babel/plugin-transform-unicode-regex/-/plugin-transform-unicode-regex-7.29.7.tgz 0ms (cache hit)
2703 http cache @babel/plugin-transform-optional-chaining@https://registry.npmjs.org/@babel/plugin-transform-optional-chaining/-/plugin-transform-optional-chaining-7.29.7.tgz 0ms (cache hit)
2704 http cache @babel/plugin-transform-private-methods@https://registry.npmjs.org/@babel/plugin-transform-private-methods/-/plugin-transform-private-methods-7.29.7.tgz 0ms (cache hit)
2705 http cache @babel/plugin-transform-optional-catch-binding@https://registry.npmjs.org/@babel/plugin-transform-optional-catch-binding/-/plugin-transform-optional-catch-binding-7.29.7.tgz 0ms (cache hit)
2706 http cache @babel/plugin-transform-object-rest-spread@https://registry.npmjs.org/@babel/plugin-transform-object-rest-spread/-/plugin-transform-object-rest-spread-7.29.7.tgz 0ms (cache hit)
2707 http cache @babel/plugin-transform-nullish-coalescing-operator@https://registry.npmjs.org/@babel/plugin-transform-nullish-coalescing-operator/-/plugin-transform-nullish-coalescing-operator-7.29.7.tgz 0ms (cache hit)
2708 http cache @babel/plugin-transform-named-capturing-groups-regex@https://registry.npmjs.org/@babel/plugin-transform-named-capturing-groups-regex/-/plugin-transform-named-capturing-groups-regex-7.29.7.tgz 0ms (cache hit)
2709 http cache @babel/plugin-transform-parameters@https://registry.npmjs.org/@babel/plugin-transform-parameters/-/plugin-transform-parameters-7.29.7.tgz 0ms (cache hit)
2710 http cache @babel/plugin-transform-flow-strip-types@https://registry.npmjs.org/@babel/plugin-transform-flow-strip-types/-/plugin-transform-flow-strip-types-7.29.7.tgz 0ms (cache hit)
2711 http cache @babel/plugin-transform-for-of@https://registry.npmjs.org/@babel/plugin-transform-for-of/-/plugin-transform-for-of-7.29.7.tgz 0ms (cache hit)
2712 http cache @babel/plugin-transform-export-namespace-from@https://registry.npmjs.org/@babel/plugin-transform-export-namespace-from/-/plugin-transform-export-namespace-from-7.29.7.tgz 0ms (cache hit)
2713 http cache @babel/plugin-transform-destructuring@https://registry.npmjs.org/@babel/plugin-transform-destructuring/-/plugin-transform-destructuring-7.29.7.tgz 0ms (cache hit)
2714 http cache @babel/helper-remap-async-to-generator@https://registry.npmjs.org/@babel/helper-remap-async-to-generator/-/helper-remap-async-to-generator-7.29.7.tgz 0ms (cache hit)
2715 http cache @babel/plugin-transform-logical-assignment-operators@https://registry.npmjs.org/@babel/plugin-transform-logical-assignment-operators/-/plugin-transform-logical-assignment-operators-7.29.7.tgz 0ms (cache hit)
2716 http cache @babel/plugin-transform-class-static-block@https://registry.npmjs.org/@babel/plugin-transform-class-static-block/-/plugin-transform-class-static-block-7.29.7.tgz 0ms (cache hit)
2717 http cache @babel/plugin-transform-classes@https://registry.npmjs.org/@babel/plugin-transform-classes/-/plugin-transform-classes-7.29.7.tgz 0ms (cache hit)
2718 http cache @babel/plugin-transform-async-to-generator@https://registry.npmjs.org/@babel/plugin-transform-async-to-generator/-/plugin-transform-async-to-generator-7.29.7.tgz 0ms (cache hit)
2719 http cache @babel/plugin-transform-block-scoping@https://registry.npmjs.org/@babel/plugin-transform-block-scoping/-/plugin-transform-block-scoping-7.29.7.tgz 0ms (cache hit)
2720 http cache @babel/helper-skip-transparent-expression-wrappers@https://registry.npmjs.org/@babel/helper-skip-transparent-expression-wrappers/-/helper-skip-transparent-expression-wrappers-7.29.7.tgz 0ms (cache hit)
2721 http cache @babel/plugin-syntax-nullish-coalescing-operator@https://registry.npmjs.org/@babel/plugin-syntax-nullish-coalescing-operator/-/plugin-syntax-nullish-coalescing-operator-7.8.3.tgz 0ms (cache hit)
2722 http cache @babel/plugin-syntax-dynamic-import@https://registry.npmjs.org/@babel/plugin-syntax-dynamic-import/-/plugin-syntax-dynamic-import-7.8.3.tgz 0ms (cache hit)
2723 http cache @babel/plugin-syntax-export-default-from@https://registry.npmjs.org/@babel/plugin-syntax-export-default-from/-/plugin-syntax-export-default-from-7.29.7.tgz 0ms (cache hit)
2724 http cache @babel/plugin-transform-async-generator-functions@https://registry.npmjs.org/@babel/plugin-transform-async-generator-functions/-/plugin-transform-async-generator-functions-7.29.7.tgz 0ms (cache hit)
2725 http cache @babel/plugin-syntax-optional-chaining@https://registry.npmjs.org/@babel/plugin-syntax-optional-chaining/-/plugin-syntax-optional-chaining-7.8.3.tgz 0ms (cache hit)
2726 http cache @babel/plugin-proposal-export-default-from@https://registry.npmjs.org/@babel/plugin-proposal-export-default-from/-/plugin-proposal-export-default-from-7.29.7.tgz 0ms (cache hit)
2727 http cache source-map-js@https://registry.npmjs.org/source-map-js/-/source-map-js-1.2.1.tgz 0ms (cache hit)
2728 http cache nanoid@https://registry.npmjs.org/nanoid/-/nanoid-3.3.16.tgz 0ms (cache hit)
2729 http cache @babel/plugin-proposal-decorators@https://registry.npmjs.org/@babel/plugin-proposal-decorators/-/plugin-proposal-decorators-7.29.7.tgz 0ms (cache hit)
2730 http cache lightningcss-win32-x64-msvc@https://registry.npmjs.org/lightningcss-win32-x64-msvc/-/lightningcss-win32-x64-msvc-1.32.0.tgz 0ms (cache hit)
2731 http cache lightningcss@https://registry.npmjs.org/lightningcss/-/lightningcss-1.32.0.tgz 0ms (cache hit)
2732 http cache clone@https://registry.npmjs.org/clone/-/clone-1.0.4.tgz 0ms (cache hit)
2733 http cache postcss@https://registry.npmjs.org/postcss/-/postcss-8.5.19.tgz 0ms (cache hit)
2734 http cache defaults@https://registry.npmjs.org/defaults/-/defaults-1.0.4.tgz 0ms (cache hit)
2735 http cache supports-hyperlinks@https://registry.npmjs.org/supports-hyperlinks/-/supports-hyperlinks-2.3.0.tgz 0ms (cache hit)
2736 http cache ansi-escapes@https://registry.npmjs.org/ansi-escapes/-/ansi-escapes-4.3.2.tgz 0ms (cache hit)
2737 http cache mimic-fn@https://registry.npmjs.org/mimic-fn/-/mimic-fn-1.2.0.tgz 0ms (cache hit)
2738 http cache signal-exit@https://registry.npmjs.org/signal-exit/-/signal-exit-3.0.7.tgz 0ms (cache hit)
2739 http cache sisteransi@https://registry.npmjs.org/sisteransi/-/sisteransi-1.0.5.tgz 0ms (cache hit)
2740 http cache onetime@https://registry.npmjs.org/onetime/-/onetime-2.0.1.tgz 0ms (cache hit)
2741 http cache @babel/plugin-transform-class-properties@https://registry.npmjs.org/@babel/plugin-transform-class-properties/-/plugin-transform-class-properties-7.29.7.tgz 0ms (cache hit)
2742 http cache kleur@https://registry.npmjs.org/kleur/-/kleur-3.0.3.tgz 0ms (cache hit)
2743 http cache log-symbols@https://registry.npmjs.org/log-symbols/-/log-symbols-2.2.0.tgz 0ms (cache hit)
2744 http cache restore-cursor@https://registry.npmjs.org/restore-cursor/-/restore-cursor-2.0.0.tgz 0ms (cache hit)
2745 http cache wcwidth@https://registry.npmjs.org/wcwidth/-/wcwidth-1.0.1.tgz 0ms (cache hit)
2746 http cache pngjs@https://registry.npmjs.org/pngjs/-/pngjs-3.4.0.tgz 0ms (cache hit)
2747 http cache cli-cursor@https://registry.npmjs.org/cli-cursor/-/cli-cursor-2.1.0.tgz 0ms (cache hit)
2748 http cache validate-npm-package-name@https://registry.npmjs.org/validate-npm-package-name/-/validate-npm-package-name-5.0.1.tgz 0ms (cache hit)
2749 http cache proc-log@https://registry.npmjs.org/proc-log/-/proc-log-4.2.0.tgz 0ms (cache hit)
2750 http cache hosted-git-info@https://registry.npmjs.org/hosted-git-info/-/hosted-git-info-7.0.2.tgz 0ms (cache hit)
2751 http cache detect-libc@https://registry.npmjs.org/detect-libc/-/detect-libc-2.1.2.tgz 0ms (cache hit)
2752 http cache argparse@https://registry.npmjs.org/argparse/-/argparse-2.0.1.tgz 0ms (cache hit)
2753 http cache safe-buffer@https://registry.npmjs.org/safe-buffer/-/safe-buffer-5.2.1.tgz 0ms (cache hit)
2754 http cache on-headers@https://registry.npmjs.org/on-headers/-/on-headers-1.1.0.tgz 0ms (cache hit)
2755 http cache compressible@https://registry.npmjs.org/compressible/-/compressible-2.0.18.tgz 0ms (cache hit)
2756 http cache bytes@https://registry.npmjs.org/bytes/-/bytes-3.1.2.tgz 0ms (cache hit)
2757 http cache js-yaml@https://registry.npmjs.org/js-yaml/-/js-yaml-4.3.0.tgz 0ms (cache hit)
2758 http cache @expo/sudo-prompt@https://registry.npmjs.org/@expo/sudo-prompt/-/sudo-prompt-9.3.2.tgz 0ms (cache hit)
2759 http cache parse-png@https://registry.npmjs.org/parse-png/-/parse-png-2.1.0.tgz 0ms (cache hit)
2760 http cache jimp-compact@https://registry.npmjs.org/jimp-compact/-/jimp-compact-0.16.1.tgz 0ms (cache hit)
2761 http cache zod@https://registry.npmjs.org/zod/-/zod-3.25.76.tgz 0ms (cache hit)
2762 http cache vary@https://registry.npmjs.org/vary/-/vary-1.1.2.tgz 0ms (cache hit)
2763 http cache structured-headers@https://registry.npmjs.org/structured-headers/-/structured-headers-0.4.1.tgz 0ms (cache hit)
2764 http cache ora@https://registry.npmjs.org/ora/-/ora-3.4.0.tgz 0ms (cache hit)
2765 http cache cli-spinners@https://registry.npmjs.org/cli-spinners/-/cli-spinners-2.9.2.tgz 0ms (cache hit)
2766 http cache prompts@https://registry.npmjs.org/prompts/-/prompts-2.4.2.tgz 0ms (cache hit)
2767 http cache terminal-link@https://registry.npmjs.org/terminal-link/-/terminal-link-2.1.1.tgz 0ms (cache hit)
2768 http cache npm-package-arg@https://registry.npmjs.org/npm-package-arg/-/npm-package-arg-11.0.3.tgz 0ms (cache hit)
2769 http cache node-forge@https://registry.npmjs.org/node-forge/-/node-forge-1.4.0.tgz 0ms (cache hit)
2770 http cache progress@https://registry.npmjs.org/progress/-/progress-2.0.3.tgz 0ms (cache hit)
2771 http cache lan-network@https://registry.npmjs.org/lan-network/-/lan-network-0.2.1.tgz 0ms (cache hit)
2772 http cache dnssd-advertise@https://registry.npmjs.org/dnssd-advertise/-/dnssd-advertise-1.1.6.tgz 0ms (cache hit)
2773 http cache compression@https://registry.npmjs.org/compression/-/compression-1.8.1.tgz 0ms (cache hit)
2774 http cache @expo/xcpretty@https://registry.npmjs.org/@expo/xcpretty/-/xcpretty-4.4.4.tgz 0ms (cache hit)
2775 http cache agent-cli-detector@https://registry.npmjs.org/agent-cli-detector/-/agent-cli-detector-0.1.2.tgz 0ms (cache hit)
2776 http cache @expo/schema-utils@https://registry.npmjs.org/@expo/schema-utils/-/schema-utils-57.0.2.tgz 0ms (cache hit)
2777 http cache expo-server@https://registry.npmjs.org/expo-server/-/expo-server-57.0.1.tgz 0ms (cache hit)
2778 http cache @expo/prebuild-config@https://registry.npmjs.org/@expo/prebuild-config/-/prebuild-config-57.0.7.tgz 0ms (cache hit)
2779 http cache @expo/package-manager@https://registry.npmjs.org/@expo/package-manager/-/package-manager-1.13.1.tgz 0ms (cache hit)
2780 http cache @expo/inline-modules@https://registry.npmjs.org/@expo/inline-modules/-/inline-modules-0.1.3.tgz 0ms (cache hit)
2781 http cache fetch-nodeshim@https://registry.npmjs.org/fetch-nodeshim/-/fetch-nodeshim-0.4.10.tgz 0ms (cache hit)
2782 http cache @expo/metro-file-map@https://registry.npmjs.org/@expo/metro-file-map/-/metro-file-map-57.0.1.tgz 0ms (cache hit)
2783 http cache toqr@https://registry.npmjs.org/toqr/-/toqr-0.1.1.tgz 0ms (cache hit)
2784 http cache @expo/image-utils@https://registry.npmjs.org/@expo/image-utils/-/image-utils-0.11.3.tgz 0ms (cache hit)
2785 http cache @expo/devcert@https://registry.npmjs.org/@expo/devcert/-/devcert-1.2.1.tgz 0ms (cache hit)
2786 http cache is-fullwidth-code-point@https://registry.npmjs.org/is-fullwidth-code-point/-/is-fullwidth-code-point-3.0.0.tgz 0ms (cache hit)
2787 http cache strip-ansi@https://registry.npmjs.org/strip-ansi/-/strip-ansi-6.0.1.tgz 0ms (cache hit)
2788 http cache wrap-ansi@https://registry.npmjs.org/wrap-ansi/-/wrap-ansi-7.0.0.tgz 0ms (cache hit)
2789 http cache yargs-parser@https://registry.npmjs.org/yargs-parser/-/yargs-parser-21.1.1.tgz 0ms (cache hit)
2790 http cache y18n@https://registry.npmjs.org/y18n/-/y18n-5.0.8.tgz 0ms (cache hit)
2791 http cache @expo/osascript@https://registry.npmjs.org/@expo/osascript/-/osascript-2.7.1.tgz 0ms (cache hit)
2792 http cache multitars@https://registry.npmjs.org/multitars/-/multitars-1.0.0.tgz 0ms (cache hit)
2793 http cache string-width@https://registry.npmjs.org/string-width/-/string-width-4.2.3.tgz 0ms (cache hit)
2794 http cache require-directory@https://registry.npmjs.org/require-directory/-/require-directory-2.1.1.tgz 0ms (cache hit)
2795 http cache get-caller-file@https://registry.npmjs.org/get-caller-file/-/get-caller-file-2.0.5.tgz 0ms (cache hit)
2796 http cache cliui@https://registry.npmjs.org/cliui/-/cliui-8.0.1.tgz 0ms (cache hit)
2797 http cache sax@https://registry.npmjs.org/sax/-/sax-1.6.0.tgz 0ms (cache hit)
2798 http cache big-integer@https://registry.npmjs.org/big-integer/-/big-integer-1.6.52.tgz 0ms (cache hit)
2799 http cache stream-buffers@https://registry.npmjs.org/stream-buffers/-/stream-buffers-2.2.0.tgz 0ms (cache hit)
2800 http cache bplist-parser@https://registry.npmjs.org/bplist-parser/-/bplist-parser-0.3.1.tgz 0ms (cache hit)
2801 http cache bplist-creator@https://registry.npmjs.org/bplist-creator/-/bplist-creator-0.1.0.tgz 0ms (cache hit)
2802 http cache emoji-regex@https://registry.npmjs.org/emoji-regex/-/emoji-regex-8.0.0.tgz 0ms (cache hit)
2803 http cache @expo/code-signing-certificates@https://registry.npmjs.org/@expo/code-signing-certificates/-/code-signing-certificates-0.0.6.tgz 0ms (cache hit)
2804 http cache uuid@https://registry.npmjs.org/uuid/-/uuid-7.0.3.tgz 0ms (cache hit)
2805 http cache simple-plist@https://registry.npmjs.org/simple-plist/-/simple-plist-1.3.1.tgz 0ms (cache hit)
2806 http cache plist@https://registry.npmjs.org/plist/-/plist-3.1.1.tgz 0ms (cache hit)
2807 http cache makeerror@https://registry.npmjs.org/makeerror/-/makeerror-1.0.12.tgz 0ms (cache hit)
2808 http cache tmpl@https://registry.npmjs.org/tmpl/-/tmpl-1.0.5.tgz 0ms (cache hit)
2809 http cache escalade@https://registry.npmjs.org/escalade/-/escalade-3.2.0.tgz 0ms (cache hit)
2810 http cache source-map-support@https://registry.npmjs.org/source-map-support/-/source-map-support-0.5.21.tgz 0ms (cache hit)
2811 http cache buffer-from@https://registry.npmjs.org/buffer-from/-/buffer-from-1.1.2.tgz 0ms (cache hit)
2812 http cache @jridgewell/source-map@https://registry.npmjs.org/@jridgewell/source-map/-/source-map-0.3.11.tgz 0ms (cache hit)
2813 http cache acorn@https://registry.npmjs.org/acorn/-/acorn-8.17.0.tgz 0ms (cache hit)
2814 http cache type-fest@https://registry.npmjs.org/type-fest/-/type-fest-0.7.1.tgz 0ms (cache hit)
2815 http cache is-number@https://registry.npmjs.org/is-number/-/is-number-7.0.0.tgz 0ms (cache hit)
2816 http cache isexe@https://registry.npmjs.org/isexe/-/isexe-2.0.0.tgz 0ms (cache hit)
2817 http cache shebang-regex@https://registry.npmjs.org/shebang-regex/-/shebang-regex-3.0.0.tgz 0ms (cache hit)
2818 http cache range-parser@https://registry.npmjs.org/range-parser/-/range-parser-1.2.1.tgz 0ms (cache hit)
2819 http cache toidentifier@https://registry.npmjs.org/toidentifier/-/toidentifier-1.0.1.tgz 0ms (cache hit)
2820 http cache http-errors@https://registry.npmjs.org/http-errors/-/http-errors-2.0.1.tgz 0ms (cache hit)
2821 http cache fresh@https://registry.npmjs.org/fresh/-/fresh-0.5.2.tgz 0ms (cache hit)
2822 http cache setprototypeof@https://registry.npmjs.org/setprototypeof/-/setprototypeof-1.2.0.tgz 0ms (cache hit)
2823 http cache destroy@https://registry.npmjs.org/destroy/-/destroy-1.2.0.tgz 0ms (cache hit)
2824 http cache etag@https://registry.npmjs.org/etag/-/etag-1.8.1.tgz 0ms (cache hit)
2825 http cache has-flag@https://registry.npmjs.org/has-flag/-/has-flag-4.0.0.tgz 0ms (cache hit)
2826 http cache depd@https://registry.npmjs.org/depd/-/depd-2.0.0.tgz 0ms (cache hit)
2827 http cache send@https://registry.npmjs.org/send/-/send-0.19.2.tgz 0ms (cache hit)
2828 http cache is-docker@https://registry.npmjs.org/is-docker/-/is-docker-2.2.1.tgz 0ms (cache hit)
2829 http cache mkdirp@https://registry.npmjs.org/mkdirp/-/mkdirp-1.0.4.tgz 0ms (cache hit)
2830 http cache lighthouse-logger@https://registry.npmjs.org/lighthouse-logger/-/lighthouse-logger-1.4.2.tgz 0ms (cache hit)
2831 http cache is-wsl@https://registry.npmjs.org/is-wsl/-/is-wsl-2.2.0.tgz 0ms (cache hit)
2832 http cache asap@https://registry.npmjs.org/asap/-/asap-2.0.6.tgz 0ms (cache hit)
2833 http cache event-target-shim@https://registry.npmjs.org/event-target-shim/-/event-target-shim-5.0.1.tgz 0ms (cache hit)
2834 http cache escape-string-regexp@https://registry.npmjs.org/escape-string-regexp/-/escape-string-regexp-4.0.0.tgz 0ms (cache hit)
2835 http cache marky@https://registry.npmjs.org/marky/-/marky-1.3.0.tgz 0ms (cache hit)
2836 http cache @react-native/debugger-shell@https://registry.npmjs.org/@react-native/debugger-shell/-/debugger-shell-0.86.0.tgz 0ms (cache hit)
2837 http cache serve-static@https://registry.npmjs.org/serve-static/-/serve-static-1.16.3.tgz 0ms (cache hit)
2838 http cache open@https://registry.npmjs.org/open/-/open-7.4.2.tgz 0ms (cache hit)
2839 http cache chromium-edge-launcher@https://registry.npmjs.org/chromium-edge-launcher/-/chromium-edge-launcher-0.3.0.tgz 0ms (cache hit)
2840 http cache chrome-launcher@https://registry.npmjs.org/chrome-launcher/-/chrome-launcher-0.15.2.tgz 0ms (cache hit)
2841 http cache mime@https://registry.npmjs.org/mime/-/mime-1.6.0.tgz 0ms (cache hit)
2842 http cache whatwg-fetch@https://registry.npmjs.org/whatwg-fetch/-/whatwg-fetch-3.6.20.tgz 0ms (cache hit)
2843 http cache shell-quote@https://registry.npmjs.org/shell-quote/-/shell-quote-1.10.0.tgz 0ms (cache hit)
2844 http cache @isaacs/ttlcache@https://registry.npmjs.org/@isaacs/ttlcache/-/ttlcache-1.4.1.tgz 0ms (cache hit)
2845 http cache stacktrace-parser@https://registry.npmjs.org/stacktrace-parser/-/stacktrace-parser-0.1.11.tgz 0ms (cache hit)
2846 http cache scheduler@https://registry.npmjs.org/scheduler/-/scheduler-0.27.0.tgz 0ms (cache hit)
2847 http cache react-devtools-core@https://registry.npmjs.org/react-devtools-core/-/react-devtools-core-6.1.5.tgz 0ms (cache hit)
2848 http cache regenerator-runtime@https://registry.npmjs.org/regenerator-runtime/-/regenerator-runtime-0.13.11.tgz 0ms (cache hit)
2849 http cache @react-native/debugger-frontend@https://registry.npmjs.org/@react-native/debugger-frontend/-/debugger-frontend-0.86.0.tgz 0ms (cache hit)
2850 http cache promise@https://registry.npmjs.org/promise/-/promise-8.3.0.tgz 0ms (cache hit)
2851 http cache hermes-compiler@https://registry.npmjs.org/hermes-compiler/-/hermes-compiler-250829098.0.14.tgz 0ms (cache hit)
2852 http cache babel-plugin-syntax-hermes-parser@https://registry.npmjs.org/babel-plugin-syntax-hermes-parser/-/babel-plugin-syntax-hermes-parser-0.36.0.tgz 0ms (cache hit)
2853 http cache @react-native/virtualized-lists@https://registry.npmjs.org/@react-native/virtualized-lists/-/virtualized-lists-0.86.0.tgz 0ms (cache hit)
2854 http cache ansi-regex@https://registry.npmjs.org/ansi-regex/-/ansi-regex-5.0.1.tgz 0ms (cache hit)
2855 http cache anser@https://registry.npmjs.org/anser/-/anser-1.4.10.tgz 0ms (cache hit)
2856 http cache abort-controller@https://registry.npmjs.org/abort-controller/-/abort-controller-3.0.0.tgz 0ms (cache hit)
2857 http cache @react-native/normalize-colors@https://registry.npmjs.org/@react-native/normalize-colors/-/normalize-colors-0.86.0.tgz 0ms (cache hit)
2858 http cache @react-native/js-polyfills@https://registry.npmjs.org/@react-native/js-polyfills/-/js-polyfills-0.86.0.tgz 0ms (cache hit)
2859 http cache inherits@https://registry.npmjs.org/inherits/-/inherits-2.0.4.tgz 0ms (cache hit)
2860 http cache tinyglobby@https://registry.npmjs.org/tinyglobby/-/tinyglobby-0.2.17.tgz 0ms (cache hit)
2861 http cache @react-native/community-cli-plugin@https://registry.npmjs.org/@react-native/community-cli-plugin/-/community-cli-plugin-0.86.0.tgz 0ms (cache hit)
2862 http cache @react-native/gradle-plugin@https://registry.npmjs.org/@react-native/gradle-plugin/-/gradle-plugin-0.86.0.tgz 0ms (cache hit)
2863 http cache react-is@https://registry.npmjs.org/react-is/-/react-is-18.3.1.tgz 0ms (cache hit)
2864 http cache @react-native/dev-middleware@https://registry.npmjs.org/@react-native/dev-middleware/-/dev-middleware-0.86.0.tgz 0ms (cache hit)
2865 http cache @react-native/assets-registry@https://registry.npmjs.org/@react-native/assets-registry/-/assets-registry-0.86.0.tgz 0ms (cache hit)
2866 http cache @react-native/codegen@https://registry.npmjs.org/@react-native/codegen/-/codegen-0.86.0.tgz 0ms (cache hit)
2867 http cache brace-expansion@https://registry.npmjs.org/brace-expansion/-/brace-expansion-5.0.7.tgz 0ms (cache hit)
2868 http cache to-regex-range@https://registry.npmjs.org/to-regex-range/-/to-regex-range-5.0.1.tgz 0ms (cache hit)
2869 http cache balanced-match@https://registry.npmjs.org/balanced-match/-/balanced-match-4.0.4.tgz 0ms (cache hit)
2870 http cache fill-range@https://registry.npmjs.org/fill-range/-/fill-range-7.1.1.tgz 0ms (cache hit)
2871 http cache braces@https://registry.npmjs.org/braces/-/braces-3.0.3.tgz 0ms (cache hit)
2872 http cache memoize-one@https://registry.npmjs.org/memoize-one/-/memoize-one-5.2.1.tgz 0ms (cache hit)
2873 http cache terser@https://registry.npmjs.org/terser/-/terser-5.49.0.tgz 0ms (cache hit)
2874 http cache node-int64@https://registry.npmjs.org/node-int64/-/node-int64-0.4.0.tgz 0ms (cache hit)
2875 http cache ee-first@https://registry.npmjs.org/ee-first/-/ee-first-1.1.1.tgz 0ms (cache hit)
2876 http cache walker@https://registry.npmjs.org/walker/-/walker-1.0.8.tgz 0ms (cache hit)
2877 http cache mime-db@https://registry.npmjs.org/mime-db/-/mime-db-1.54.0.tgz 0ms (cache hit)
2878 http cache fb-watchman@https://registry.npmjs.org/fb-watchman/-/fb-watchman-2.0.2.tgz 0ms (cache hit)
2879 http cache micromatch@https://registry.npmjs.org/micromatch/-/micromatch-4.0.8.tgz 0ms (cache hit)
2880 http cache leven@https://registry.npmjs.org/leven/-/leven-3.1.0.tgz 0ms (cache hit)
2881 http cache jest-get-type@https://registry.npmjs.org/jest-get-type/-/jest-get-type-29.6.3.tgz 0ms (cache hit)
2882 http cache vlq@https://registry.npmjs.org/vlq/-/vlq-1.0.1.tgz 0ms (cache hit)
2883 http cache yaml@https://registry.npmjs.org/yaml/-/yaml-2.9.0.tgz 0ms (cache hit)
2884 http cache https-proxy-agent@https://registry.npmjs.org/https-proxy-agent/-/https-proxy-agent-7.0.6.tgz 0ms (cache hit)
2885 http cache jest-validate@https://registry.npmjs.org/jest-validate/-/jest-validate-29.7.0.tgz 0ms (cache hit)
2886 http cache agent-base@https://registry.npmjs.org/agent-base/-/agent-base-7.1.4.tgz 0ms (cache hit)
2887 http cache ob1@https://registry.npmjs.org/ob1/-/ob1-0.84.4.tgz 0ms (cache hit)
2888 http cache bser@https://registry.npmjs.org/bser/-/bser-2.1.1.tgz 0ms (cache hit)
2889 http cache exponential-backoff@https://registry.npmjs.org/exponential-backoff/-/exponential-backoff-3.1.3.tgz 0ms (cache hit)
2890 http cache camelcase@https://registry.npmjs.org/camelcase/-/camelcase-6.3.0.tgz 0ms (cache hit)
2891 http cache @sinclair/typebox@https://registry.npmjs.org/@sinclair/typebox/-/typebox-0.27.10.tgz 0ms (cache hit)
2892 http cache @types/istanbul-lib-report@https://registry.npmjs.org/@types/istanbul-lib-report/-/istanbul-lib-report-3.0.3.tgz 0ms (cache hit)
2893 http cache @types/yargs@https://registry.npmjs.org/@types/yargs/-/yargs-17.0.35.tgz 0ms (cache hit)
2894 http cache @types/istanbul-lib-coverage@https://registry.npmjs.org/@types/istanbul-lib-coverage/-/istanbul-lib-coverage-2.0.6.tgz 0ms (cache hit)
2895 http cache @types/istanbul-reports@https://registry.npmjs.org/@types/istanbul-reports/-/istanbul-reports-3.0.4.tgz 0ms (cache hit)
2896 http cache undici-types@https://registry.npmjs.org/undici-types/-/undici-types-8.3.0.tgz 0ms (cache hit)
2897 http cache @types/yargs-parser@https://registry.npmjs.org/@types/yargs-parser/-/yargs-parser-21.0.3.tgz 0ms (cache hit)
2898 http cache @jest/schemas@https://registry.npmjs.org/@jest/schemas/-/schemas-29.6.3.tgz 0ms (cache hit)
2899 http cache jest-util@https://registry.npmjs.org/jest-util/-/jest-util-29.7.0.tgz 0ms (cache hit)
2900 http cache queue@https://registry.npmjs.org/queue/-/queue-6.0.2.tgz 0ms (cache hit)
2901 http cache hermes-estree@https://registry.npmjs.org/hermes-estree/-/hermes-estree-0.35.0.tgz 0ms (cache hit)
2902 http cache unpipe@https://registry.npmjs.org/unpipe/-/unpipe-1.0.0.tgz 0ms (cache hit)
2903 http cache picomatch@https://registry.npmjs.org/picomatch/-/picomatch-2.3.2.tgz 0ms (cache hit)
2904 http cache @types/node@https://registry.npmjs.org/@types/node/-/node-26.1.1.tgz 0ms (cache hit)
2905 http cache @jest/types@https://registry.npmjs.org/@jest/types/-/types-29.6.3.tgz 0ms (cache hit)
2906 http cache on-finished@https://registry.npmjs.org/on-finished/-/on-finished-2.3.0.tgz 0ms (cache hit)
2907 http cache encodeurl@https://registry.npmjs.org/encodeurl/-/encodeurl-1.0.2.tgz 0ms (cache hit)
2908 http cache stackframe@https://registry.npmjs.org/stackframe/-/stackframe-1.3.4.tgz 0ms (cache hit)
2909 http cache utils-merge@https://registry.npmjs.org/utils-merge/-/utils-merge-1.0.1.tgz 0ms (cache hit)
2910 http cache escape-html@https://registry.npmjs.org/escape-html/-/escape-html-1.0.3.tgz 0ms (cache hit)
2911 http cache finalhandler@https://registry.npmjs.org/finalhandler/-/finalhandler-1.1.2.tgz 0ms (cache hit)
2912 http cache negotiator@https://registry.npmjs.org/negotiator/-/negotiator-1.0.0.tgz 0ms (cache hit)
2913 http cache yargs@https://registry.npmjs.org/yargs/-/yargs-17.7.3.tgz 0ms (cache hit)
2914 http cache ws@https://registry.npmjs.org/ws/-/ws-7.5.12.tgz 0ms (cache hit)
2915 http cache parseurl@https://registry.npmjs.org/parseurl/-/parseurl-1.3.3.tgz 0ms (cache hit)
2916 http cache serialize-error@https://registry.npmjs.org/serialize-error/-/serialize-error-2.1.0.tgz 0ms (cache hit)
2917 http cache mime-types@https://registry.npmjs.org/mime-types/-/mime-types-3.0.2.tgz 0ms (cache hit)
2918 http cache source-map@https://registry.npmjs.org/source-map/-/source-map-0.5.7.tgz 0ms (cache hit)
2919 http cache merge-stream@https://registry.npmjs.org/merge-stream/-/merge-stream-2.0.0.tgz 0ms (cache hit)
2920 http cache statuses@https://registry.npmjs.org/statuses/-/statuses-1.5.0.tgz 0ms (cache hit)
2921 http cache lodash.throttle@https://registry.npmjs.org/lodash.throttle/-/lodash.throttle-4.1.1.tgz 0ms (cache hit)
2922 http cache jsc-safe-url@https://registry.npmjs.org/jsc-safe-url/-/jsc-safe-url-0.2.4.tgz 0ms (cache hit)
2923 http cache jest-worker@https://registry.npmjs.org/jest-worker/-/jest-worker-29.7.0.tgz 0ms (cache hit)
2924 http cache nullthrows@https://registry.npmjs.org/nullthrows/-/nullthrows-1.1.1.tgz 0ms (cache hit)
2925 http cache image-size@https://registry.npmjs.org/image-size/-/image-size-1.2.1.tgz 0ms (cache hit)
2926 http cache hermes-parser@https://registry.npmjs.org/hermes-parser/-/hermes-parser-0.35.0.tgz 0ms (cache hit)
2927 http cache graceful-fs@https://registry.npmjs.org/graceful-fs/-/graceful-fs-4.2.11.tgz 0ms (cache hit)
2928 http cache error-stack-parser@https://registry.npmjs.org/error-stack-parser/-/error-stack-parser-2.1.4.tgz 0ms (cache hit)
2929 http cache throat@https://registry.npmjs.org/throat/-/throat-5.0.0.tgz 0ms (cache hit)
2930 http cache ci-info@https://registry.npmjs.org/ci-info/-/ci-info-2.0.0.tgz 0ms (cache hit)
2931 http cache connect@https://registry.npmjs.org/connect/-/connect-3.7.0.tgz 0ms (cache hit)
2932 http cache accepts@https://registry.npmjs.org/accepts/-/accepts-2.0.0.tgz 0ms (cache hit)
2933 http cache flow-enums-runtime@https://registry.npmjs.org/flow-enums-runtime/-/flow-enums-runtime-0.0.6.tgz 0ms (cache hit)
2934 http cache minipass@https://registry.npmjs.org/minipass/-/minipass-7.1.3.tgz 0ms (cache hit)
2935 http cache yallist@https://registry.npmjs.org/yallist/-/yallist-3.1.1.tgz 0ms (cache hit)
2936 http cache path-scurry@https://registry.npmjs.org/path-scurry/-/path-scurry-2.0.2.tgz 0ms (cache hit)
2937 http cache @expo/expo-modules-macros-plugin@https://registry.npmjs.org/@expo/expo-modules-macros-plugin/-/expo-modules-macros-plugin-0.6.1.tgz 0ms (cache hit)
2938 http cache expo-modules-jsi@https://registry.npmjs.org/expo-modules-jsi/-/expo-modules-jsi-57.0.3.tgz 0ms (cache hit)
2939 http cache commander@https://registry.npmjs.org/commander/-/commander-7.2.0.tgz 0ms (cache hit)
2940 http cache ms@https://registry.npmjs.org/ms/-/ms-2.1.3.tgz 0ms (cache hit)
2941 http cache shebang-command@https://registry.npmjs.org/shebang-command/-/shebang-command-2.0.0.tgz 0ms (cache hit)
2942 http cache path-key@https://registry.npmjs.org/path-key/-/path-key-3.1.1.tgz 0ms (cache hit)
2943 http cache color-name@https://registry.npmjs.org/color-name/-/color-name-1.1.4.tgz 0ms (cache hit)
2944 http cache invariant@https://registry.npmjs.org/invariant/-/invariant-2.2.4.tgz 0ms (cache hit)
2945 http cache which@https://registry.npmjs.org/which/-/which-2.0.2.tgz 0ms (cache hit)
2946 http cache color-convert@https://registry.npmjs.org/color-convert/-/color-convert-2.0.1.tgz 0ms (cache hit)
2947 http cache supports-color@https://registry.npmjs.org/supports-color/-/supports-color-7.2.0.tgz 0ms (cache hit)
2948 http cache ansi-styles@https://registry.npmjs.org/ansi-styles/-/ansi-styles-4.3.0.tgz 0ms (cache hit)
2949 http cache update-browserslist-db@https://registry.npmjs.org/update-browserslist-db/-/update-browserslist-db-1.2.3.tgz 0ms (cache hit)
2950 http cache node-releases@https://registry.npmjs.org/node-releases/-/node-releases-2.0.51.tgz 0ms (cache hit)
2951 http cache loose-envify@https://registry.npmjs.org/loose-envify/-/loose-envify-1.4.0.tgz 0ms (cache hit)
2952 http cache caniuse-lite@https://registry.npmjs.org/caniuse-lite/-/caniuse-lite-1.0.30001805.tgz 0ms (cache hit)
2953 http cache baseline-browser-mapping@https://registry.npmjs.org/baseline-browser-mapping/-/baseline-browser-mapping-2.10.43.tgz 0ms (cache hit)
2954 http cache @jridgewell/resolve-uri@https://registry.npmjs.org/@jridgewell/resolve-uri/-/resolve-uri-3.1.2.tgz 0ms (cache hit)
2955 http cache cross-spawn@https://registry.npmjs.org/cross-spawn/-/cross-spawn-7.0.6.tgz 0ms (cache hit)
2956 http cache lru-cache@https://registry.npmjs.org/lru-cache/-/lru-cache-5.1.1.tgz 1ms (cache hit)
2957 http cache electron-to-chromium@https://registry.npmjs.org/electron-to-chromium/-/electron-to-chromium-1.5.392.tgz 0ms (cache hit)
2958 http cache @babel/helper-string-parser@https://registry.npmjs.org/@babel/helper-string-parser/-/helper-string-parser-7.29.7.tgz 0ms (cache hit)
2959 http cache @babel/helper-plugin-utils@https://registry.npmjs.org/@babel/helper-plugin-utils/-/helper-plugin-utils-7.29.7.tgz 0ms (cache hit)
2960 http cache jsesc@https://registry.npmjs.org/jsesc/-/jsesc-3.1.0.tgz 0ms (cache hit)
2961 http cache browserslist@https://registry.npmjs.org/browserslist/-/browserslist-4.28.6.tgz 0ms (cache hit)
2962 http cache @babel/helper-globals@https://registry.npmjs.org/@babel/helper-globals/-/helper-globals-7.29.7.tgz 0ms (cache hit)
2963 http cache @jridgewell/sourcemap-codec@https://registry.npmjs.org/@jridgewell/sourcemap-codec/-/sourcemap-codec-1.5.5.tgz 0ms (cache hit)
2964 http cache @babel/compat-data@https://registry.npmjs.org/@babel/compat-data/-/compat-data-7.29.7.tgz 0ms (cache hit)
2965 http cache gensync@https://registry.npmjs.org/gensync/-/gensync-1.0.0-beta.2.tgz 0ms (cache hit)
2966 http cache convert-source-map@https://registry.npmjs.org/convert-source-map/-/convert-source-map-2.0.0.tgz 0ms (cache hit)
2967 http cache @babel/types@https://registry.npmjs.org/@babel/types/-/types-7.29.7.tgz 0ms (cache hit)
2968 http cache @jridgewell/trace-mapping@https://registry.npmjs.org/@jridgewell/trace-mapping/-/trace-mapping-0.3.31.tgz 0ms (cache hit)
2969 http cache @jridgewell/gen-mapping@https://registry.npmjs.org/@jridgewell/gen-mapping/-/gen-mapping-0.3.13.tgz 0ms (cache hit)
2970 http cache @jridgewell/remapping@https://registry.npmjs.org/@jridgewell/remapping/-/remapping-2.3.5.tgz 0ms (cache hit)
2971 http cache @babel/traverse@https://registry.npmjs.org/@babel/traverse/-/traverse-7.29.7.tgz 0ms (cache hit)
2972 http cache @babel/template@https://registry.npmjs.org/@babel/template/-/template-7.29.7.tgz 0ms (cache hit)
2973 http cache @babel/helper-validator-option@https://registry.npmjs.org/@babel/helper-validator-option/-/helper-validator-option-7.29.7.tgz 0ms (cache hit)
2974 http cache @babel/helper-module-imports@https://registry.npmjs.org/@babel/helper-module-imports/-/helper-module-imports-7.29.7.tgz 0ms (cache hit)
2975 http cache @babel/helper-module-transforms@https://registry.npmjs.org/@babel/helper-module-transforms/-/helper-module-transforms-7.29.7.tgz 0ms (cache hit)
2976 http cache @babel/generator@https://registry.npmjs.org/@babel/generator/-/generator-7.29.7.tgz 0ms (cache hit)
2977 http cache @babel/parser@https://registry.npmjs.org/@babel/parser/-/parser-7.29.7.tgz 0ms (cache hit)
2978 http cache xmlbuilder@https://registry.npmjs.org/xmlbuilder/-/xmlbuilder-15.1.1.tgz 0ms (cache hit)
2979 http cache @babel/helpers@https://registry.npmjs.org/@babel/helpers/-/helpers-7.29.7.tgz 0ms (cache hit)
2980 http cache @babel/core@https://registry.npmjs.org/@babel/core/-/core-7.29.7.tgz 0ms (cache hit)
2981 http cache base64-js@https://registry.npmjs.org/base64-js/-/base64-js-1.5.1.tgz 0ms (cache hit)
2982 http cache @babel/helper-compilation-targets@https://registry.npmjs.org/@babel/helper-compilation-targets/-/helper-compilation-targets-7.29.7.tgz 0ms (cache hit)
2983 http cache @babel/plugin-transform-modules-commonjs@https://registry.npmjs.org/@babel/plugin-transform-modules-commonjs/-/plugin-transform-modules-commonjs-7.29.7.tgz 0ms (cache hit)
2984 http cache @xmldom/xmldom@https://registry.npmjs.org/@xmldom/xmldom/-/xmldom-0.8.13.tgz 0ms (cache hit)
2985 http cache metro-source-map@https://registry.npmjs.org/metro-source-map/-/metro-source-map-0.84.4.tgz 0ms (cache hit)
2986 http cache metro-runtime@https://registry.npmjs.org/metro-runtime/-/metro-runtime-0.84.4.tgz 0ms (cache hit)
2987 http cache metro-symbolicate@https://registry.npmjs.org/metro-symbolicate/-/metro-symbolicate-0.84.4.tgz 0ms (cache hit)
2988 http cache metro-file-map@https://registry.npmjs.org/metro-file-map/-/metro-file-map-0.84.4.tgz 0ms (cache hit)
2989 http cache metro-transform-plugins@https://registry.npmjs.org/metro-transform-plugins/-/metro-transform-plugins-0.84.4.tgz 0ms (cache hit)
2990 http cache metro-core@https://registry.npmjs.org/metro-core/-/metro-core-0.84.4.tgz 0ms (cache hit)
2991 http cache metro-config@https://registry.npmjs.org/metro-config/-/metro-config-0.84.4.tgz 0ms (cache hit)
2992 http cache metro-cache@https://registry.npmjs.org/metro-cache/-/metro-cache-0.84.4.tgz 0ms (cache hit)
2993 http cache metro-babel-transformer@https://registry.npmjs.org/metro-babel-transformer/-/metro-babel-transformer-0.84.4.tgz 0ms (cache hit)
2994 http cache metro-resolver@https://registry.npmjs.org/metro-resolver/-/metro-resolver-0.84.4.tgz 0ms (cache hit)
2995 http cache @babel/helper-validator-identifier@https://registry.npmjs.org/@babel/helper-validator-identifier/-/helper-validator-identifier-7.29.7.tgz 0ms (cache hit)
2996 http cache metro@https://registry.npmjs.org/metro/-/metro-0.84.4.tgz 0ms (cache hit)
2997 http cache metro-transform-worker@https://registry.npmjs.org/metro-transform-worker/-/metro-transform-worker-0.84.4.tgz 0ms (cache hit)
2998 http cache metro-minify-terser@https://registry.npmjs.org/metro-minify-terser/-/metro-minify-terser-0.84.4.tgz 0ms (cache hit)
2999 http cache @babel/code-frame@https://registry.npmjs.org/@babel/code-frame/-/code-frame-7.29.7.tgz 0ms (cache hit)
3000 http cache picocolors@https://registry.npmjs.org/picocolors/-/picocolors-1.1.1.tgz 0ms (cache hit)
3001 http cache json5@https://registry.npmjs.org/json5/-/json5-2.2.3.tgz 0ms (cache hit)
3002 http cache @expo/spawn-async@https://registry.npmjs.org/@expo/spawn-async/-/spawn-async-1.8.0.tgz 0ms (cache hit)
3003 http cache metro-cache-key@https://registry.npmjs.org/metro-cache-key/-/metro-cache-key-0.84.4.tgz 0ms (cache hit)
3004 http cache minimatch@https://registry.npmjs.org/minimatch/-/minimatch-10.2.5.tgz 0ms (cache hit)
3005 http cache @expo/env@https://registry.npmjs.org/@expo/env/-/env-2.4.2.tgz 0ms (cache hit)
3006 http cache arg@https://registry.npmjs.org/arg/-/arg-5.0.2.tgz 0ms (cache hit)
3007 http cache ignore@https://registry.npmjs.org/ignore/-/ignore-5.3.2.tgz 0ms (cache hit)
3008 http cache js-tokens@https://registry.npmjs.org/js-tokens/-/js-tokens-4.0.0.tgz 0ms (cache hit)
3009 http cache resolve-from@https://registry.npmjs.org/resolve-from/-/resolve-from-5.0.0.tgz 0ms (cache hit)
3010 http cache debug@https://registry.npmjs.org/debug/-/debug-4.4.3.tgz 0ms (cache hit)
3011 http cache xml2js@https://registry.npmjs.org/xml2js/-/xml2js-0.6.0.tgz 0ms (cache hit)
3012 http cache chalk@https://registry.npmjs.org/chalk/-/chalk-4.1.2.tgz 0ms (cache hit)
3013 http cache @expo/plist@https://registry.npmjs.org/@expo/plist/-/plist-0.8.1.tgz 0ms (cache hit)
3014 http cache xcode@https://registry.npmjs.org/xcode/-/xcode-3.0.1.tgz 0ms (cache hit)
3015 http cache slugify@https://registry.npmjs.org/slugify/-/slugify-1.6.9.tgz 0ms (cache hit)
3016 http cache @expo/sdk-runtime-versions@https://registry.npmjs.org/@expo/sdk-runtime-versions/-/sdk-runtime-versions-1.0.0.tgz 0ms (cache hit)
3017 http cache resolve-workspace-root@https://registry.npmjs.org/resolve-workspace-root/-/resolve-workspace-root-2.0.1.tgz 0ms (cache hit)
3018 http cache getenv@https://registry.npmjs.org/getenv/-/getenv-2.0.0.tgz 0ms (cache hit)
3019 http cache deepmerge@https://registry.npmjs.org/deepmerge/-/deepmerge-4.3.1.tgz 0ms (cache hit)
3020 http cache whatwg-url-minimum@https://registry.npmjs.org/whatwg-url-minimum/-/whatwg-url-minimum-0.1.2.tgz 0ms (cache hit)
3021 http cache @expo/json-file@https://registry.npmjs.org/@expo/json-file/-/json-file-11.0.1.tgz 0ms (cache hit)
3022 http cache @expo/require-utils@https://registry.npmjs.org/@expo/require-utils/-/require-utils-57.0.3.tgz 0ms (cache hit)
3023 http cache @expo/config-types@https://registry.npmjs.org/@expo/config-types/-/config-types-57.0.2.tgz 0ms (cache hit)
3024 http cache expo-modules-core@https://registry.npmjs.org/expo-modules-core/-/expo-modules-core-57.0.5.tgz 0ms (cache hit)
3025 http cache glob@https://registry.npmjs.org/glob/-/glob-13.0.6.tgz 0ms (cache hit)
3026 http cache @expo/metro@https://registry.npmjs.org/@expo/metro/-/metro-56.0.0.tgz 0ms (cache hit)
3027 http cache expo-modules-autolinking@https://registry.npmjs.org/expo-modules-autolinking/-/expo-modules-autolinking-57.0.7.tgz 0ms (cache hit)
3028 http cache pretty-format@https://registry.npmjs.org/pretty-format/-/pretty-format-29.7.0.tgz 0ms (cache hit)
3029 http cache @ungap/structured-clone@https://registry.npmjs.org/@ungap/structured-clone/-/structured-clone-1.3.3.tgz 0ms (cache hit)
3030 http cache @expo/devtools@https://registry.npmjs.org/@expo/devtools/-/devtools-57.0.1.tgz 0ms (cache hit)
3031 http cache react-refresh@https://registry.npmjs.org/react-refresh/-/react-refresh-0.14.2.tgz 0ms (cache hit)
3032 http cache @babel/runtime@https://registry.npmjs.org/@babel/runtime/-/runtime-7.29.7.tgz 0ms (cache hit)
3033 http cache csstype@https://registry.npmjs.org/csstype/-/csstype-3.2.3.tgz 0ms (cache hit)
3034 http cache @expo/config-plugins@https://registry.npmjs.org/@expo/config-plugins/-/config-plugins-57.0.5.tgz 0ms (cache hit)
3035 http cache semver@https://registry.npmjs.org/semver/-/semver-7.8.5.tgz 0ms (cache hit)
3036 http cache @expo/fingerprint@https://registry.npmjs.org/@expo/fingerprint/-/fingerprint-0.20.5.tgz 0ms (cache hit)
3037 http cache typescript@https://registry.npmjs.org/typescript/-/typescript-6.0.3.tgz 0ms (cache hit)
3038 http cache expo-status-bar@https://registry.npmjs.org/expo-status-bar/-/expo-status-bar-57.0.1.tgz 0ms (cache hit)
3039 http cache expo-secure-store@https://registry.npmjs.org/expo-secure-store/-/expo-secure-store-57.0.1.tgz 0ms (cache hit)
3040 http cache react@https://registry.npmjs.org/react/-/react-19.2.3.tgz 0ms (cache hit)
3041 http cache @expo/local-build-cache-provider@https://registry.npmjs.org/@expo/local-build-cache-provider/-/local-build-cache-provider-57.0.4.tgz 0ms (cache hit)
3042 http cache @expo/config@https://registry.npmjs.org/@expo/config/-/config-57.0.5.tgz 0ms (cache hit)
3043 http cache expo@https://registry.npmjs.org/expo/-/expo-57.0.6.tgz 0ms (cache hit)
3044 http cache react-native@https://registry.npmjs.org/react-native/-/react-native-0.86.0.tgz 0ms (cache hit)
3045 http cache semver@https://registry.npmjs.org/semver/-/semver-6.3.1.tgz 0ms (cache hit)
3046 http cache semver@https://registry.npmjs.org/semver/-/semver-6.3.1.tgz 0ms (cache hit)
3047 http cache @types/react@https://registry.npmjs.org/@types/react/-/react-19.2.17.tgz 0ms (cache hit)
3048 http cache has-flag@https://registry.npmjs.org/has-flag/-/has-flag-3.0.0.tgz 0ms (cache hit)
3049 http cache type-fest@https://registry.npmjs.org/type-fest/-/type-fest-0.21.3.tgz 0ms (cache hit)
3050 http cache color-name@https://registry.npmjs.org/color-name/-/color-name-1.1.3.tgz 0ms (cache hit)
3051 http cache semver@https://registry.npmjs.org/semver/-/semver-6.3.1.tgz 1ms (cache hit)
3052 http cache supports-color@https://registry.npmjs.org/supports-color/-/supports-color-5.5.0.tgz 0ms (cache hit)
3053 http cache escape-string-regexp@https://registry.npmjs.org/escape-string-regexp/-/escape-string-regexp-1.0.5.tgz 0ms (cache hit)
3054 http cache semver@https://registry.npmjs.org/semver/-/semver-6.3.1.tgz 0ms (cache hit)
3055 http cache ansi-styles@https://registry.npmjs.org/ansi-styles/-/ansi-styles-3.2.1.tgz 0ms (cache hit)
3056 http cache has-flag@https://registry.npmjs.org/has-flag/-/has-flag-3.0.0.tgz 0ms (cache hit)
3057 http cache lru-cache@https://registry.npmjs.org/lru-cache/-/lru-cache-10.4.3.tgz 0ms (cache hit)
3058 http cache ansi-regex@https://registry.npmjs.org/ansi-regex/-/ansi-regex-4.1.1.tgz 0ms (cache hit)
3059 http cache color-convert@https://registry.npmjs.org/color-convert/-/color-convert-1.9.3.tgz 0ms (cache hit)
3060 http cache supports-color@https://registry.npmjs.org/supports-color/-/supports-color-5.5.0.tgz 0ms (cache hit)
3061 http cache color-convert@https://registry.npmjs.org/color-convert/-/color-convert-1.9.3.tgz 0ms (cache hit)
3062 http cache color-name@https://registry.npmjs.org/color-name/-/color-name-1.1.3.tgz 0ms (cache hit)
3063 http cache chalk@https://registry.npmjs.org/chalk/-/chalk-2.4.2.tgz 0ms (cache hit)
3064 http cache strip-ansi@https://registry.npmjs.org/strip-ansi/-/strip-ansi-5.2.0.tgz 0ms (cache hit)
3065 http cache escape-string-regexp@https://registry.npmjs.org/escape-string-regexp/-/escape-string-regexp-1.0.5.tgz 0ms (cache hit)
3066 http cache chalk@https://registry.npmjs.org/chalk/-/chalk-2.4.2.tgz 0ms (cache hit)
3067 http cache ansi-styles@https://registry.npmjs.org/ansi-styles/-/ansi-styles-3.2.1.tgz 0ms (cache hit)
3068 http cache negotiator@https://registry.npmjs.org/negotiator/-/negotiator-0.6.4.tgz 0ms (cache hit)
3069 http cache statuses@https://registry.npmjs.org/statuses/-/statuses-2.0.2.tgz 0ms (cache hit)
3070 http cache on-finished@https://registry.npmjs.org/on-finished/-/on-finished-2.4.1.tgz 0ms (cache hit)
3071 http cache ms@https://registry.npmjs.org/ms/-/ms-2.0.0.tgz 0ms (cache hit)
3072 http cache debug@https://registry.npmjs.org/debug/-/debug-3.2.7.tgz 0ms (cache hit)
3073 http cache source-map@https://registry.npmjs.org/source-map/-/source-map-0.6.1.tgz 0ms (cache hit)
3074 http cache @xmldom/xmldom@https://registry.npmjs.org/@xmldom/xmldom/-/xmldom-0.9.10.tgz 0ms (cache hit)
3075 http cache debug@https://registry.npmjs.org/debug/-/debug-2.6.9.tgz 0ms (cache hit)
3076 http cache encodeurl@https://registry.npmjs.org/encodeurl/-/encodeurl-2.0.0.tgz 0ms (cache hit)
3077 http cache debug@https://registry.npmjs.org/debug/-/debug-2.6.9.tgz 0ms (cache hit)
3078 http cache statuses@https://registry.npmjs.org/statuses/-/statuses-2.0.2.tgz 0ms (cache hit)
3079 http cache debug@https://registry.npmjs.org/debug/-/debug-2.6.9.tgz 0ms (cache hit)
3080 http cache ms@https://registry.npmjs.org/ms/-/ms-2.0.0.tgz 0ms (cache hit)
3081 http cache encodeurl@https://registry.npmjs.org/encodeurl/-/encodeurl-2.0.0.tgz 0ms (cache hit)
3082 http cache picomatch@https://registry.npmjs.org/picomatch/-/picomatch-4.0.5.tgz 0ms (cache hit)
3083 http cache ms@https://registry.npmjs.org/ms/-/ms-2.0.0.tgz 0ms (cache hit)
3084 http cache hermes-parser@https://registry.npmjs.org/hermes-parser/-/hermes-parser-0.36.0.tgz 0ms (cache hit)
3085 http cache fdir@https://registry.npmjs.org/fdir/-/fdir-6.5.0.tgz 0ms (cache hit)
3086 http cache commander@https://registry.npmjs.org/commander/-/commander-2.20.3.tgz 0ms (cache hit)
3087 http cache hermes-parser@https://registry.npmjs.org/hermes-parser/-/hermes-parser-0.36.0.tgz 0ms (cache hit)
3088 http cache ci-info@https://registry.npmjs.org/ci-info/-/ci-info-3.9.0.tgz 0ms (cache hit)
3089 http cache hermes-estree@https://registry.npmjs.org/hermes-estree/-/hermes-estree-0.36.0.tgz 0ms (cache hit)
3090 http cache fb-dotslash@https://registry.npmjs.org/fb-dotslash/-/fb-dotslash-0.5.8.tgz 0ms (cache hit)
3091 http cache debug@https://registry.npmjs.org/debug/-/debug-2.6.9.tgz 0ms (cache hit)
3092 http cache hermes-estree@https://registry.npmjs.org/hermes-estree/-/hermes-estree-0.36.0.tgz 0ms (cache hit)
3093 http cache ms@https://registry.npmjs.org/ms/-/ms-2.0.0.tgz 0ms (cache hit)
3094 http cache ms@https://registry.npmjs.org/ms/-/ms-2.0.0.tgz 0ms (cache hit)
3095 http cache supports-color@https://registry.npmjs.org/supports-color/-/supports-color-8.1.1.tgz 0ms (cache hit)
3096 http cache lru-cache@https://registry.npmjs.org/lru-cache/-/lru-cache-11.5.2.tgz 0ms (cache hit)
3097 http cache xmlbuilder@https://registry.npmjs.org/xmlbuilder/-/xmlbuilder-11.0.1.tgz 0ms (cache hit)
3098 http cache ansi-styles@https://registry.npmjs.org/ansi-styles/-/ansi-styles-5.2.0.tgz 0ms (cache hit)
3099 http cache semver@https://registry.npmjs.org/semver/-/semver-6.3.1.tgz 0ms (cache hit)
3100 http cache hermes-estree@https://registry.npmjs.org/hermes-estree/-/hermes-estree-0.36.1.tgz 0ms (cache hit)
3101 http cache debug@https://registry.npmjs.org/debug/-/debug-2.6.9.tgz 0ms (cache hit)
3102 http cache mime-db@https://registry.npmjs.org/mime-db/-/mime-db-1.52.0.tgz 0ms (cache hit)
3103 http cache mime-types@https://registry.npmjs.org/mime-types/-/mime-types-2.1.35.tgz 0ms (cache hit)
3104 http cache negotiator@https://registry.npmjs.org/negotiator/-/negotiator-0.6.3.tgz 0ms (cache hit)
3105 http cache @expo/ws-tunnel@https://registry.npmjs.org/@expo/ws-tunnel/-/ws-tunnel-2.0.0.tgz 0ms (cache hit)
3106 http cache semver@https://registry.npmjs.org/semver/-/semver-6.3.1.tgz 0ms (cache hit)
3107 http cache ci-info@https://registry.npmjs.org/ci-info/-/ci-info-3.9.0.tgz 0ms (cache hit)
3108 http cache commander@https://registry.npmjs.org/commander/-/commander-12.1.0.tgz 0ms (cache hit)
3109 http cache ws@https://registry.npmjs.org/ws/-/ws-8.21.1.tgz 0ms (cache hit)
3110 http cache expo-font@https://registry.npmjs.org/expo-font/-/expo-font-57.0.1.tgz 0ms (cache hit)
3111 http cache picomatch@https://registry.npmjs.org/picomatch/-/picomatch-4.0.5.tgz 0ms (cache hit)
3112 http cache accepts@https://registry.npmjs.org/accepts/-/accepts-1.3.8.tgz 0ms (cache hit)
3113 http cache expo-file-system@https://registry.npmjs.org/expo-file-system/-/expo-file-system-57.0.1.tgz 0ms (cache hit)
3114 http cache expo-constants@https://registry.npmjs.org/expo-constants/-/expo-constants-57.0.5.tgz 0ms (cache hit)
3115 http cache expo-keep-awake@https://registry.npmjs.org/expo-keep-awake/-/expo-keep-awake-57.0.1.tgz 0ms (cache hit)
3116 http cache @expo/metro-config@https://registry.npmjs.org/@expo/metro-config/-/metro-config-57.0.5.tgz 0ms (cache hit)
3117 http cache expo-asset@https://registry.npmjs.org/expo-asset/-/expo-asset-57.0.5.tgz 0ms (cache hit)
3118 http cache babel-preset-expo@https://registry.npmjs.org/babel-preset-expo/-/babel-preset-expo-57.0.3.tgz 0ms (cache hit)
3119 http cache @expo/dom-webview@https://registry.npmjs.org/@expo/dom-webview/-/dom-webview-57.0.1.tgz 0ms (cache hit)
3120 http cache @expo/log-box@https://registry.npmjs.org/@expo/log-box/-/log-box-57.0.1.tgz 0ms (cache hit)
3121 silly tarball no local data for fontfaceobserver@https://registry.npmjs.org/fontfaceobserver/-/fontfaceobserver-2.3.0.tgz. Extracting by manifest.
3122 silly tarball no local data for function-bind@https://registry.npmjs.org/function-bind/-/function-bind-1.1.2.tgz. Extracting by manifest.
3123 http cache @expo/cli@https://registry.npmjs.org/@expo/cli/-/cli-57.0.8.tgz 0ms (cache hit)
3124 silly tarball no local data for unicode-property-aliases-ecmascript@https://registry.npmjs.org/unicode-property-aliases-ecmascript/-/unicode-property-aliases-ecmascript-2.2.0.tgz. Extracting by manifest.
3125 silly tarball no local data for unicode-canonical-property-names-ecmascript@https://registry.npmjs.org/unicode-canonical-property-names-ecmascript/-/unicode-canonical-property-names-ecmascript-2.0.1.tgz. Extracting by manifest.
3126 silly tarball no local data for path-parse@https://registry.npmjs.org/path-parse/-/path-parse-1.0.7.tgz. Extracting by manifest.
3127 silly tarball no local data for hasown@https://registry.npmjs.org/hasown/-/hasown-2.0.4.tgz. Extracting by manifest.
3128 silly tarball no local data for is-core-module@https://registry.npmjs.org/is-core-module/-/is-core-module-2.16.2.tgz. Extracting by manifest.
3129 silly tarball no local data for supports-preserve-symlinks-flag@https://registry.npmjs.org/supports-preserve-symlinks-flag/-/supports-preserve-symlinks-flag-1.0.0.tgz. Extracting by manifest.
3130 http cache hermes-parser@https://registry.npmjs.org/hermes-parser/-/hermes-parser-0.36.1.tgz 10ms (cache hit)
3131 silly tarball no local data for unicode-match-property-value-ecmascript@https://registry.npmjs.org/unicode-match-property-value-ecmascript/-/unicode-match-property-value-ecmascript-2.2.1.tgz. Extracting by manifest.
3132 http cache @expo/router-server@https://registry.npmjs.org/@expo/router-server/-/router-server-57.0.3.tgz 0ms (cache hit)
3133 silly tarball no local data for regenerate-unicode-properties@https://registry.npmjs.org/regenerate-unicode-properties/-/regenerate-unicode-properties-10.2.2.tgz. Extracting by manifest.
3134 silly tarball no local data for @babel/plugin-syntax-typescript@https://registry.npmjs.org/@babel/plugin-syntax-typescript/-/plugin-syntax-typescript-7.29.7.tgz. Extracting by manifest.
3135 silly tarball no local data for es-errors@https://registry.npmjs.org/es-errors/-/es-errors-1.3.0.tgz. Extracting by manifest.
3136 silly tarball no local data for @babel/helper-define-polyfill-provider@https://registry.npmjs.org/@babel/helper-define-polyfill-provider/-/helper-define-polyfill-provider-0.6.8.tgz. Extracting by manifest.
3137 silly tarball no local data for regjsgen@https://registry.npmjs.org/regjsgen/-/regjsgen-0.8.0.tgz. Extracting by manifest.
3138 silly tarball no local data for regjsparser@https://registry.npmjs.org/regjsparser/-/regjsparser-0.13.2.tgz. Extracting by manifest.
3139 silly tarball no local data for regenerate@https://registry.npmjs.org/regenerate/-/regenerate-1.4.2.tgz. Extracting by manifest.
3140 silly tarball no local data for @babel/plugin-syntax-jsx@https://registry.npmjs.org/@babel/plugin-syntax-jsx/-/plugin-syntax-jsx-7.29.7.tgz. Extracting by manifest.
3141 silly tarball no local data for babel-plugin-polyfill-regenerator@https://registry.npmjs.org/babel-plugin-polyfill-regenerator/-/babel-plugin-polyfill-regenerator-0.6.8.tgz. Extracting by manifest.
3142 silly tarball no local data for babel-plugin-polyfill-corejs3@https://registry.npmjs.org/babel-plugin-polyfill-corejs3/-/babel-plugin-polyfill-corejs3-0.13.0.tgz. Extracting by manifest.
3143 silly tarball no local data for babel-plugin-polyfill-corejs2@https://registry.npmjs.org/babel-plugin-polyfill-corejs2/-/babel-plugin-polyfill-corejs2-0.4.17.tgz. Extracting by manifest.
3144 silly tarball no local data for @babel/plugin-syntax-flow@https://registry.npmjs.org/@babel/plugin-syntax-flow/-/plugin-syntax-flow-7.29.7.tgz. Extracting by manifest.
3145 silly tarball no local data for @babel/helper-wrap-function@https://registry.npmjs.org/@babel/helper-wrap-function/-/helper-wrap-function-7.29.7.tgz. Extracting by manifest.
3146 silly tarball no local data for @babel/helper-create-regexp-features-plugin@https://registry.npmjs.org/@babel/helper-create-regexp-features-plugin/-/helper-create-regexp-features-plugin-7.29.7.tgz. Extracting by manifest.
3147 silly tarball no local data for lodash.debounce@https://registry.npmjs.org/lodash.debounce/-/lodash.debounce-4.0.8.tgz. Extracting by manifest.
3148 silly tarball no local data for regexpu-core@https://registry.npmjs.org/regexpu-core/-/regexpu-core-6.4.0.tgz. Extracting by manifest.
3149 silly tarball no local data for @babel/helper-replace-supers@https://registry.npmjs.org/@babel/helper-replace-supers/-/helper-replace-supers-7.29.7.tgz. Extracting by manifest.
3150 silly tarball no local data for @babel/helper-optimise-call-expression@https://registry.npmjs.org/@babel/helper-optimise-call-expression/-/helper-optimise-call-expression-7.29.7.tgz. Extracting by manifest.
3151 silly tarball no local data for resolve@https://registry.npmjs.org/resolve/-/resolve-1.22.12.tgz. Extracting by manifest.
3152 silly tarball no local data for @babel/helper-member-expression-to-functions@https://registry.npmjs.org/@babel/helper-member-expression-to-functions/-/helper-member-expression-to-functions-7.29.7.tgz. Extracting by manifest.
3153 silly tarball no local data for @babel/plugin-syntax-decorators@https://registry.npmjs.org/@babel/plugin-syntax-decorators/-/plugin-syntax-decorators-7.29.7.tgz. Extracting by manifest.
3154 silly tarball no local data for babel-plugin-transform-flow-enums@https://registry.npmjs.org/babel-plugin-transform-flow-enums/-/babel-plugin-transform-flow-enums-0.0.2.tgz. Extracting by manifest.
3155 silly tarball no local data for @babel/helper-create-class-features-plugin@https://registry.npmjs.org/@babel/helper-create-class-features-plugin/-/helper-create-class-features-plugin-7.29.7.tgz. Extracting by manifest.
3156 silly tarball no local data for core-js-compat@https://registry.npmjs.org/core-js-compat/-/core-js-compat-3.49.0.tgz. Extracting by manifest.
3157 silly tarball no local data for unicode-match-property-ecmascript@https://registry.npmjs.org/unicode-match-property-ecmascript/-/unicode-match-property-ecmascript-2.0.0.tgz. Extracting by manifest.
3158 silly tarball no local data for @babel/helper-annotate-as-pure@https://registry.npmjs.org/@babel/helper-annotate-as-pure/-/helper-annotate-as-pure-7.29.7.tgz. Extracting by manifest.
3159 silly tarball no local data for @babel/preset-typescript@https://registry.npmjs.org/@babel/preset-typescript/-/preset-typescript-7.29.7.tgz. Extracting by manifest.
3160 silly tarball no local data for @react-native/babel-plugin-codegen@https://registry.npmjs.org/@react-native/babel-plugin-codegen/-/babel-plugin-codegen-0.86.0.tgz. Extracting by manifest.
3161 silly tarball no local data for babel-plugin-react-compiler@https://registry.npmjs.org/babel-plugin-react-compiler/-/babel-plugin-react-compiler-1.0.0.tgz. Extracting by manifest.
3162 silly tarball no local data for babel-plugin-react-native-web@https://registry.npmjs.org/babel-plugin-react-native-web/-/babel-plugin-react-native-web-0.21.2.tgz. Extracting by manifest.
3163 silly tarball no local data for @babel/plugin-transform-typescript@https://registry.npmjs.org/@babel/plugin-transform-typescript/-/plugin-transform-typescript-7.29.7.tgz. Extracting by manifest.
3164 silly tarball no local data for @babel/plugin-transform-react-pure-annotations@https://registry.npmjs.org/@babel/plugin-transform-react-pure-annotations/-/plugin-transform-react-pure-annotations-7.29.7.tgz. Extracting by manifest.
3165 silly tarball no local data for @babel/plugin-transform-runtime@https://registry.npmjs.org/@babel/plugin-transform-runtime/-/plugin-transform-runtime-7.29.7.tgz. Extracting by manifest.
3166 silly tarball no local data for @babel/plugin-transform-react-jsx-development@https://registry.npmjs.org/@babel/plugin-transform-react-jsx-development/-/plugin-transform-react-jsx-development-7.29.7.tgz. Extracting by manifest.
3167 silly tarball no local data for @babel/plugin-transform-react-jsx@https://registry.npmjs.org/@babel/plugin-transform-react-jsx/-/plugin-transform-react-jsx-7.29.7.tgz. Extracting by manifest.
3168 silly tarball no local data for @babel/plugin-transform-react-display-name@https://registry.npmjs.org/@babel/plugin-transform-react-display-name/-/plugin-transform-react-display-name-7.29.7.tgz. Extracting by manifest.
3169 silly tarball no local data for @babel/plugin-transform-private-property-in-object@https://registry.npmjs.org/@babel/plugin-transform-private-property-in-object/-/plugin-transform-private-property-in-object-7.29.7.tgz. Extracting by manifest.
3170 silly tarball no local data for @babel/plugin-transform-unicode-regex@https://registry.npmjs.org/@babel/plugin-transform-unicode-regex/-/plugin-transform-unicode-regex-7.29.7.tgz. Extracting by manifest.
3171 silly tarball no local data for @babel/plugin-transform-optional-chaining@https://registry.npmjs.org/@babel/plugin-transform-optional-chaining/-/plugin-transform-optional-chaining-7.29.7.tgz. Extracting by manifest.
3172 silly tarball no local data for @babel/plugin-transform-private-methods@https://registry.npmjs.org/@babel/plugin-transform-private-methods/-/plugin-transform-private-methods-7.29.7.tgz. Extracting by manifest.
3173 silly tarball no local data for @babel/plugin-transform-optional-catch-binding@https://registry.npmjs.org/@babel/plugin-transform-optional-catch-binding/-/plugin-transform-optional-catch-binding-7.29.7.tgz. Extracting by manifest.
3174 silly tarball no local data for @babel/plugin-transform-object-rest-spread@https://registry.npmjs.org/@babel/plugin-transform-object-rest-spread/-/plugin-transform-object-rest-spread-7.29.7.tgz. Extracting by manifest.
3175 silly tarball no local data for @babel/plugin-transform-nullish-coalescing-operator@https://registry.npmjs.org/@babel/plugin-transform-nullish-coalescing-operator/-/plugin-transform-nullish-coalescing-operator-7.29.7.tgz. Extracting by manifest.
3176 silly tarball no local data for @babel/plugin-transform-named-capturing-groups-regex@https://registry.npmjs.org/@babel/plugin-transform-named-capturing-groups-regex/-/plugin-transform-named-capturing-groups-regex-7.29.7.tgz. Extracting by manifest.
3177 silly tarball no local data for @babel/plugin-transform-parameters@https://registry.npmjs.org/@babel/plugin-transform-parameters/-/plugin-transform-parameters-7.29.7.tgz. Extracting by manifest.
3178 silly tarball no local data for @babel/plugin-transform-flow-strip-types@https://registry.npmjs.org/@babel/plugin-transform-flow-strip-types/-/plugin-transform-flow-strip-types-7.29.7.tgz. Extracting by manifest.
3179 silly tarball no local data for @babel/plugin-transform-for-of@https://registry.npmjs.org/@babel/plugin-transform-for-of/-/plugin-transform-for-of-7.29.7.tgz. Extracting by manifest.
3180 silly tarball no local data for @babel/plugin-transform-export-namespace-from@https://registry.npmjs.org/@babel/plugin-transform-export-namespace-from/-/plugin-transform-export-namespace-from-7.29.7.tgz. Extracting by manifest.
3181 silly tarball no local data for @babel/plugin-transform-destructuring@https://registry.npmjs.org/@babel/plugin-transform-destructuring/-/plugin-transform-destructuring-7.29.7.tgz. Extracting by manifest.
3182 silly tarball no local data for @babel/helper-remap-async-to-generator@https://registry.npmjs.org/@babel/helper-remap-async-to-generator/-/helper-remap-async-to-generator-7.29.7.tgz. Extracting by manifest.
3183 silly tarball no local data for @babel/plugin-transform-logical-assignment-operators@https://registry.npmjs.org/@babel/plugin-transform-logical-assignment-operators/-/plugin-transform-logical-assignment-operators-7.29.7.tgz. Extracting by manifest.
3184 silly tarball no local data for @babel/plugin-transform-class-static-block@https://registry.npmjs.org/@babel/plugin-transform-class-static-block/-/plugin-transform-class-static-block-7.29.7.tgz. Extracting by manifest.
3185 silly tarball no local data for @babel/plugin-transform-classes@https://registry.npmjs.org/@babel/plugin-transform-classes/-/plugin-transform-classes-7.29.7.tgz. Extracting by manifest.
3186 silly tarball no local data for @babel/plugin-transform-async-to-generator@https://registry.npmjs.org/@babel/plugin-transform-async-to-generator/-/plugin-transform-async-to-generator-7.29.7.tgz. Extracting by manifest.
3187 silly tarball no local data for @babel/plugin-transform-block-scoping@https://registry.npmjs.org/@babel/plugin-transform-block-scoping/-/plugin-transform-block-scoping-7.29.7.tgz. Extracting by manifest.
3188 silly tarball no local data for @babel/helper-skip-transparent-expression-wrappers@https://registry.npmjs.org/@babel/helper-skip-transparent-expression-wrappers/-/helper-skip-transparent-expression-wrappers-7.29.7.tgz. Extracting by manifest.
3189 silly tarball no local data for @babel/plugin-syntax-nullish-coalescing-operator@https://registry.npmjs.org/@babel/plugin-syntax-nullish-coalescing-operator/-/plugin-syntax-nullish-coalescing-operator-7.8.3.tgz. Extracting by manifest.
3190 silly tarball no local data for @babel/plugin-syntax-dynamic-import@https://registry.npmjs.org/@babel/plugin-syntax-dynamic-import/-/plugin-syntax-dynamic-import-7.8.3.tgz. Extracting by manifest.
3191 silly tarball no local data for @babel/plugin-syntax-export-default-from@https://registry.npmjs.org/@babel/plugin-syntax-export-default-from/-/plugin-syntax-export-default-from-7.29.7.tgz. Extracting by manifest.
3192 silly tarball no local data for @babel/plugin-transform-async-generator-functions@https://registry.npmjs.org/@babel/plugin-transform-async-generator-functions/-/plugin-transform-async-generator-functions-7.29.7.tgz. Extracting by manifest.
3193 silly tarball no local data for @babel/plugin-syntax-optional-chaining@https://registry.npmjs.org/@babel/plugin-syntax-optional-chaining/-/plugin-syntax-optional-chaining-7.8.3.tgz. Extracting by manifest.
3194 silly tarball no local data for @babel/plugin-proposal-export-default-from@https://registry.npmjs.org/@babel/plugin-proposal-export-default-from/-/plugin-proposal-export-default-from-7.29.7.tgz. Extracting by manifest.
3195 silly tarball no local data for source-map-js@https://registry.npmjs.org/source-map-js/-/source-map-js-1.2.1.tgz. Extracting by manifest.
3196 silly tarball no local data for nanoid@https://registry.npmjs.org/nanoid/-/nanoid-3.3.16.tgz. Extracting by manifest.
3197 silly tarball no local data for @babel/plugin-proposal-decorators@https://registry.npmjs.org/@babel/plugin-proposal-decorators/-/plugin-proposal-decorators-7.29.7.tgz. Extracting by manifest.
3198 silly tarball no local data for lightningcss-win32-x64-msvc@https://registry.npmjs.org/lightningcss-win32-x64-msvc/-/lightningcss-win32-x64-msvc-1.32.0.tgz. Extracting by manifest.
3199 silly tarball no local data for lightningcss@https://registry.npmjs.org/lightningcss/-/lightningcss-1.32.0.tgz. Extracting by manifest.
3200 silly tarball no local data for clone@https://registry.npmjs.org/clone/-/clone-1.0.4.tgz. Extracting by manifest.
3201 silly tarball no local data for postcss@https://registry.npmjs.org/postcss/-/postcss-8.5.19.tgz. Extracting by manifest.
3202 silly tarball no local data for defaults@https://registry.npmjs.org/defaults/-/defaults-1.0.4.tgz. Extracting by manifest.
3203 silly tarball no local data for supports-hyperlinks@https://registry.npmjs.org/supports-hyperlinks/-/supports-hyperlinks-2.3.0.tgz. Extracting by manifest.
3204 silly tarball no local data for ansi-escapes@https://registry.npmjs.org/ansi-escapes/-/ansi-escapes-4.3.2.tgz. Extracting by manifest.
3205 silly tarball no local data for mimic-fn@https://registry.npmjs.org/mimic-fn/-/mimic-fn-1.2.0.tgz. Extracting by manifest.
3206 silly tarball no local data for signal-exit@https://registry.npmjs.org/signal-exit/-/signal-exit-3.0.7.tgz. Extracting by manifest.
3207 silly tarball no local data for sisteransi@https://registry.npmjs.org/sisteransi/-/sisteransi-1.0.5.tgz. Extracting by manifest.
3208 silly tarball no local data for onetime@https://registry.npmjs.org/onetime/-/onetime-2.0.1.tgz. Extracting by manifest.
3209 silly tarball no local data for @babel/plugin-transform-class-properties@https://registry.npmjs.org/@babel/plugin-transform-class-properties/-/plugin-transform-class-properties-7.29.7.tgz. Extracting by manifest.
3210 silly tarball no local data for kleur@https://registry.npmjs.org/kleur/-/kleur-3.0.3.tgz. Extracting by manifest.
3211 silly tarball no local data for log-symbols@https://registry.npmjs.org/log-symbols/-/log-symbols-2.2.0.tgz. Extracting by manifest.
3212 silly tarball no local data for restore-cursor@https://registry.npmjs.org/restore-cursor/-/restore-cursor-2.0.0.tgz. Extracting by manifest.
3213 silly tarball no local data for wcwidth@https://registry.npmjs.org/wcwidth/-/wcwidth-1.0.1.tgz. Extracting by manifest.
3214 silly tarball no local data for pngjs@https://registry.npmjs.org/pngjs/-/pngjs-3.4.0.tgz. Extracting by manifest.
3215 silly tarball no local data for cli-cursor@https://registry.npmjs.org/cli-cursor/-/cli-cursor-2.1.0.tgz. Extracting by manifest.
3216 silly tarball no local data for validate-npm-package-name@https://registry.npmjs.org/validate-npm-package-name/-/validate-npm-package-name-5.0.1.tgz. Extracting by manifest.
3217 silly tarball no local data for proc-log@https://registry.npmjs.org/proc-log/-/proc-log-4.2.0.tgz. Extracting by manifest.
3218 silly tarball no local data for hosted-git-info@https://registry.npmjs.org/hosted-git-info/-/hosted-git-info-7.0.2.tgz. Extracting by manifest.
3219 silly tarball no local data for detect-libc@https://registry.npmjs.org/detect-libc/-/detect-libc-2.1.2.tgz. Extracting by manifest.
3220 silly tarball no local data for argparse@https://registry.npmjs.org/argparse/-/argparse-2.0.1.tgz. Extracting by manifest.
3221 silly tarball no local data for safe-buffer@https://registry.npmjs.org/safe-buffer/-/safe-buffer-5.2.1.tgz. Extracting by manifest.
3222 silly tarball no local data for on-headers@https://registry.npmjs.org/on-headers/-/on-headers-1.1.0.tgz. Extracting by manifest.
3223 silly tarball no local data for compressible@https://registry.npmjs.org/compressible/-/compressible-2.0.18.tgz. Extracting by manifest.
3224 silly tarball no local data for bytes@https://registry.npmjs.org/bytes/-/bytes-3.1.2.tgz. Extracting by manifest.
3225 silly tarball no local data for js-yaml@https://registry.npmjs.org/js-yaml/-/js-yaml-4.3.0.tgz. Extracting by manifest.
3226 silly tarball no local data for @expo/sudo-prompt@https://registry.npmjs.org/@expo/sudo-prompt/-/sudo-prompt-9.3.2.tgz. Extracting by manifest.
3227 silly tarball no local data for parse-png@https://registry.npmjs.org/parse-png/-/parse-png-2.1.0.tgz. Extracting by manifest.
3228 silly tarball no local data for jimp-compact@https://registry.npmjs.org/jimp-compact/-/jimp-compact-0.16.1.tgz. Extracting by manifest.
3229 silly tarball no local data for zod@https://registry.npmjs.org/zod/-/zod-3.25.76.tgz. Extracting by manifest.
3230 silly tarball no local data for vary@https://registry.npmjs.org/vary/-/vary-1.1.2.tgz. Extracting by manifest.
3231 silly tarball no local data for structured-headers@https://registry.npmjs.org/structured-headers/-/structured-headers-0.4.1.tgz. Extracting by manifest.
3232 silly tarball no local data for ora@https://registry.npmjs.org/ora/-/ora-3.4.0.tgz. Extracting by manifest.
3233 silly tarball no local data for cli-spinners@https://registry.npmjs.org/cli-spinners/-/cli-spinners-2.9.2.tgz. Extracting by manifest.
3234 silly tarball no local data for prompts@https://registry.npmjs.org/prompts/-/prompts-2.4.2.tgz. Extracting by manifest.
3235 silly tarball no local data for terminal-link@https://registry.npmjs.org/terminal-link/-/terminal-link-2.1.1.tgz. Extracting by manifest.
3236 silly tarball no local data for npm-package-arg@https://registry.npmjs.org/npm-package-arg/-/npm-package-arg-11.0.3.tgz. Extracting by manifest.
3237 silly tarball no local data for node-forge@https://registry.npmjs.org/node-forge/-/node-forge-1.4.0.tgz. Extracting by manifest.
3238 silly tarball no local data for progress@https://registry.npmjs.org/progress/-/progress-2.0.3.tgz. Extracting by manifest.
3239 silly tarball no local data for lan-network@https://registry.npmjs.org/lan-network/-/lan-network-0.2.1.tgz. Extracting by manifest.
3240 silly tarball no local data for dnssd-advertise@https://registry.npmjs.org/dnssd-advertise/-/dnssd-advertise-1.1.6.tgz. Extracting by manifest.
3241 silly tarball no local data for compression@https://registry.npmjs.org/compression/-/compression-1.8.1.tgz. Extracting by manifest.
3242 silly tarball no local data for @expo/xcpretty@https://registry.npmjs.org/@expo/xcpretty/-/xcpretty-4.4.4.tgz. Extracting by manifest.
3243 silly tarball no local data for agent-cli-detector@https://registry.npmjs.org/agent-cli-detector/-/agent-cli-detector-0.1.2.tgz. Extracting by manifest.
3244 silly tarball no local data for @expo/schema-utils@https://registry.npmjs.org/@expo/schema-utils/-/schema-utils-57.0.2.tgz. Extracting by manifest.
3245 silly tarball no local data for expo-server@https://registry.npmjs.org/expo-server/-/expo-server-57.0.1.tgz. Extracting by manifest.
3246 silly tarball no local data for @expo/prebuild-config@https://registry.npmjs.org/@expo/prebuild-config/-/prebuild-config-57.0.7.tgz. Extracting by manifest.
3247 silly tarball no local data for @expo/package-manager@https://registry.npmjs.org/@expo/package-manager/-/package-manager-1.13.1.tgz. Extracting by manifest.
3248 silly tarball no local data for @expo/inline-modules@https://registry.npmjs.org/@expo/inline-modules/-/inline-modules-0.1.3.tgz. Extracting by manifest.
3249 silly tarball no local data for fetch-nodeshim@https://registry.npmjs.org/fetch-nodeshim/-/fetch-nodeshim-0.4.10.tgz. Extracting by manifest.
3250 silly tarball no local data for @expo/metro-file-map@https://registry.npmjs.org/@expo/metro-file-map/-/metro-file-map-57.0.1.tgz. Extracting by manifest.
3251 silly tarball no local data for toqr@https://registry.npmjs.org/toqr/-/toqr-0.1.1.tgz. Extracting by manifest.
3252 silly tarball no local data for @expo/image-utils@https://registry.npmjs.org/@expo/image-utils/-/image-utils-0.11.3.tgz. Extracting by manifest.
3253 silly tarball no local data for @expo/devcert@https://registry.npmjs.org/@expo/devcert/-/devcert-1.2.1.tgz. Extracting by manifest.
3254 silly tarball no local data for is-fullwidth-code-point@https://registry.npmjs.org/is-fullwidth-code-point/-/is-fullwidth-code-point-3.0.0.tgz. Extracting by manifest.
3255 silly tarball no local data for strip-ansi@https://registry.npmjs.org/strip-ansi/-/strip-ansi-6.0.1.tgz. Extracting by manifest.
3256 silly tarball no local data for wrap-ansi@https://registry.npmjs.org/wrap-ansi/-/wrap-ansi-7.0.0.tgz. Extracting by manifest.
3257 silly tarball no local data for yargs-parser@https://registry.npmjs.org/yargs-parser/-/yargs-parser-21.1.1.tgz. Extracting by manifest.
3258 silly tarball no local data for y18n@https://registry.npmjs.org/y18n/-/y18n-5.0.8.tgz. Extracting by manifest.
3259 silly tarball no local data for @expo/osascript@https://registry.npmjs.org/@expo/osascript/-/osascript-2.7.1.tgz. Extracting by manifest.
3260 silly tarball no local data for multitars@https://registry.npmjs.org/multitars/-/multitars-1.0.0.tgz. Extracting by manifest.
3261 silly tarball no local data for string-width@https://registry.npmjs.org/string-width/-/string-width-4.2.3.tgz. Extracting by manifest.
3262 silly tarball no local data for require-directory@https://registry.npmjs.org/require-directory/-/require-directory-2.1.1.tgz. Extracting by manifest.
3263 silly tarball no local data for get-caller-file@https://registry.npmjs.org/get-caller-file/-/get-caller-file-2.0.5.tgz. Extracting by manifest.
3264 silly tarball no local data for cliui@https://registry.npmjs.org/cliui/-/cliui-8.0.1.tgz. Extracting by manifest.
3265 silly tarball no local data for sax@https://registry.npmjs.org/sax/-/sax-1.6.0.tgz. Extracting by manifest.
3266 silly tarball no local data for big-integer@https://registry.npmjs.org/big-integer/-/big-integer-1.6.52.tgz. Extracting by manifest.
3267 silly tarball no local data for stream-buffers@https://registry.npmjs.org/stream-buffers/-/stream-buffers-2.2.0.tgz. Extracting by manifest.
3268 silly tarball no local data for bplist-parser@https://registry.npmjs.org/bplist-parser/-/bplist-parser-0.3.1.tgz. Extracting by manifest.
3269 silly tarball no local data for bplist-creator@https://registry.npmjs.org/bplist-creator/-/bplist-creator-0.1.0.tgz. Extracting by manifest.
3270 silly tarball no local data for emoji-regex@https://registry.npmjs.org/emoji-regex/-/emoji-regex-8.0.0.tgz. Extracting by manifest.
3271 silly tarball no local data for @expo/code-signing-certificates@https://registry.npmjs.org/@expo/code-signing-certificates/-/code-signing-certificates-0.0.6.tgz. Extracting by manifest.
3272 silly tarball no local data for uuid@https://registry.npmjs.org/uuid/-/uuid-7.0.3.tgz. Extracting by manifest.
3273 silly tarball no local data for simple-plist@https://registry.npmjs.org/simple-plist/-/simple-plist-1.3.1.tgz. Extracting by manifest.
3274 silly tarball no local data for plist@https://registry.npmjs.org/plist/-/plist-3.1.1.tgz. Extracting by manifest.
3275 silly tarball no local data for makeerror@https://registry.npmjs.org/makeerror/-/makeerror-1.0.12.tgz. Extracting by manifest.
3276 silly tarball no local data for tmpl@https://registry.npmjs.org/tmpl/-/tmpl-1.0.5.tgz. Extracting by manifest.
3277 silly tarball no local data for escalade@https://registry.npmjs.org/escalade/-/escalade-3.2.0.tgz. Extracting by manifest.
3278 silly tarball no local data for source-map-support@https://registry.npmjs.org/source-map-support/-/source-map-support-0.5.21.tgz. Extracting by manifest.
3279 silly tarball no local data for buffer-from@https://registry.npmjs.org/buffer-from/-/buffer-from-1.1.2.tgz. Extracting by manifest.
3280 silly tarball no local data for @jridgewell/source-map@https://registry.npmjs.org/@jridgewell/source-map/-/source-map-0.3.11.tgz. Extracting by manifest.
3281 silly tarball no local data for acorn@https://registry.npmjs.org/acorn/-/acorn-8.17.0.tgz. Extracting by manifest.
3282 silly tarball no local data for type-fest@https://registry.npmjs.org/type-fest/-/type-fest-0.7.1.tgz. Extracting by manifest.
3283 silly tarball no local data for is-number@https://registry.npmjs.org/is-number/-/is-number-7.0.0.tgz. Extracting by manifest.
3284 silly tarball no local data for isexe@https://registry.npmjs.org/isexe/-/isexe-2.0.0.tgz. Extracting by manifest.
3285 silly tarball no local data for shebang-regex@https://registry.npmjs.org/shebang-regex/-/shebang-regex-3.0.0.tgz. Extracting by manifest.
3286 silly tarball no local data for range-parser@https://registry.npmjs.org/range-parser/-/range-parser-1.2.1.tgz. Extracting by manifest.
3287 silly tarball no local data for toidentifier@https://registry.npmjs.org/toidentifier/-/toidentifier-1.0.1.tgz. Extracting by manifest.
3288 silly tarball no local data for http-errors@https://registry.npmjs.org/http-errors/-/http-errors-2.0.1.tgz. Extracting by manifest.
3289 silly tarball no local data for fresh@https://registry.npmjs.org/fresh/-/fresh-0.5.2.tgz. Extracting by manifest.
3290 silly tarball no local data for setprototypeof@https://registry.npmjs.org/setprototypeof/-/setprototypeof-1.2.0.tgz. Extracting by manifest.
3291 silly tarball no local data for destroy@https://registry.npmjs.org/destroy/-/destroy-1.2.0.tgz. Extracting by manifest.
3292 silly tarball no local data for etag@https://registry.npmjs.org/etag/-/etag-1.8.1.tgz. Extracting by manifest.
3293 silly tarball no local data for has-flag@https://registry.npmjs.org/has-flag/-/has-flag-4.0.0.tgz. Extracting by manifest.
3294 silly tarball no local data for depd@https://registry.npmjs.org/depd/-/depd-2.0.0.tgz. Extracting by manifest.
3295 silly tarball no local data for send@https://registry.npmjs.org/send/-/send-0.19.2.tgz. Extracting by manifest.
3296 silly tarball no local data for is-docker@https://registry.npmjs.org/is-docker/-/is-docker-2.2.1.tgz. Extracting by manifest.
3297 silly tarball no local data for mkdirp@https://registry.npmjs.org/mkdirp/-/mkdirp-1.0.4.tgz. Extracting by manifest.
3298 silly tarball no local data for lighthouse-logger@https://registry.npmjs.org/lighthouse-logger/-/lighthouse-logger-1.4.2.tgz. Extracting by manifest.
3299 silly tarball no local data for is-wsl@https://registry.npmjs.org/is-wsl/-/is-wsl-2.2.0.tgz. Extracting by manifest.
3300 silly tarball no local data for asap@https://registry.npmjs.org/asap/-/asap-2.0.6.tgz. Extracting by manifest.
3301 silly tarball no local data for event-target-shim@https://registry.npmjs.org/event-target-shim/-/event-target-shim-5.0.1.tgz. Extracting by manifest.
3302 silly tarball no local data for escape-string-regexp@https://registry.npmjs.org/escape-string-regexp/-/escape-string-regexp-4.0.0.tgz. Extracting by manifest.
3303 silly tarball no local data for marky@https://registry.npmjs.org/marky/-/marky-1.3.0.tgz. Extracting by manifest.
3304 silly tarball no local data for @react-native/debugger-shell@https://registry.npmjs.org/@react-native/debugger-shell/-/debugger-shell-0.86.0.tgz. Extracting by manifest.
3305 silly tarball no local data for serve-static@https://registry.npmjs.org/serve-static/-/serve-static-1.16.3.tgz. Extracting by manifest.
3306 silly tarball no local data for open@https://registry.npmjs.org/open/-/open-7.4.2.tgz. Extracting by manifest.
3307 silly tarball no local data for chromium-edge-launcher@https://registry.npmjs.org/chromium-edge-launcher/-/chromium-edge-launcher-0.3.0.tgz. Extracting by manifest.
3308 silly tarball no local data for chrome-launcher@https://registry.npmjs.org/chrome-launcher/-/chrome-launcher-0.15.2.tgz. Extracting by manifest.
3309 silly tarball no local data for mime@https://registry.npmjs.org/mime/-/mime-1.6.0.tgz. Extracting by manifest.
3310 silly tarball no local data for whatwg-fetch@https://registry.npmjs.org/whatwg-fetch/-/whatwg-fetch-3.6.20.tgz. Extracting by manifest.
3311 silly tarball no local data for shell-quote@https://registry.npmjs.org/shell-quote/-/shell-quote-1.10.0.tgz. Extracting by manifest.
3312 silly tarball no local data for @isaacs/ttlcache@https://registry.npmjs.org/@isaacs/ttlcache/-/ttlcache-1.4.1.tgz. Extracting by manifest.
3313 silly tarball no local data for stacktrace-parser@https://registry.npmjs.org/stacktrace-parser/-/stacktrace-parser-0.1.11.tgz. Extracting by manifest.
3314 silly tarball no local data for scheduler@https://registry.npmjs.org/scheduler/-/scheduler-0.27.0.tgz. Extracting by manifest.
3315 silly tarball no local data for react-devtools-core@https://registry.npmjs.org/react-devtools-core/-/react-devtools-core-6.1.5.tgz. Extracting by manifest.
3316 silly tarball no local data for regenerator-runtime@https://registry.npmjs.org/regenerator-runtime/-/regenerator-runtime-0.13.11.tgz. Extracting by manifest.
3317 silly tarball no local data for @react-native/debugger-frontend@https://registry.npmjs.org/@react-native/debugger-frontend/-/debugger-frontend-0.86.0.tgz. Extracting by manifest.
3318 silly tarball no local data for promise@https://registry.npmjs.org/promise/-/promise-8.3.0.tgz. Extracting by manifest.
3319 silly tarball no local data for hermes-compiler@https://registry.npmjs.org/hermes-compiler/-/hermes-compiler-250829098.0.14.tgz. Extracting by manifest.
3320 silly tarball no local data for babel-plugin-syntax-hermes-parser@https://registry.npmjs.org/babel-plugin-syntax-hermes-parser/-/babel-plugin-syntax-hermes-parser-0.36.0.tgz. Extracting by manifest.
3321 silly tarball no local data for @react-native/virtualized-lists@https://registry.npmjs.org/@react-native/virtualized-lists/-/virtualized-lists-0.86.0.tgz. Extracting by manifest.
3322 silly tarball no local data for ansi-regex@https://registry.npmjs.org/ansi-regex/-/ansi-regex-5.0.1.tgz. Extracting by manifest.
3323 silly tarball no local data for anser@https://registry.npmjs.org/anser/-/anser-1.4.10.tgz. Extracting by manifest.
3324 silly tarball no local data for abort-controller@https://registry.npmjs.org/abort-controller/-/abort-controller-3.0.0.tgz. Extracting by manifest.
3325 silly tarball no local data for @react-native/normalize-colors@https://registry.npmjs.org/@react-native/normalize-colors/-/normalize-colors-0.86.0.tgz. Extracting by manifest.
3326 silly tarball no local data for @react-native/js-polyfills@https://registry.npmjs.org/@react-native/js-polyfills/-/js-polyfills-0.86.0.tgz. Extracting by manifest.
3327 silly tarball no local data for inherits@https://registry.npmjs.org/inherits/-/inherits-2.0.4.tgz. Extracting by manifest.
3328 silly tarball no local data for tinyglobby@https://registry.npmjs.org/tinyglobby/-/tinyglobby-0.2.17.tgz. Extracting by manifest.
3329 silly tarball no local data for @react-native/community-cli-plugin@https://registry.npmjs.org/@react-native/community-cli-plugin/-/community-cli-plugin-0.86.0.tgz. Extracting by manifest.
3330 silly tarball no local data for @react-native/gradle-plugin@https://registry.npmjs.org/@react-native/gradle-plugin/-/gradle-plugin-0.86.0.tgz. Extracting by manifest.
3331 silly tarball no local data for react-is@https://registry.npmjs.org/react-is/-/react-is-18.3.1.tgz. Extracting by manifest.
3332 silly tarball no local data for @react-native/dev-middleware@https://registry.npmjs.org/@react-native/dev-middleware/-/dev-middleware-0.86.0.tgz. Extracting by manifest.
3333 silly tarball no local data for @react-native/assets-registry@https://registry.npmjs.org/@react-native/assets-registry/-/assets-registry-0.86.0.tgz. Extracting by manifest.
3334 silly tarball no local data for @react-native/codegen@https://registry.npmjs.org/@react-native/codegen/-/codegen-0.86.0.tgz. Extracting by manifest.
3335 silly tarball no local data for brace-expansion@https://registry.npmjs.org/brace-expansion/-/brace-expansion-5.0.7.tgz. Extracting by manifest.
3336 silly tarball no local data for to-regex-range@https://registry.npmjs.org/to-regex-range/-/to-regex-range-5.0.1.tgz. Extracting by manifest.
3337 silly tarball no local data for balanced-match@https://registry.npmjs.org/balanced-match/-/balanced-match-4.0.4.tgz. Extracting by manifest.
3338 silly tarball no local data for fill-range@https://registry.npmjs.org/fill-range/-/fill-range-7.1.1.tgz. Extracting by manifest.
3339 silly tarball no local data for braces@https://registry.npmjs.org/braces/-/braces-3.0.3.tgz. Extracting by manifest.
3340 silly tarball no local data for memoize-one@https://registry.npmjs.org/memoize-one/-/memoize-one-5.2.1.tgz. Extracting by manifest.
3341 silly tarball no local data for terser@https://registry.npmjs.org/terser/-/terser-5.49.0.tgz. Extracting by manifest.
3342 silly tarball no local data for node-int64@https://registry.npmjs.org/node-int64/-/node-int64-0.4.0.tgz. Extracting by manifest.
3343 silly tarball no local data for ee-first@https://registry.npmjs.org/ee-first/-/ee-first-1.1.1.tgz. Extracting by manifest.
3344 silly tarball no local data for walker@https://registry.npmjs.org/walker/-/walker-1.0.8.tgz. Extracting by manifest.
3345 silly tarball no local data for mime-db@https://registry.npmjs.org/mime-db/-/mime-db-1.54.0.tgz. Extracting by manifest.
3346 silly tarball no local data for fb-watchman@https://registry.npmjs.org/fb-watchman/-/fb-watchman-2.0.2.tgz. Extracting by manifest.
3347 silly tarball no local data for micromatch@https://registry.npmjs.org/micromatch/-/micromatch-4.0.8.tgz. Extracting by manifest.
3348 silly tarball no local data for leven@https://registry.npmjs.org/leven/-/leven-3.1.0.tgz. Extracting by manifest.
3349 silly tarball no local data for jest-get-type@https://registry.npmjs.org/jest-get-type/-/jest-get-type-29.6.3.tgz. Extracting by manifest.
3350 silly tarball no local data for vlq@https://registry.npmjs.org/vlq/-/vlq-1.0.1.tgz. Extracting by manifest.
3351 silly tarball no local data for yaml@https://registry.npmjs.org/yaml/-/yaml-2.9.0.tgz. Extracting by manifest.
3352 silly tarball no local data for https-proxy-agent@https://registry.npmjs.org/https-proxy-agent/-/https-proxy-agent-7.0.6.tgz. Extracting by manifest.
3353 silly tarball no local data for jest-validate@https://registry.npmjs.org/jest-validate/-/jest-validate-29.7.0.tgz. Extracting by manifest.
3354 silly tarball no local data for agent-base@https://registry.npmjs.org/agent-base/-/agent-base-7.1.4.tgz. Extracting by manifest.
3355 silly tarball no local data for ob1@https://registry.npmjs.org/ob1/-/ob1-0.84.4.tgz. Extracting by manifest.
3356 silly tarball no local data for bser@https://registry.npmjs.org/bser/-/bser-2.1.1.tgz. Extracting by manifest.
3357 silly tarball no local data for exponential-backoff@https://registry.npmjs.org/exponential-backoff/-/exponential-backoff-3.1.3.tgz. Extracting by manifest.
3358 silly tarball no local data for camelcase@https://registry.npmjs.org/camelcase/-/camelcase-6.3.0.tgz. Extracting by manifest.
3359 silly tarball no local data for @sinclair/typebox@https://registry.npmjs.org/@sinclair/typebox/-/typebox-0.27.10.tgz. Extracting by manifest.
3360 silly tarball no local data for @types/istanbul-lib-report@https://registry.npmjs.org/@types/istanbul-lib-report/-/istanbul-lib-report-3.0.3.tgz. Extracting by manifest.
3361 silly tarball no local data for @types/yargs@https://registry.npmjs.org/@types/yargs/-/yargs-17.0.35.tgz. Extracting by manifest.
3362 silly tarball no local data for @types/istanbul-lib-coverage@https://registry.npmjs.org/@types/istanbul-lib-coverage/-/istanbul-lib-coverage-2.0.6.tgz. Extracting by manifest.
3363 silly tarball no local data for @types/istanbul-reports@https://registry.npmjs.org/@types/istanbul-reports/-/istanbul-reports-3.0.4.tgz. Extracting by manifest.
3364 silly tarball no local data for undici-types@https://registry.npmjs.org/undici-types/-/undici-types-8.3.0.tgz. Extracting by manifest.
3365 silly tarball no local data for @types/yargs-parser@https://registry.npmjs.org/@types/yargs-parser/-/yargs-parser-21.0.3.tgz. Extracting by manifest.
3366 silly tarball no local data for @jest/schemas@https://registry.npmjs.org/@jest/schemas/-/schemas-29.6.3.tgz. Extracting by manifest.
3367 silly tarball no local data for jest-util@https://registry.npmjs.org/jest-util/-/jest-util-29.7.0.tgz. Extracting by manifest.
3368 silly tarball no local data for queue@https://registry.npmjs.org/queue/-/queue-6.0.2.tgz. Extracting by manifest.
3369 silly tarball no local data for hermes-estree@https://registry.npmjs.org/hermes-estree/-/hermes-estree-0.35.0.tgz. Extracting by manifest.
3370 silly tarball no local data for unpipe@https://registry.npmjs.org/unpipe/-/unpipe-1.0.0.tgz. Extracting by manifest.
3371 silly tarball no local data for picomatch@https://registry.npmjs.org/picomatch/-/picomatch-2.3.2.tgz. Extracting by manifest.
3372 silly tarball no local data for @types/node@https://registry.npmjs.org/@types/node/-/node-26.1.1.tgz. Extracting by manifest.
3373 silly tarball no local data for @jest/types@https://registry.npmjs.org/@jest/types/-/types-29.6.3.tgz. Extracting by manifest.
3374 silly tarball no local data for on-finished@https://registry.npmjs.org/on-finished/-/on-finished-2.3.0.tgz. Extracting by manifest.
3375 silly tarball no local data for encodeurl@https://registry.npmjs.org/encodeurl/-/encodeurl-1.0.2.tgz. Extracting by manifest.
3376 silly tarball no local data for stackframe@https://registry.npmjs.org/stackframe/-/stackframe-1.3.4.tgz. Extracting by manifest.
3377 silly tarball no local data for utils-merge@https://registry.npmjs.org/utils-merge/-/utils-merge-1.0.1.tgz. Extracting by manifest.
3378 silly tarball no local data for escape-html@https://registry.npmjs.org/escape-html/-/escape-html-1.0.3.tgz. Extracting by manifest.
3379 silly tarball no local data for finalhandler@https://registry.npmjs.org/finalhandler/-/finalhandler-1.1.2.tgz. Extracting by manifest.
3380 silly tarball no local data for negotiator@https://registry.npmjs.org/negotiator/-/negotiator-1.0.0.tgz. Extracting by manifest.
3381 silly tarball no local data for yargs@https://registry.npmjs.org/yargs/-/yargs-17.7.3.tgz. Extracting by manifest.
3382 silly tarball no local data for ws@https://registry.npmjs.org/ws/-/ws-7.5.12.tgz. Extracting by manifest.
3383 silly tarball no local data for parseurl@https://registry.npmjs.org/parseurl/-/parseurl-1.3.3.tgz. Extracting by manifest.
3384 silly tarball no local data for serialize-error@https://registry.npmjs.org/serialize-error/-/serialize-error-2.1.0.tgz. Extracting by manifest.
3385 silly tarball no local data for mime-types@https://registry.npmjs.org/mime-types/-/mime-types-3.0.2.tgz. Extracting by manifest.
3386 silly tarball no local data for source-map@https://registry.npmjs.org/source-map/-/source-map-0.5.7.tgz. Extracting by manifest.
3387 silly tarball no local data for merge-stream@https://registry.npmjs.org/merge-stream/-/merge-stream-2.0.0.tgz. Extracting by manifest.
3388 silly tarball no local data for statuses@https://registry.npmjs.org/statuses/-/statuses-1.5.0.tgz. Extracting by manifest.
3389 silly tarball no local data for lodash.throttle@https://registry.npmjs.org/lodash.throttle/-/lodash.throttle-4.1.1.tgz. Extracting by manifest.
3390 silly tarball no local data for jsc-safe-url@https://registry.npmjs.org/jsc-safe-url/-/jsc-safe-url-0.2.4.tgz. Extracting by manifest.
3391 silly tarball no local data for jest-worker@https://registry.npmjs.org/jest-worker/-/jest-worker-29.7.0.tgz. Extracting by manifest.
3392 silly tarball no local data for nullthrows@https://registry.npmjs.org/nullthrows/-/nullthrows-1.1.1.tgz. Extracting by manifest.
3393 silly tarball no local data for image-size@https://registry.npmjs.org/image-size/-/image-size-1.2.1.tgz. Extracting by manifest.
3394 silly tarball no local data for hermes-parser@https://registry.npmjs.org/hermes-parser/-/hermes-parser-0.35.0.tgz. Extracting by manifest.
3395 silly tarball no local data for graceful-fs@https://registry.npmjs.org/graceful-fs/-/graceful-fs-4.2.11.tgz. Extracting by manifest.
3396 silly tarball no local data for error-stack-parser@https://registry.npmjs.org/error-stack-parser/-/error-stack-parser-2.1.4.tgz. Extracting by manifest.
3397 silly tarball no local data for throat@https://registry.npmjs.org/throat/-/throat-5.0.0.tgz. Extracting by manifest.
3398 silly tarball no local data for ci-info@https://registry.npmjs.org/ci-info/-/ci-info-2.0.0.tgz. Extracting by manifest.
3399 silly tarball no local data for connect@https://registry.npmjs.org/connect/-/connect-3.7.0.tgz. Extracting by manifest.
3400 silly tarball no local data for accepts@https://registry.npmjs.org/accepts/-/accepts-2.0.0.tgz. Extracting by manifest.
3401 silly tarball no local data for flow-enums-runtime@https://registry.npmjs.org/flow-enums-runtime/-/flow-enums-runtime-0.0.6.tgz. Extracting by manifest.
3402 silly tarball no local data for minipass@https://registry.npmjs.org/minipass/-/minipass-7.1.3.tgz. Extracting by manifest.
3403 silly tarball no local data for yallist@https://registry.npmjs.org/yallist/-/yallist-3.1.1.tgz. Extracting by manifest.
3404 silly tarball no local data for path-scurry@https://registry.npmjs.org/path-scurry/-/path-scurry-2.0.2.tgz. Extracting by manifest.
3405 silly tarball no local data for @expo/expo-modules-macros-plugin@https://registry.npmjs.org/@expo/expo-modules-macros-plugin/-/expo-modules-macros-plugin-0.6.1.tgz. Extracting by manifest.
3406 silly tarball no local data for expo-modules-jsi@https://registry.npmjs.org/expo-modules-jsi/-/expo-modules-jsi-57.0.3.tgz. Extracting by manifest.
3407 silly tarball no local data for commander@https://registry.npmjs.org/commander/-/commander-7.2.0.tgz. Extracting by manifest.
3408 silly tarball no local data for ms@https://registry.npmjs.org/ms/-/ms-2.1.3.tgz. Extracting by manifest.
3409 silly tarball no local data for shebang-command@https://registry.npmjs.org/shebang-command/-/shebang-command-2.0.0.tgz. Extracting by manifest.
3410 silly tarball no local data for path-key@https://registry.npmjs.org/path-key/-/path-key-3.1.1.tgz. Extracting by manifest.
3411 silly tarball no local data for color-name@https://registry.npmjs.org/color-name/-/color-name-1.1.4.tgz. Extracting by manifest.
3412 silly tarball no local data for invariant@https://registry.npmjs.org/invariant/-/invariant-2.2.4.tgz. Extracting by manifest.
3413 silly tarball no local data for which@https://registry.npmjs.org/which/-/which-2.0.2.tgz. Extracting by manifest.
3414 silly tarball no local data for color-convert@https://registry.npmjs.org/color-convert/-/color-convert-2.0.1.tgz. Extracting by manifest.
3415 silly tarball no local data for supports-color@https://registry.npmjs.org/supports-color/-/supports-color-7.2.0.tgz. Extracting by manifest.
3416 silly tarball no local data for ansi-styles@https://registry.npmjs.org/ansi-styles/-/ansi-styles-4.3.0.tgz. Extracting by manifest.
3417 silly tarball no local data for update-browserslist-db@https://registry.npmjs.org/update-browserslist-db/-/update-browserslist-db-1.2.3.tgz. Extracting by manifest.
3418 silly tarball no local data for node-releases@https://registry.npmjs.org/node-releases/-/node-releases-2.0.51.tgz. Extracting by manifest.
3419 silly tarball no local data for loose-envify@https://registry.npmjs.org/loose-envify/-/loose-envify-1.4.0.tgz. Extracting by manifest.
3420 silly tarball no local data for caniuse-lite@https://registry.npmjs.org/caniuse-lite/-/caniuse-lite-1.0.30001805.tgz. Extracting by manifest.
3421 silly tarball no local data for baseline-browser-mapping@https://registry.npmjs.org/baseline-browser-mapping/-/baseline-browser-mapping-2.10.43.tgz. Extracting by manifest.
3422 silly tarball no local data for @jridgewell/resolve-uri@https://registry.npmjs.org/@jridgewell/resolve-uri/-/resolve-uri-3.1.2.tgz. Extracting by manifest.
3423 silly tarball no local data for cross-spawn@https://registry.npmjs.org/cross-spawn/-/cross-spawn-7.0.6.tgz. Extracting by manifest.
3424 silly tarball no local data for lru-cache@https://registry.npmjs.org/lru-cache/-/lru-cache-5.1.1.tgz. Extracting by manifest.
3425 silly tarball no local data for electron-to-chromium@https://registry.npmjs.org/electron-to-chromium/-/electron-to-chromium-1.5.392.tgz. Extracting by manifest.
3426 silly tarball no local data for @babel/helper-string-parser@https://registry.npmjs.org/@babel/helper-string-parser/-/helper-string-parser-7.29.7.tgz. Extracting by manifest.
3427 silly tarball no local data for @babel/helper-plugin-utils@https://registry.npmjs.org/@babel/helper-plugin-utils/-/helper-plugin-utils-7.29.7.tgz. Extracting by manifest.
3428 silly tarball no local data for jsesc@https://registry.npmjs.org/jsesc/-/jsesc-3.1.0.tgz. Extracting by manifest.
3429 silly tarball no local data for browserslist@https://registry.npmjs.org/browserslist/-/browserslist-4.28.6.tgz. Extracting by manifest.
3430 silly tarball no local data for @babel/helper-globals@https://registry.npmjs.org/@babel/helper-globals/-/helper-globals-7.29.7.tgz. Extracting by manifest.
3431 silly tarball no local data for @jridgewell/sourcemap-codec@https://registry.npmjs.org/@jridgewell/sourcemap-codec/-/sourcemap-codec-1.5.5.tgz. Extracting by manifest.
3432 silly tarball no local data for @babel/compat-data@https://registry.npmjs.org/@babel/compat-data/-/compat-data-7.29.7.tgz. Extracting by manifest.
3433 silly tarball no local data for gensync@https://registry.npmjs.org/gensync/-/gensync-1.0.0-beta.2.tgz. Extracting by manifest.
3434 silly tarball no local data for convert-source-map@https://registry.npmjs.org/convert-source-map/-/convert-source-map-2.0.0.tgz. Extracting by manifest.
3435 silly tarball no local data for @babel/types@https://registry.npmjs.org/@babel/types/-/types-7.29.7.tgz. Extracting by manifest.
3436 silly tarball no local data for @jridgewell/trace-mapping@https://registry.npmjs.org/@jridgewell/trace-mapping/-/trace-mapping-0.3.31.tgz. Extracting by manifest.
3437 silly tarball no local data for @jridgewell/gen-mapping@https://registry.npmjs.org/@jridgewell/gen-mapping/-/gen-mapping-0.3.13.tgz. Extracting by manifest.
3438 silly tarball no local data for @jridgewell/remapping@https://registry.npmjs.org/@jridgewell/remapping/-/remapping-2.3.5.tgz. Extracting by manifest.
3439 silly tarball no local data for @babel/traverse@https://registry.npmjs.org/@babel/traverse/-/traverse-7.29.7.tgz. Extracting by manifest.
3440 silly tarball no local data for @babel/template@https://registry.npmjs.org/@babel/template/-/template-7.29.7.tgz. Extracting by manifest.
3441 silly tarball no local data for @babel/helper-validator-option@https://registry.npmjs.org/@babel/helper-validator-option/-/helper-validator-option-7.29.7.tgz. Extracting by manifest.
3442 silly tarball no local data for @babel/helper-module-imports@https://registry.npmjs.org/@babel/helper-module-imports/-/helper-module-imports-7.29.7.tgz. Extracting by manifest.
3443 silly tarball no local data for @babel/helper-module-transforms@https://registry.npmjs.org/@babel/helper-module-transforms/-/helper-module-transforms-7.29.7.tgz. Extracting by manifest.
3444 silly tarball no local data for @babel/generator@https://registry.npmjs.org/@babel/generator/-/generator-7.29.7.tgz. Extracting by manifest.
3445 silly tarball no local data for @babel/parser@https://registry.npmjs.org/@babel/parser/-/parser-7.29.7.tgz. Extracting by manifest.
3446 silly tarball no local data for xmlbuilder@https://registry.npmjs.org/xmlbuilder/-/xmlbuilder-15.1.1.tgz. Extracting by manifest.
3447 silly tarball no local data for @babel/helpers@https://registry.npmjs.org/@babel/helpers/-/helpers-7.29.7.tgz. Extracting by manifest.
3448 silly tarball no local data for @babel/core@https://registry.npmjs.org/@babel/core/-/core-7.29.7.tgz. Extracting by manifest.
3449 silly tarball no local data for base64-js@https://registry.npmjs.org/base64-js/-/base64-js-1.5.1.tgz. Extracting by manifest.
3450 silly tarball no local data for @babel/helper-compilation-targets@https://registry.npmjs.org/@babel/helper-compilation-targets/-/helper-compilation-targets-7.29.7.tgz. Extracting by manifest.
3451 silly tarball no local data for @babel/plugin-transform-modules-commonjs@https://registry.npmjs.org/@babel/plugin-transform-modules-commonjs/-/plugin-transform-modules-commonjs-7.29.7.tgz. Extracting by manifest.
3452 silly tarball no local data for @xmldom/xmldom@https://registry.npmjs.org/@xmldom/xmldom/-/xmldom-0.8.13.tgz. Extracting by manifest.
3453 silly tarball no local data for metro-source-map@https://registry.npmjs.org/metro-source-map/-/metro-source-map-0.84.4.tgz. Extracting by manifest.
3454 silly tarball no local data for metro-runtime@https://registry.npmjs.org/metro-runtime/-/metro-runtime-0.84.4.tgz. Extracting by manifest.
3455 silly tarball no local data for metro-symbolicate@https://registry.npmjs.org/metro-symbolicate/-/metro-symbolicate-0.84.4.tgz. Extracting by manifest.
3456 silly tarball no local data for metro-file-map@https://registry.npmjs.org/metro-file-map/-/metro-file-map-0.84.4.tgz. Extracting by manifest.
3457 silly tarball no local data for metro-transform-plugins@https://registry.npmjs.org/metro-transform-plugins/-/metro-transform-plugins-0.84.4.tgz. Extracting by manifest.
3458 silly tarball no local data for metro-core@https://registry.npmjs.org/metro-core/-/metro-core-0.84.4.tgz. Extracting by manifest.
3459 silly tarball no local data for metro-config@https://registry.npmjs.org/metro-config/-/metro-config-0.84.4.tgz. Extracting by manifest.
3460 silly tarball no local data for metro-cache@https://registry.npmjs.org/metro-cache/-/metro-cache-0.84.4.tgz. Extracting by manifest.
3461 silly tarball no local data for metro-babel-transformer@https://registry.npmjs.org/metro-babel-transformer/-/metro-babel-transformer-0.84.4.tgz. Extracting by manifest.
3462 silly tarball no local data for metro-resolver@https://registry.npmjs.org/metro-resolver/-/metro-resolver-0.84.4.tgz. Extracting by manifest.
3463 silly tarball no local data for @babel/helper-validator-identifier@https://registry.npmjs.org/@babel/helper-validator-identifier/-/helper-validator-identifier-7.29.7.tgz. Extracting by manifest.
3464 silly tarball no local data for metro@https://registry.npmjs.org/metro/-/metro-0.84.4.tgz. Extracting by manifest.
3465 silly tarball no local data for metro-transform-worker@https://registry.npmjs.org/metro-transform-worker/-/metro-transform-worker-0.84.4.tgz. Extracting by manifest.
3466 silly tarball no local data for metro-minify-terser@https://registry.npmjs.org/metro-minify-terser/-/metro-minify-terser-0.84.4.tgz. Extracting by manifest.
3467 silly tarball no local data for @babel/code-frame@https://registry.npmjs.org/@babel/code-frame/-/code-frame-7.29.7.tgz. Extracting by manifest.
3468 silly tarball no local data for picocolors@https://registry.npmjs.org/picocolors/-/picocolors-1.1.1.tgz. Extracting by manifest.
3469 silly tarball no local data for json5@https://registry.npmjs.org/json5/-/json5-2.2.3.tgz. Extracting by manifest.
3470 silly tarball no local data for @expo/spawn-async@https://registry.npmjs.org/@expo/spawn-async/-/spawn-async-1.8.0.tgz. Extracting by manifest.
3471 silly tarball no local data for metro-cache-key@https://registry.npmjs.org/metro-cache-key/-/metro-cache-key-0.84.4.tgz. Extracting by manifest.
3472 silly tarball no local data for minimatch@https://registry.npmjs.org/minimatch/-/minimatch-10.2.5.tgz. Extracting by manifest.
3473 silly tarball no local data for @expo/env@https://registry.npmjs.org/@expo/env/-/env-2.4.2.tgz. Extracting by manifest.
3474 silly tarball no local data for arg@https://registry.npmjs.org/arg/-/arg-5.0.2.tgz. Extracting by manifest.
3475 silly tarball no local data for ignore@https://registry.npmjs.org/ignore/-/ignore-5.3.2.tgz. Extracting by manifest.
3476 silly tarball no local data for js-tokens@https://registry.npmjs.org/js-tokens/-/js-tokens-4.0.0.tgz. Extracting by manifest.
3477 silly tarball no local data for resolve-from@https://registry.npmjs.org/resolve-from/-/resolve-from-5.0.0.tgz. Extracting by manifest.
3478 silly tarball no local data for debug@https://registry.npmjs.org/debug/-/debug-4.4.3.tgz. Extracting by manifest.
3479 silly tarball no local data for xml2js@https://registry.npmjs.org/xml2js/-/xml2js-0.6.0.tgz. Extracting by manifest.
3480 silly tarball no local data for chalk@https://registry.npmjs.org/chalk/-/chalk-4.1.2.tgz. Extracting by manifest.
3481 silly tarball no local data for @expo/plist@https://registry.npmjs.org/@expo/plist/-/plist-0.8.1.tgz. Extracting by manifest.
3482 silly tarball no local data for xcode@https://registry.npmjs.org/xcode/-/xcode-3.0.1.tgz. Extracting by manifest.
3483 silly tarball no local data for slugify@https://registry.npmjs.org/slugify/-/slugify-1.6.9.tgz. Extracting by manifest.
3484 silly tarball no local data for @expo/sdk-runtime-versions@https://registry.npmjs.org/@expo/sdk-runtime-versions/-/sdk-runtime-versions-1.0.0.tgz. Extracting by manifest.
3485 silly tarball no local data for resolve-workspace-root@https://registry.npmjs.org/resolve-workspace-root/-/resolve-workspace-root-2.0.1.tgz. Extracting by manifest.
3486 silly tarball no local data for getenv@https://registry.npmjs.org/getenv/-/getenv-2.0.0.tgz. Extracting by manifest.
3487 silly tarball no local data for deepmerge@https://registry.npmjs.org/deepmerge/-/deepmerge-4.3.1.tgz. Extracting by manifest.
3488 silly tarball no local data for whatwg-url-minimum@https://registry.npmjs.org/whatwg-url-minimum/-/whatwg-url-minimum-0.1.2.tgz. Extracting by manifest.
3489 silly tarball no local data for @expo/json-file@https://registry.npmjs.org/@expo/json-file/-/json-file-11.0.1.tgz. Extracting by manifest.
3490 silly tarball no local data for @expo/require-utils@https://registry.npmjs.org/@expo/require-utils/-/require-utils-57.0.3.tgz. Extracting by manifest.
3491 silly tarball no local data for @expo/config-types@https://registry.npmjs.org/@expo/config-types/-/config-types-57.0.2.tgz. Extracting by manifest.
3492 silly tarball no local data for expo-modules-core@https://registry.npmjs.org/expo-modules-core/-/expo-modules-core-57.0.5.tgz. Extracting by manifest.
3493 silly tarball no local data for glob@https://registry.npmjs.org/glob/-/glob-13.0.6.tgz. Extracting by manifest.
3494 silly tarball no local data for @expo/metro@https://registry.npmjs.org/@expo/metro/-/metro-56.0.0.tgz. Extracting by manifest.
3495 silly tarball no local data for expo-modules-autolinking@https://registry.npmjs.org/expo-modules-autolinking/-/expo-modules-autolinking-57.0.7.tgz. Extracting by manifest.
3496 silly tarball no local data for pretty-format@https://registry.npmjs.org/pretty-format/-/pretty-format-29.7.0.tgz. Extracting by manifest.
3497 silly tarball no local data for @ungap/structured-clone@https://registry.npmjs.org/@ungap/structured-clone/-/structured-clone-1.3.3.tgz. Extracting by manifest.
3498 silly tarball no local data for @expo/devtools@https://registry.npmjs.org/@expo/devtools/-/devtools-57.0.1.tgz. Extracting by manifest.
3499 silly tarball no local data for react-refresh@https://registry.npmjs.org/react-refresh/-/react-refresh-0.14.2.tgz. Extracting by manifest.
3500 silly tarball no local data for @babel/runtime@https://registry.npmjs.org/@babel/runtime/-/runtime-7.29.7.tgz. Extracting by manifest.
3501 silly tarball no local data for csstype@https://registry.npmjs.org/csstype/-/csstype-3.2.3.tgz. Extracting by manifest.
3502 silly tarball no local data for @expo/config-plugins@https://registry.npmjs.org/@expo/config-plugins/-/config-plugins-57.0.5.tgz. Extracting by manifest.
3503 silly tarball no local data for semver@https://registry.npmjs.org/semver/-/semver-7.8.5.tgz. Extracting by manifest.
3504 silly tarball no local data for @expo/fingerprint@https://registry.npmjs.org/@expo/fingerprint/-/fingerprint-0.20.5.tgz. Extracting by manifest.
3505 silly tarball no local data for typescript@https://registry.npmjs.org/typescript/-/typescript-6.0.3.tgz. Extracting by manifest.
3506 silly tarball no local data for expo-status-bar@https://registry.npmjs.org/expo-status-bar/-/expo-status-bar-57.0.1.tgz. Extracting by manifest.
3507 silly tarball no local data for expo-secure-store@https://registry.npmjs.org/expo-secure-store/-/expo-secure-store-57.0.1.tgz. Extracting by manifest.
3508 silly tarball no local data for react@https://registry.npmjs.org/react/-/react-19.2.3.tgz. Extracting by manifest.
3509 silly tarball no local data for @expo/local-build-cache-provider@https://registry.npmjs.org/@expo/local-build-cache-provider/-/local-build-cache-provider-57.0.4.tgz. Extracting by manifest.
3510 silly tarball no local data for @expo/config@https://registry.npmjs.org/@expo/config/-/config-57.0.5.tgz. Extracting by manifest.
3511 silly tarball no local data for expo@https://registry.npmjs.org/expo/-/expo-57.0.6.tgz. Extracting by manifest.
3512 silly tarball no local data for react-native@https://registry.npmjs.org/react-native/-/react-native-0.86.0.tgz. Extracting by manifest.
3513 silly tarball no local data for semver@https://registry.npmjs.org/semver/-/semver-6.3.1.tgz. Extracting by manifest.
3514 silly tarball no local data for semver@https://registry.npmjs.org/semver/-/semver-6.3.1.tgz. Extracting by manifest.
3515 silly tarball no local data for @types/react@https://registry.npmjs.org/@types/react/-/react-19.2.17.tgz. Extracting by manifest.
3516 silly tarball no local data for has-flag@https://registry.npmjs.org/has-flag/-/has-flag-3.0.0.tgz. Extracting by manifest.
3517 silly tarball no local data for type-fest@https://registry.npmjs.org/type-fest/-/type-fest-0.21.3.tgz. Extracting by manifest.
3518 silly tarball no local data for color-name@https://registry.npmjs.org/color-name/-/color-name-1.1.3.tgz. Extracting by manifest.
3519 silly tarball no local data for semver@https://registry.npmjs.org/semver/-/semver-6.3.1.tgz. Extracting by manifest.
3520 silly tarball no local data for supports-color@https://registry.npmjs.org/supports-color/-/supports-color-5.5.0.tgz. Extracting by manifest.
3521 silly tarball no local data for escape-string-regexp@https://registry.npmjs.org/escape-string-regexp/-/escape-string-regexp-1.0.5.tgz. Extracting by manifest.
3522 silly tarball no local data for semver@https://registry.npmjs.org/semver/-/semver-6.3.1.tgz. Extracting by manifest.
3523 silly tarball no local data for ansi-styles@https://registry.npmjs.org/ansi-styles/-/ansi-styles-3.2.1.tgz. Extracting by manifest.
3524 silly tarball no local data for has-flag@https://registry.npmjs.org/has-flag/-/has-flag-3.0.0.tgz. Extracting by manifest.
3525 silly tarball no local data for lru-cache@https://registry.npmjs.org/lru-cache/-/lru-cache-10.4.3.tgz. Extracting by manifest.
3526 silly tarball no local data for ansi-regex@https://registry.npmjs.org/ansi-regex/-/ansi-regex-4.1.1.tgz. Extracting by manifest.
3527 silly tarball no local data for color-convert@https://registry.npmjs.org/color-convert/-/color-convert-1.9.3.tgz. Extracting by manifest.
3528 silly tarball no local data for supports-color@https://registry.npmjs.org/supports-color/-/supports-color-5.5.0.tgz. Extracting by manifest.
3529 silly tarball no local data for color-convert@https://registry.npmjs.org/color-convert/-/color-convert-1.9.3.tgz. Extracting by manifest.
3530 silly tarball no local data for color-name@https://registry.npmjs.org/color-name/-/color-name-1.1.3.tgz. Extracting by manifest.
3531 silly tarball no local data for chalk@https://registry.npmjs.org/chalk/-/chalk-2.4.2.tgz. Extracting by manifest.
3532 silly tarball no local data for strip-ansi@https://registry.npmjs.org/strip-ansi/-/strip-ansi-5.2.0.tgz. Extracting by manifest.
3533 silly tarball no local data for escape-string-regexp@https://registry.npmjs.org/escape-string-regexp/-/escape-string-regexp-1.0.5.tgz. Extracting by manifest.
3534 silly tarball no local data for chalk@https://registry.npmjs.org/chalk/-/chalk-2.4.2.tgz. Extracting by manifest.
3535 silly tarball no local data for ansi-styles@https://registry.npmjs.org/ansi-styles/-/ansi-styles-3.2.1.tgz. Extracting by manifest.
3536 silly tarball no local data for negotiator@https://registry.npmjs.org/negotiator/-/negotiator-0.6.4.tgz. Extracting by manifest.
3537 silly tarball no local data for statuses@https://registry.npmjs.org/statuses/-/statuses-2.0.2.tgz. Extracting by manifest.
3538 silly tarball no local data for on-finished@https://registry.npmjs.org/on-finished/-/on-finished-2.4.1.tgz. Extracting by manifest.
3539 silly tarball no local data for ms@https://registry.npmjs.org/ms/-/ms-2.0.0.tgz. Extracting by manifest.
3540 silly tarball no local data for debug@https://registry.npmjs.org/debug/-/debug-3.2.7.tgz. Extracting by manifest.
3541 silly tarball no local data for source-map@https://registry.npmjs.org/source-map/-/source-map-0.6.1.tgz. Extracting by manifest.
3542 silly tarball no local data for @xmldom/xmldom@https://registry.npmjs.org/@xmldom/xmldom/-/xmldom-0.9.10.tgz. Extracting by manifest.
3543 silly tarball no local data for debug@https://registry.npmjs.org/debug/-/debug-2.6.9.tgz. Extracting by manifest.
3544 silly tarball no local data for encodeurl@https://registry.npmjs.org/encodeurl/-/encodeurl-2.0.0.tgz. Extracting by manifest.
3545 silly tarball no local data for debug@https://registry.npmjs.org/debug/-/debug-2.6.9.tgz. Extracting by manifest.
3546 silly tarball no local data for statuses@https://registry.npmjs.org/statuses/-/statuses-2.0.2.tgz. Extracting by manifest.
3547 silly tarball no local data for debug@https://registry.npmjs.org/debug/-/debug-2.6.9.tgz. Extracting by manifest.
3548 silly tarball no local data for ms@https://registry.npmjs.org/ms/-/ms-2.0.0.tgz. Extracting by manifest.
3549 silly tarball no local data for encodeurl@https://registry.npmjs.org/encodeurl/-/encodeurl-2.0.0.tgz. Extracting by manifest.
3550 silly tarball no local data for picomatch@https://registry.npmjs.org/picomatch/-/picomatch-4.0.5.tgz. Extracting by manifest.
3551 silly tarball no local data for ms@https://registry.npmjs.org/ms/-/ms-2.0.0.tgz. Extracting by manifest.
3552 silly tarball no local data for hermes-parser@https://registry.npmjs.org/hermes-parser/-/hermes-parser-0.36.0.tgz. Extracting by manifest.
3553 silly tarball no local data for fdir@https://registry.npmjs.org/fdir/-/fdir-6.5.0.tgz. Extracting by manifest.
3554 silly tarball no local data for commander@https://registry.npmjs.org/commander/-/commander-2.20.3.tgz. Extracting by manifest.
3555 silly tarball no local data for hermes-parser@https://registry.npmjs.org/hermes-parser/-/hermes-parser-0.36.0.tgz. Extracting by manifest.
3556 silly tarball no local data for ci-info@https://registry.npmjs.org/ci-info/-/ci-info-3.9.0.tgz. Extracting by manifest.
3557 silly tarball no local data for hermes-estree@https://registry.npmjs.org/hermes-estree/-/hermes-estree-0.36.0.tgz. Extracting by manifest.
3558 silly tarball no local data for fb-dotslash@https://registry.npmjs.org/fb-dotslash/-/fb-dotslash-0.5.8.tgz. Extracting by manifest.
3559 silly tarball no local data for debug@https://registry.npmjs.org/debug/-/debug-2.6.9.tgz. Extracting by manifest.
3560 silly tarball no local data for hermes-estree@https://registry.npmjs.org/hermes-estree/-/hermes-estree-0.36.0.tgz. Extracting by manifest.
3561 silly tarball no local data for ms@https://registry.npmjs.org/ms/-/ms-2.0.0.tgz. Extracting by manifest.
3562 silly tarball no local data for ms@https://registry.npmjs.org/ms/-/ms-2.0.0.tgz. Extracting by manifest.
3563 silly tarball no local data for supports-color@https://registry.npmjs.org/supports-color/-/supports-color-8.1.1.tgz. Extracting by manifest.
3564 silly tarball no local data for lru-cache@https://registry.npmjs.org/lru-cache/-/lru-cache-11.5.2.tgz. Extracting by manifest.
3565 silly tarball no local data for xmlbuilder@https://registry.npmjs.org/xmlbuilder/-/xmlbuilder-11.0.1.tgz. Extracting by manifest.
3566 silly tarball no local data for ansi-styles@https://registry.npmjs.org/ansi-styles/-/ansi-styles-5.2.0.tgz. Extracting by manifest.
3567 silly tarball no local data for semver@https://registry.npmjs.org/semver/-/semver-6.3.1.tgz. Extracting by manifest.
3568 silly tarball no local data for hermes-estree@https://registry.npmjs.org/hermes-estree/-/hermes-estree-0.36.1.tgz. Extracting by manifest.
3569 silly tarball no local data for debug@https://registry.npmjs.org/debug/-/debug-2.6.9.tgz. Extracting by manifest.
3570 silly tarball no local data for mime-db@https://registry.npmjs.org/mime-db/-/mime-db-1.52.0.tgz. Extracting by manifest.
3571 silly tarball no local data for mime-types@https://registry.npmjs.org/mime-types/-/mime-types-2.1.35.tgz. Extracting by manifest.
3572 silly tarball no local data for negotiator@https://registry.npmjs.org/negotiator/-/negotiator-0.6.3.tgz. Extracting by manifest.
3573 silly tarball no local data for @expo/ws-tunnel@https://registry.npmjs.org/@expo/ws-tunnel/-/ws-tunnel-2.0.0.tgz. Extracting by manifest.
3574 silly tarball no local data for semver@https://registry.npmjs.org/semver/-/semver-6.3.1.tgz. Extracting by manifest.
3575 silly tarball no local data for ci-info@https://registry.npmjs.org/ci-info/-/ci-info-3.9.0.tgz. Extracting by manifest.
3576 silly tarball no local data for commander@https://registry.npmjs.org/commander/-/commander-12.1.0.tgz. Extracting by manifest.
3577 silly tarball no local data for ws@https://registry.npmjs.org/ws/-/ws-8.21.1.tgz. Extracting by manifest.
3578 silly tarball no local data for expo-font@https://registry.npmjs.org/expo-font/-/expo-font-57.0.1.tgz. Extracting by manifest.
3579 silly tarball no local data for picomatch@https://registry.npmjs.org/picomatch/-/picomatch-4.0.5.tgz. Extracting by manifest.
3580 silly tarball no local data for accepts@https://registry.npmjs.org/accepts/-/accepts-1.3.8.tgz. Extracting by manifest.
3581 silly tarball no local data for expo-file-system@https://registry.npmjs.org/expo-file-system/-/expo-file-system-57.0.1.tgz. Extracting by manifest.
3582 silly tarball no local data for expo-constants@https://registry.npmjs.org/expo-constants/-/expo-constants-57.0.5.tgz. Extracting by manifest.
3583 silly tarball no local data for expo-keep-awake@https://registry.npmjs.org/expo-keep-awake/-/expo-keep-awake-57.0.1.tgz. Extracting by manifest.
3584 silly tarball no local data for @expo/metro-config@https://registry.npmjs.org/@expo/metro-config/-/metro-config-57.0.5.tgz. Extracting by manifest.
3585 silly tarball no local data for expo-asset@https://registry.npmjs.org/expo-asset/-/expo-asset-57.0.5.tgz. Extracting by manifest.
3586 silly tarball no local data for babel-preset-expo@https://registry.npmjs.org/babel-preset-expo/-/babel-preset-expo-57.0.3.tgz. Extracting by manifest.
3587 silly tarball no local data for @expo/dom-webview@https://registry.npmjs.org/@expo/dom-webview/-/dom-webview-57.0.1.tgz. Extracting by manifest.
3588 silly tarball no local data for @expo/log-box@https://registry.npmjs.org/@expo/log-box/-/log-box-57.0.1.tgz. Extracting by manifest.
3589 silly tarball no local data for @expo/cli@https://registry.npmjs.org/@expo/cli/-/cli-57.0.8.tgz. Extracting by manifest.
3590 silly tarball no local data for hermes-parser@https://registry.npmjs.org/hermes-parser/-/hermes-parser-0.36.1.tgz. Extracting by manifest.
3591 silly tarball no local data for @expo/router-server@https://registry.npmjs.org/@expo/router-server/-/router-server-57.0.3.tgz. Extracting by manifest.
3592 http fetch POST 200 https://registry.npmjs.org/-/npm/v1/security/advisories/bulk 1175ms
3593 silly audit report {
3593 silly audit report   uuid: [
3593 silly audit report     {
3593 silly audit report       id: 1119441,
3593 silly audit report       url: 'https://github.com/advisories/GHSA-w5hq-g745-h8pq',
3593 silly audit report       title: 'uuid: Missing buffer bounds check in v3/v5/v6 when buf is provided',
3593 silly audit report       severity: 'moderate',
3593 silly audit report       vulnerable_versions: '<11.1.1',
3593 silly audit report       cwe: [Array],
3593 silly audit report       cvss: [Object]
3593 silly audit report     }
3593 silly audit report   ]
3593 silly audit report }
3594 silly packumentCache corgi:https://registry.npmjs.org/uuid cache-miss
3595 http fetch GET 200 https://registry.npmjs.org/unicode-canonical-property-names-ecmascript/-/unicode-canonical-property-names-ecmascript-2.0.1.tgz 765ms (cache miss)
3596 http fetch GET 200 https://registry.npmjs.org/unicode-property-aliases-ecmascript/-/unicode-property-aliases-ecmascript-2.2.0.tgz 767ms (cache miss)
3597 http fetch GET 200 https://registry.npmjs.org/path-parse/-/path-parse-1.0.7.tgz 785ms (cache miss)
3598 http fetch GET 200 https://registry.npmjs.org/@babel/plugin-syntax-jsx/-/plugin-syntax-jsx-7.29.7.tgz 1007ms (cache miss)
3599 http fetch GET 200 https://registry.npmjs.org/regenerate/-/regenerate-1.4.2.tgz 1009ms (cache miss)
3600 http fetch GET 200 https://registry.npmjs.org/hasown/-/hasown-2.0.4.tgz 1047ms (cache miss)
3601 http fetch GET 200 https://registry.npmjs.org/fontfaceobserver/-/fontfaceobserver-2.3.0.tgz 1058ms (cache miss)
3602 http fetch GET 200 https://registry.npmjs.org/regjsparser/-/regjsparser-0.13.2.tgz 1019ms (cache miss)
3603 http fetch GET 200 https://registry.npmjs.org/function-bind/-/function-bind-1.1.2.tgz 1060ms (cache miss)
3604 http fetch GET 200 https://registry.npmjs.org/@babel/helper-create-regexp-features-plugin/-/helper-create-regexp-features-plugin-7.29.7.tgz 1055ms (cache miss)
3605 http fetch GET 200 https://registry.npmjs.org/lodash.debounce/-/lodash.debounce-4.0.8.tgz 1068ms (cache miss)
3606 http fetch GET 200 https://registry.npmjs.org/es-errors/-/es-errors-1.3.0.tgz 1120ms (cache miss)
3607 http fetch GET 200 https://registry.npmjs.org/supports-preserve-symlinks-flag/-/supports-preserve-symlinks-flag-1.0.0.tgz 1257ms (cache miss)
3608 http fetch GET 200 https://registry.npmjs.org/@babel/plugin-syntax-flow/-/plugin-syntax-flow-7.29.7.tgz 1839ms (cache miss)
3609 http fetch GET 200 https://registry.npmjs.org/regexpu-core/-/regexpu-core-6.4.0.tgz 2249ms (cache miss)
3610 http fetch GET 200 https://registry.npmjs.org/unicode-match-property-value-ecmascript/-/unicode-match-property-value-ecmascript-2.2.1.tgz 2304ms (cache miss)
3611 http fetch GET 200 https://registry.npmjs.org/@babel/helper-replace-supers/-/helper-replace-supers-7.29.7.tgz 2310ms (cache miss)
3612 http fetch GET 200 https://registry.npmjs.org/@babel/plugin-syntax-typescript/-/plugin-syntax-typescript-7.29.7.tgz 2400ms (cache miss)
3613 http fetch GET 200 https://registry.npmjs.org/regjsgen/-/regjsgen-0.8.0.tgz 2393ms (cache miss)
3614 http fetch GET 200 https://registry.npmjs.org/is-core-module/-/is-core-module-2.16.2.tgz 2444ms (cache miss)
3615 http fetch GET 200 https://registry.npmjs.org/@babel/helper-optimise-call-expression/-/helper-optimise-call-expression-7.29.7.tgz 2387ms (cache miss)
3616 http fetch GET 200 https://registry.npmjs.org/@babel/helper-define-polyfill-provider/-/helper-define-polyfill-provider-0.6.8.tgz 2587ms (cache miss)
3617 http fetch GET 200 https://registry.npmjs.org/babel-plugin-polyfill-regenerator/-/babel-plugin-polyfill-regenerator-0.6.8.tgz 3829ms (cache miss)
3618 http fetch GET 200 https://registry.npmjs.org/@babel/helper-member-expression-to-functions/-/helper-member-expression-to-functions-7.29.7.tgz 4456ms (cache miss)
3619 http fetch GET 200 https://registry.npmjs.org/@babel/plugin-syntax-decorators/-/plugin-syntax-decorators-7.29.7.tgz 4888ms (cache miss)
3620 http fetch GET 200 https://registry.npmjs.org/babel-plugin-transform-flow-enums/-/babel-plugin-transform-flow-enums-0.0.2.tgz 4999ms (cache miss)
3621 http fetch GET 200 https://registry.npmjs.org/unicode-match-property-ecmascript/-/unicode-match-property-ecmascript-2.0.0.tgz 6410ms (cache miss)
3622 http fetch GET 200 https://registry.npmjs.org/@babel/helper-annotate-as-pure/-/helper-annotate-as-pure-7.29.7.tgz 6606ms (cache miss)
3623 http fetch GET 200 https://registry.npmjs.org/@babel/preset-typescript/-/preset-typescript-7.29.7.tgz 6659ms (cache miss)
3624 http fetch GET 200 https://registry.npmjs.org/regenerate-unicode-properties/-/regenerate-unicode-properties-10.2.2.tgz 7122ms (cache miss)
3625 http fetch GET 200 https://registry.npmjs.org/@react-native/babel-plugin-codegen/-/babel-plugin-codegen-0.86.0.tgz 7472ms (cache miss)
3626 http fetch GET 200 https://registry.npmjs.org/resolve/-/resolve-1.22.12.tgz 8850ms (cache miss)
3627 http fetch GET 200 https://registry.npmjs.org/babel-plugin-react-native-web/-/babel-plugin-react-native-web-0.21.2.tgz 9185ms (cache miss)
3628 http fetch GET 200 https://registry.npmjs.org/@babel/helper-wrap-function/-/helper-wrap-function-7.29.7.tgz 9261ms (cache miss)
3629 http fetch GET 200 https://registry.npmjs.org/@babel/plugin-transform-typescript/-/plugin-transform-typescript-7.29.7.tgz 9472ms (cache miss)
3630 http fetch GET 200 https://registry.npmjs.org/@babel/plugin-transform-react-pure-annotations/-/plugin-transform-react-pure-annotations-7.29.7.tgz 9498ms (cache miss)
3631 http fetch GET 200 https://registry.npmjs.org/babel-plugin-polyfill-corejs2/-/babel-plugin-polyfill-corejs2-0.4.17.tgz 9894ms (cache miss)
3632 http fetch GET 200 https://registry.npmjs.org/core-js-compat/-/core-js-compat-3.49.0.tgz 9872ms (cache miss)
3633 http fetch GET 200 https://registry.npmjs.org/@babel/plugin-transform-runtime/-/plugin-transform-runtime-7.29.7.tgz 9972ms (cache miss)
3634 http fetch GET 200 https://registry.npmjs.org/@babel/plugin-transform-react-jsx-development/-/plugin-transform-react-jsx-development-7.29.7.tgz 9996ms (cache miss)
3635 http fetch GET 200 https://registry.npmjs.org/@babel/plugin-transform-react-jsx/-/plugin-transform-react-jsx-7.29.7.tgz 10201ms (cache miss)
3636 http fetch GET 200 https://registry.npmjs.org/@babel/plugin-transform-react-display-name/-/plugin-transform-react-display-name-7.29.7.tgz 10230ms (cache miss)
3637 http fetch GET 200 https://registry.npmjs.org/@babel/plugin-transform-private-property-in-object/-/plugin-transform-private-property-in-object-7.29.7.tgz 10274ms (cache miss)
3638 http fetch GET 200 https://registry.npmjs.org/@babel/plugin-transform-unicode-regex/-/plugin-transform-unicode-regex-7.29.7.tgz 10289ms (cache miss)
3639 http fetch GET 200 https://registry.npmjs.org/babel-plugin-polyfill-corejs3/-/babel-plugin-polyfill-corejs3-0.13.0.tgz 10515ms (cache miss)
3640 http fetch GET 200 https://registry.npmjs.org/@babel/plugin-transform-private-methods/-/plugin-transform-private-methods-7.29.7.tgz 10473ms (cache miss)
3641 http fetch GET 200 https://registry.npmjs.org/@babel/plugin-transform-optional-chaining/-/plugin-transform-optional-chaining-7.29.7.tgz 10475ms (cache miss)
3642 http fetch GET 200 https://registry.npmjs.org/@babel/plugin-transform-optional-catch-binding/-/plugin-transform-optional-catch-binding-7.29.7.tgz 10528ms (cache miss)
3643 http fetch GET 200 https://registry.npmjs.org/@babel/plugin-transform-object-rest-spread/-/plugin-transform-object-rest-spread-7.29.7.tgz 10540ms (cache miss)
3644 http fetch GET 200 https://registry.npmjs.org/@babel/plugin-transform-named-capturing-groups-regex/-/plugin-transform-named-capturing-groups-regex-7.29.7.tgz 10961ms (cache miss)
3645 http fetch GET 200 https://registry.npmjs.org/@babel/plugin-transform-nullish-coalescing-operator/-/plugin-transform-nullish-coalescing-operator-7.29.7.tgz 10966ms (cache miss)
3646 http fetch GET 200 https://registry.npmjs.org/@babel/plugin-transform-parameters/-/plugin-transform-parameters-7.29.7.tgz 11006ms (cache miss)
3647 http fetch GET 200 https://registry.npmjs.org/@babel/plugin-transform-flow-strip-types/-/plugin-transform-flow-strip-types-7.29.7.tgz 11009ms (cache miss)
3648 http fetch GET 200 https://registry.npmjs.org/@babel/plugin-transform-export-namespace-from/-/plugin-transform-export-namespace-from-7.29.7.tgz 11368ms (cache miss)
3649 http fetch GET 200 https://registry.npmjs.org/@babel/helper-remap-async-to-generator/-/helper-remap-async-to-generator-7.29.7.tgz 11426ms (cache miss)
3650 http fetch GET 200 https://registry.npmjs.org/@babel/plugin-transform-logical-assignment-operators/-/plugin-transform-logical-assignment-operators-7.29.7.tgz 12136ms (cache miss)
3651 http fetch GET 200 https://registry.npmjs.org/@babel/plugin-transform-classes/-/plugin-transform-classes-7.29.7.tgz 12503ms (cache miss)
3652 http fetch GET 200 https://registry.npmjs.org/@babel/plugin-transform-class-static-block/-/plugin-transform-class-static-block-7.29.7.tgz 12642ms (cache miss)
3653 http fetch GET 200 https://registry.npmjs.org/@babel/plugin-transform-for-of/-/plugin-transform-for-of-7.29.7.tgz 12706ms (cache miss)
3654 http fetch GET 200 https://registry.npmjs.org/@babel/plugin-transform-async-to-generator/-/plugin-transform-async-to-generator-7.29.7.tgz 12770ms (cache miss)
3655 http fetch GET 200 https://registry.npmjs.org/@babel/plugin-transform-block-scoping/-/plugin-transform-block-scoping-7.29.7.tgz 12821ms (cache miss)
3656 http fetch GET 200 https://registry.npmjs.org/@babel/plugin-syntax-dynamic-import/-/plugin-syntax-dynamic-import-7.8.3.tgz 12834ms (cache miss)
3657 http fetch GET 200 https://registry.npmjs.org/@babel/plugin-syntax-nullish-coalescing-operator/-/plugin-syntax-nullish-coalescing-operator-7.8.3.tgz 12836ms (cache miss)
3658 http fetch GET 200 https://registry.npmjs.org/@babel/plugin-syntax-export-default-from/-/plugin-syntax-export-default-from-7.29.7.tgz 12855ms (cache miss)
3659 http fetch GET 200 https://registry.npmjs.org/@babel/plugin-transform-async-generator-functions/-/plugin-transform-async-generator-functions-7.29.7.tgz 13375ms (cache miss)
3660 http fetch GET 200 https://registry.npmjs.org/@babel/plugin-transform-destructuring/-/plugin-transform-destructuring-7.29.7.tgz 13646ms (cache miss)
3661 http fetch GET 200 https://registry.npmjs.org/@babel/plugin-syntax-optional-chaining/-/plugin-syntax-optional-chaining-7.8.3.tgz 13661ms (cache miss)
3662 http fetch GET 200 https://registry.npmjs.org/@babel/helper-skip-transparent-expression-wrappers/-/helper-skip-transparent-expression-wrappers-7.29.7.tgz 13695ms (cache miss)
3663 http fetch GET 200 https://registry.npmjs.org/@babel/plugin-proposal-export-default-from/-/plugin-proposal-export-default-from-7.29.7.tgz 14057ms (cache miss)
3664 http fetch GET 200 https://registry.npmjs.org/source-map-js/-/source-map-js-1.2.1.tgz 15209ms (cache miss)
3665 http fetch GET 200 https://registry.npmjs.org/nanoid/-/nanoid-3.3.16.tgz 15389ms (cache miss)
3666 http fetch GET 200 https://registry.npmjs.org/@babel/plugin-proposal-decorators/-/plugin-proposal-decorators-7.29.7.tgz 15401ms (cache miss)
3667 http fetch GET 200 https://registry.npmjs.org/clone/-/clone-1.0.4.tgz 16689ms (cache miss)
3668 http fetch GET 200 https://registry.npmjs.org/defaults/-/defaults-1.0.4.tgz 16782ms (cache miss)
3669 http fetch GET 200 https://registry.npmjs.org/postcss/-/postcss-8.5.19.tgz 18133ms (cache miss)
3670 http fetch GET 200 https://registry.npmjs.org/supports-hyperlinks/-/supports-hyperlinks-2.3.0.tgz 18196ms (cache miss)
3671 http fetch GET 200 https://registry.npmjs.org/mimic-fn/-/mimic-fn-1.2.0.tgz 18929ms (cache miss)
3672 http fetch GET 200 https://registry.npmjs.org/signal-exit/-/signal-exit-3.0.7.tgz 19075ms (cache miss)
3673 http fetch GET 200 https://registry.npmjs.org/ansi-escapes/-/ansi-escapes-4.3.2.tgz 19094ms (cache miss)
3674 http fetch GET 200 https://registry.npmjs.org/sisteransi/-/sisteransi-1.0.5.tgz 20365ms (cache miss)
3675 http fetch GET 200 https://registry.npmjs.org/onetime/-/onetime-2.0.1.tgz 21442ms (cache miss)
3676 http fetch GET 200 https://registry.npmjs.org/@babel/plugin-transform-class-properties/-/plugin-transform-class-properties-7.29.7.tgz 21625ms (cache miss)
3677 http fetch GET 200 https://registry.npmjs.org/kleur/-/kleur-3.0.3.tgz 22456ms (cache miss)
3678 http fetch GET 200 https://registry.npmjs.org/log-symbols/-/log-symbols-2.2.0.tgz 23711ms (cache miss)
3679 http fetch GET 200 https://registry.npmjs.org/restore-cursor/-/restore-cursor-2.0.0.tgz 24571ms (cache miss)
3680 http fetch GET 200 https://registry.npmjs.org/lightningcss/-/lightningcss-1.32.0.tgz 24613ms (cache miss)
3681 http fetch GET 200 https://registry.npmjs.org/wcwidth/-/wcwidth-1.0.1.tgz 24776ms (cache miss)
3682 http fetch GET 200 https://registry.npmjs.org/validate-npm-package-name/-/validate-npm-package-name-5.0.1.tgz 26794ms (cache miss)
3683 http fetch GET 200 https://registry.npmjs.org/proc-log/-/proc-log-4.2.0.tgz 26890ms (cache miss)
3684 http fetch GET 200 https://registry.npmjs.org/hosted-git-info/-/hosted-git-info-7.0.2.tgz 28052ms (cache miss)
3685 http fetch GET 200 https://registry.npmjs.org/detect-libc/-/detect-libc-2.1.2.tgz 28608ms (cache miss)
3686 http fetch GET 200 https://registry.npmjs.org/safe-buffer/-/safe-buffer-5.2.1.tgz 28937ms (cache miss)
3687 http fetch GET 200 https://registry.npmjs.org/on-headers/-/on-headers-1.1.0.tgz 28981ms (cache miss)
3688 http fetch GET 200 https://registry.npmjs.org/bytes/-/bytes-3.1.2.tgz 29140ms (cache miss)
3689 http fetch GET 200 https://registry.npmjs.org/compressible/-/compressible-2.0.18.tgz 29193ms (cache miss)
3690 http fetch GET 200 https://registry.npmjs.org/parse-png/-/parse-png-2.1.0.tgz 32416ms (cache miss)
3691 http fetch GET 200 https://registry.npmjs.org/vary/-/vary-1.1.2.tgz 35502ms (cache miss)
3692 http fetch GET 200 https://registry.npmjs.org/@babel/helper-create-class-features-plugin/-/helper-create-class-features-plugin-7.29.7.tgz 37263ms (cache miss)
3693 http fetch GET 200 https://registry.npmjs.org/ora/-/ora-3.4.0.tgz 37369ms (cache miss)
3694 http fetch GET https://registry.npmjs.org/cli-cursor/-/cli-cursor-2.1.0.tgz attempt 1 failed with ECONNRESET
3695 http fetch GET 200 https://registry.npmjs.org/terminal-link/-/terminal-link-2.1.1.tgz 48797ms (cache miss)
3696 http fetch GET 200 https://registry.npmjs.org/prompts/-/prompts-2.4.2.tgz 49514ms (cache miss)
3697 http fetch GET 200 https://registry.npmjs.org/npm-package-arg/-/npm-package-arg-11.0.3.tgz 49572ms (cache miss)
3698 http fetch GET 200 https://registry.npmjs.org/structured-headers/-/structured-headers-0.4.1.tgz 49695ms (cache miss)
3699 http fetch GET 200 https://registry.npmjs.org/js-yaml/-/js-yaml-4.3.0.tgz 52642ms (cache miss)
3700 http fetch GET 200 https://registry.npmjs.org/argparse/-/argparse-2.0.1.tgz 53068ms (cache miss)
3701 http fetch GET 200 https://registry.npmjs.org/pngjs/-/pngjs-3.4.0.tgz 53683ms (cache miss)
3702 http fetch GET 200 https://registry.npmjs.org/jimp-compact/-/jimp-compact-0.16.1.tgz 56619ms (cache miss)
3703 http fetch GET 200 https://registry.npmjs.org/lan-network/-/lan-network-0.2.1.tgz 57421ms (cache miss)
3704 http fetch GET 200 https://registry.npmjs.org/@expo/sudo-prompt/-/sudo-prompt-9.3.2.tgz 57489ms (cache miss)
3705 http fetch GET 200 https://registry.npmjs.org/compression/-/compression-1.8.1.tgz 58758ms (cache miss)
3706 http fetch GET 200 https://registry.npmjs.org/cli-spinners/-/cli-spinners-2.9.2.tgz 60065ms (cache miss)
3707 http fetch GET 200 https://registry.npmjs.org/agent-cli-detector/-/agent-cli-detector-0.1.2.tgz 60444ms (cache miss)
3708 http fetch GET 200 https://registry.npmjs.org/@expo/schema-utils/-/schema-utils-57.0.2.tgz 62746ms (cache miss)
3709 http fetch GET 200 https://registry.npmjs.org/progress/-/progress-2.0.3.tgz 66489ms (cache miss)
3710 http fetch GET 200 https://registry.npmjs.org/dnssd-advertise/-/dnssd-advertise-1.1.6.tgz 70762ms (cache miss)
3711 http fetch GET 200 https://registry.npmjs.org/@expo/package-manager/-/package-manager-1.13.1.tgz 71370ms (cache miss)
3712 http fetch GET 200 https://registry.npmjs.org/@expo/inline-modules/-/inline-modules-0.1.3.tgz 72306ms (cache miss)
3713 http fetch GET 200 https://registry.npmjs.org/expo-server/-/expo-server-57.0.1.tgz 73329ms (cache miss)
3714 http fetch GET 200 https://registry.npmjs.org/@expo/prebuild-config/-/prebuild-config-57.0.7.tgz 73590ms (cache miss)
3715 http fetch GET 200 https://registry.npmjs.org/fetch-nodeshim/-/fetch-nodeshim-0.4.10.tgz 74266ms (cache miss)
3716 http fetch GET 200 https://registry.npmjs.org/@expo/xcpretty/-/xcpretty-4.4.4.tgz 75432ms (cache miss)
3717 http fetch GET 200 https://registry.npmjs.org/@expo/metro-file-map/-/metro-file-map-57.0.1.tgz 76457ms (cache miss)
3718 http fetch GET 200 https://registry.npmjs.org/toqr/-/toqr-0.1.1.tgz 76794ms (cache miss)
3719 http fetch GET 200 https://registry.npmjs.org/@expo/image-utils/-/image-utils-0.11.3.tgz 78579ms (cache miss)
3720 http fetch GET 200 https://registry.npmjs.org/is-fullwidth-code-point/-/is-fullwidth-code-point-3.0.0.tgz 79051ms (cache miss)
3721 http fetch GET 200 https://registry.npmjs.org/strip-ansi/-/strip-ansi-6.0.1.tgz 79074ms (cache miss)
3722 http fetch GET 200 https://registry.npmjs.org/wrap-ansi/-/wrap-ansi-7.0.0.tgz 79203ms (cache miss)
3723 http fetch GET 200 https://registry.npmjs.org/string-width/-/string-width-4.2.3.tgz 79223ms (cache miss)
3724 http fetch GET 200 https://registry.npmjs.org/y18n/-/y18n-5.0.8.tgz 79317ms (cache miss)
3725 http fetch GET 200 https://registry.npmjs.org/multitars/-/multitars-1.0.0.tgz 79504ms (cache miss)
3726 http fetch GET 200 https://registry.npmjs.org/yargs-parser/-/yargs-parser-21.1.1.tgz 79530ms (cache miss)
3727 http fetch GET 200 https://registry.npmjs.org/require-directory/-/require-directory-2.1.1.tgz 79853ms (cache miss)
3728 http fetch GET 200 https://registry.npmjs.org/@expo/devcert/-/devcert-1.2.1.tgz 80043ms (cache miss)
3729 http fetch GET 200 https://registry.npmjs.org/get-caller-file/-/get-caller-file-2.0.5.tgz 80136ms (cache miss)
3730 http fetch GET 200 https://registry.npmjs.org/cliui/-/cliui-8.0.1.tgz 80355ms (cache miss)
3731 http fetch GET 200 https://registry.npmjs.org/sax/-/sax-1.6.0.tgz 80915ms (cache miss)
3732 http fetch GET 200 https://registry.npmjs.org/big-integer/-/big-integer-1.6.52.tgz 82067ms (cache miss)
3733 http fetch GET 200 https://registry.npmjs.org/@expo/osascript/-/osascript-2.7.1.tgz 82382ms (cache miss)
3734 http fetch GET 200 https://registry.npmjs.org/bplist-parser/-/bplist-parser-0.3.1.tgz 82689ms (cache miss)
3735 http fetch GET 200 https://registry.npmjs.org/bplist-creator/-/bplist-creator-0.1.0.tgz 82971ms (cache miss)
3736 http fetch GET 200 https://registry.npmjs.org/emoji-regex/-/emoji-regex-8.0.0.tgz 82972ms (cache miss)
3737 http fetch GET 200 https://registry.npmjs.org/babel-plugin-react-compiler/-/babel-plugin-react-compiler-1.0.0.tgz 84877ms (cache miss)
3738 http fetch GET 200 https://registry.npmjs.org/@expo/code-signing-certificates/-/code-signing-certificates-0.0.6.tgz 86832ms (cache miss)
3739 http fetch GET 200 https://registry.npmjs.org/simple-plist/-/simple-plist-1.3.1.tgz 88944ms (cache miss)
3740 http fetch GET 200 https://registry.npmjs.org/uuid/-/uuid-7.0.3.tgz 89052ms (cache miss)
3741 warn deprecated uuid@7.0.3: uuid@10 and below is no longer supported.  For ESM codebases, update to uuid@latest.  For CommonJS codebases, use uuid@11 (but be aware this version will likely be deprecated in 2028).
3742 http fetch GET 200 https://registry.npmjs.org/makeerror/-/makeerror-1.0.12.tgz 91609ms (cache miss)
3743 http fetch GET 200 https://registry.npmjs.org/tmpl/-/tmpl-1.0.5.tgz 92395ms (cache miss)
3744 http fetch GET 200 https://registry.npmjs.org/escalade/-/escalade-3.2.0.tgz 92688ms (cache miss)
3745 http fetch GET 200 https://registry.npmjs.org/buffer-from/-/buffer-from-1.1.2.tgz 93465ms (cache miss)
3746 http fetch GET 200 https://registry.npmjs.org/source-map-support/-/source-map-support-0.5.21.tgz 93501ms (cache miss)
3747 http fetch GET 200 https://registry.npmjs.org/@jridgewell/source-map/-/source-map-0.3.11.tgz 95501ms (cache miss)
3748 http fetch GET 200 https://registry.npmjs.org/is-number/-/is-number-7.0.0.tgz 100309ms (cache miss)
3749 http fetch GET 200 https://registry.npmjs.org/type-fest/-/type-fest-0.7.1.tgz 100423ms (cache miss)
3750 http fetch GET 200 https://registry.npmjs.org/shebang-regex/-/shebang-regex-3.0.0.tgz 101745ms (cache miss)
3751 http fetch GET 200 https://registry.npmjs.org/isexe/-/isexe-2.0.0.tgz 101753ms (cache miss)
3752 http fetch GET 200 https://registry.npmjs.org/range-parser/-/range-parser-1.2.1.tgz 102211ms (cache miss)
3753 http fetch GET 200 https://registry.npmjs.org/toidentifier/-/toidentifier-1.0.1.tgz 102335ms (cache miss)
3754 http fetch GET 200 https://registry.npmjs.org/http-errors/-/http-errors-2.0.1.tgz 102358ms (cache miss)
3755 http fetch GET 200 https://registry.npmjs.org/fresh/-/fresh-0.5.2.tgz 103600ms (cache miss)
3756 http fetch GET 200 https://registry.npmjs.org/zod/-/zod-3.25.76.tgz 103736ms (cache miss)
3757 http fetch GET 200 https://registry.npmjs.org/setprototypeof/-/setprototypeof-1.2.0.tgz 106411ms (cache miss)
3758 http fetch GET 200 https://registry.npmjs.org/destroy/-/destroy-1.2.0.tgz 106422ms (cache miss)
3759 http fetch GET 200 https://registry.npmjs.org/etag/-/etag-1.8.1.tgz 107396ms (cache miss)
3760 http fetch GET 200 https://registry.npmjs.org/has-flag/-/has-flag-4.0.0.tgz 108169ms (cache miss)
3761 http fetch GET 200 https://registry.npmjs.org/depd/-/depd-2.0.0.tgz 108674ms (cache miss)
3762 http fetch GET 200 https://registry.npmjs.org/send/-/send-0.19.2.tgz 109724ms (cache miss)
3763 http fetch GET 200 https://registry.npmjs.org/is-docker/-/is-docker-2.2.1.tgz 109812ms (cache miss)
3764 http fetch GET 200 https://registry.npmjs.org/mkdirp/-/mkdirp-1.0.4.tgz 111608ms (cache miss)
3765 http fetch GET 200 https://registry.npmjs.org/acorn/-/acorn-8.17.0.tgz 115124ms (cache miss)
3766 http fetch GET 200 https://registry.npmjs.org/is-wsl/-/is-wsl-2.2.0.tgz 117331ms (cache miss)
3767 http fetch GET 200 https://registry.npmjs.org/asap/-/asap-2.0.6.tgz 117857ms (cache miss)
3768 http fetch GET 200 https://registry.npmjs.org/stream-buffers/-/stream-buffers-2.2.0.tgz 120851ms (cache miss)
3769 http fetch GET 200 https://registry.npmjs.org/marky/-/marky-1.3.0.tgz 121220ms (cache miss)
3770 http fetch GET 200 https://registry.npmjs.org/serve-static/-/serve-static-1.16.3.tgz 122448ms (cache miss)
3771 http fetch GET 200 https://registry.npmjs.org/open/-/open-7.4.2.tgz 125933ms (cache miss)
3772 http fetch GET 200 https://registry.npmjs.org/chrome-launcher/-/chrome-launcher-0.15.2.tgz 129948ms (cache miss)
3773 http fetch GET 200 https://registry.npmjs.org/mime/-/mime-1.6.0.tgz 130128ms (cache miss)
3774 http fetch GET 200 https://registry.npmjs.org/event-target-shim/-/event-target-shim-5.0.1.tgz 131630ms (cache miss)
3775 http fetch GET 200 https://registry.npmjs.org/node-forge/-/node-forge-1.4.0.tgz 132192ms (cache miss)
3776 http fetch GET 200 https://registry.npmjs.org/shell-quote/-/shell-quote-1.10.0.tgz 132456ms (cache miss)
3777 http fetch GET 200 https://registry.npmjs.org/@isaacs/ttlcache/-/ttlcache-1.4.1.tgz 132742ms (cache miss)
3778 http fetch GET 200 https://registry.npmjs.org/stacktrace-parser/-/stacktrace-parser-0.1.11.tgz 133678ms (cache miss)
3779 http fetch GET 200 https://registry.npmjs.org/scheduler/-/scheduler-0.27.0.tgz 135135ms (cache miss)
3780 http fetch GET 200 https://registry.npmjs.org/lighthouse-logger/-/lighthouse-logger-1.4.2.tgz 135265ms (cache miss)
3781 http fetch GET 200 https://registry.npmjs.org/regenerator-runtime/-/regenerator-runtime-0.13.11.tgz 137258ms (cache miss)
3782 http fetch GET 200 https://registry.npmjs.org/chromium-edge-launcher/-/chromium-edge-launcher-0.3.0.tgz 137382ms (cache miss)
3783 http fetch GET 200 https://registry.npmjs.org/whatwg-fetch/-/whatwg-fetch-3.6.20.tgz 137926ms (cache miss)
3784 http fetch GET 200 https://registry.npmjs.org/promise/-/promise-8.3.0.tgz 138656ms (cache miss)
3785 http fetch GET 200 https://registry.npmjs.org/babel-plugin-syntax-hermes-parser/-/babel-plugin-syntax-hermes-parser-0.36.0.tgz 140384ms (cache miss)
3786 http fetch GET 200 https://registry.npmjs.org/ansi-regex/-/ansi-regex-5.0.1.tgz 143252ms (cache miss)
3787 http fetch GET 200 https://registry.npmjs.org/escape-string-regexp/-/escape-string-regexp-4.0.0.tgz 145832ms (cache miss)
3788 http fetch GET 200 https://registry.npmjs.org/@react-native/normalize-colors/-/normalize-colors-0.86.0.tgz 147547ms (cache miss)
3789 http fetch GET 200 https://registry.npmjs.org/plist/-/plist-3.1.1.tgz 147754ms (cache miss)
3790 http fetch GET 200 https://registry.npmjs.org/anser/-/anser-1.4.10.tgz 148768ms (cache miss)
3791 http fetch GET 200 https://registry.npmjs.org/@react-native/js-polyfills/-/js-polyfills-0.86.0.tgz 148832ms (cache miss)
3792 http fetch GET 200 https://registry.npmjs.org/inherits/-/inherits-2.0.4.tgz 149909ms (cache miss)
3793 http fetch GET 200 https://registry.npmjs.org/tinyglobby/-/tinyglobby-0.2.17.tgz 154403ms (cache miss)
3794 http fetch GET 200 https://registry.npmjs.org/abort-controller/-/abort-controller-3.0.0.tgz 155128ms (cache miss)
3795 http fetch GET 200 https://registry.npmjs.org/@react-native/community-cli-plugin/-/community-cli-plugin-0.86.0.tgz 155275ms (cache miss)
3796 http fetch GET 200 https://registry.npmjs.org/react-is/-/react-is-18.3.1.tgz 157138ms (cache miss)
3797 http fetch GET 200 https://registry.npmjs.org/@react-native/assets-registry/-/assets-registry-0.86.0.tgz 157159ms (cache miss)
3798 http fetch GET 200 https://registry.npmjs.org/balanced-match/-/balanced-match-4.0.4.tgz 158840ms (cache miss)
3799 http fetch GET 200 https://registry.npmjs.org/to-regex-range/-/to-regex-range-5.0.1.tgz 158915ms (cache miss)
3800 http fetch GET 200 https://registry.npmjs.org/brace-expansion/-/brace-expansion-5.0.7.tgz 159132ms (cache miss)
3801 http fetch GET 200 https://registry.npmjs.org/braces/-/braces-3.0.3.tgz 159220ms (cache miss)
3802 http fetch GET 200 https://registry.npmjs.org/memoize-one/-/memoize-one-5.2.1.tgz 159905ms (cache miss)
3803 http fetch GET 200 https://registry.npmjs.org/node-int64/-/node-int64-0.4.0.tgz 159927ms (cache miss)
3804 http fetch GET 200 https://registry.npmjs.org/@react-native/dev-middleware/-/dev-middleware-0.86.0.tgz 160034ms (cache miss)
3805 http fetch GET 200 https://registry.npmjs.org/walker/-/walker-1.0.8.tgz 160987ms (cache miss)
3806 http fetch GET 200 https://registry.npmjs.org/@react-native/virtualized-lists/-/virtualized-lists-0.86.0.tgz 161303ms (cache miss)
3807 http fetch GET 200 https://registry.npmjs.org/@react-native/gradle-plugin/-/gradle-plugin-0.86.0.tgz 161664ms (cache miss)
3808 http fetch GET 200 https://registry.npmjs.org/mime-db/-/mime-db-1.54.0.tgz 162114ms (cache miss)
3809 http fetch GET 200 https://registry.npmjs.org/ee-first/-/ee-first-1.1.1.tgz 162207ms (cache miss)
3810 http fetch GET 200 https://registry.npmjs.org/fill-range/-/fill-range-7.1.1.tgz 163246ms (cache miss)
3811 http fetch GET 200 https://registry.npmjs.org/fb-watchman/-/fb-watchman-2.0.2.tgz 164797ms (cache miss)
3812 http fetch GET 200 https://registry.npmjs.org/micromatch/-/micromatch-4.0.8.tgz 164847ms (cache miss)
3813 http fetch GET 200 https://registry.npmjs.org/leven/-/leven-3.1.0.tgz 166877ms (cache miss)
3814 http fetch GET 200 https://registry.npmjs.org/jest-get-type/-/jest-get-type-29.6.3.tgz 166896ms (cache miss)
3815 http fetch GET 200 https://registry.npmjs.org/vlq/-/vlq-1.0.1.tgz 167487ms (cache miss)
3816 http fetch GET 200 https://registry.npmjs.org/agent-base/-/agent-base-7.1.4.tgz 169909ms (cache miss)
3817 http fetch GET 200 https://registry.npmjs.org/jest-validate/-/jest-validate-29.7.0.tgz 169940ms (cache miss)
3818 http fetch GET 200 https://registry.npmjs.org/https-proxy-agent/-/https-proxy-agent-7.0.6.tgz 170048ms (cache miss)
3819 http fetch GET 200 https://registry.npmjs.org/ob1/-/ob1-0.84.4.tgz 170839ms (cache miss)
3820 http fetch GET 200 https://registry.npmjs.org/bser/-/bser-2.1.1.tgz 170839ms (cache miss)
3821 http fetch GET 200 https://registry.npmjs.org/@types/istanbul-lib-report/-/istanbul-lib-report-3.0.3.tgz 173150ms (cache miss)
3822 http fetch GET 200 https://registry.npmjs.org/camelcase/-/camelcase-6.3.0.tgz 173249ms (cache miss)
3823 http fetch GET 200 https://registry.npmjs.org/@types/istanbul-lib-coverage/-/istanbul-lib-coverage-2.0.6.tgz 173255ms (cache miss)
3824 http fetch GET 200 https://registry.npmjs.org/exponential-backoff/-/exponential-backoff-3.1.3.tgz 173290ms (cache miss)
3825 http fetch GET 200 https://registry.npmjs.org/@types/yargs/-/yargs-17.0.35.tgz 173386ms (cache miss)
3826 http fetch GET 200 https://registry.npmjs.org/@types/istanbul-reports/-/istanbul-reports-3.0.4.tgz 173425ms (cache miss)
3827 http fetch GET 200 https://registry.npmjs.org/@jest/schemas/-/schemas-29.6.3.tgz 173439ms (cache miss)
3828 http fetch GET 200 https://registry.npmjs.org/jest-util/-/jest-util-29.7.0.tgz 173476ms (cache miss)
3829 http fetch GET 200 https://registry.npmjs.org/terser/-/terser-5.49.0.tgz 174096ms (cache miss)
3830 http fetch GET 200 https://registry.npmjs.org/@react-native/codegen/-/codegen-0.86.0.tgz 174693ms (cache miss)
3831 http fetch GET 200 https://registry.npmjs.org/@sinclair/typebox/-/typebox-0.27.10.tgz 174853ms (cache miss)
3832 http fetch GET 200 https://registry.npmjs.org/undici-types/-/undici-types-8.3.0.tgz 174897ms (cache miss)
3833 http fetch GET 200 https://registry.npmjs.org/hermes-estree/-/hermes-estree-0.35.0.tgz 174977ms (cache miss)
3834 http fetch GET 200 https://registry.npmjs.org/picomatch/-/picomatch-2.3.2.tgz 175072ms (cache miss)
3835 http fetch GET 200 https://registry.npmjs.org/unpipe/-/unpipe-1.0.0.tgz 175322ms (cache miss)
3836 http fetch GET 200 https://registry.npmjs.org/@jest/types/-/types-29.6.3.tgz 178576ms (cache miss)
3837 http fetch GET 200 https://registry.npmjs.org/@types/yargs-parser/-/yargs-parser-21.0.3.tgz 179525ms (cache miss)
3838 http fetch GET 200 https://registry.npmjs.org/on-finished/-/on-finished-2.3.0.tgz 180693ms (cache miss)
3839 http fetch GET 200 https://registry.npmjs.org/encodeurl/-/encodeurl-1.0.2.tgz 180708ms (cache miss)
3840 http fetch GET 200 https://registry.npmjs.org/stackframe/-/stackframe-1.3.4.tgz 181616ms (cache miss)
3841 http fetch GET 200 https://registry.npmjs.org/utils-merge/-/utils-merge-1.0.1.tgz 182539ms (cache miss)
3842 http fetch GET 200 https://registry.npmjs.org/escape-html/-/escape-html-1.0.3.tgz 183679ms (cache miss)
3843 http fetch GET 200 https://registry.npmjs.org/finalhandler/-/finalhandler-1.1.2.tgz 184877ms (cache miss)
3844 http fetch GET 200 https://registry.npmjs.org/negotiator/-/negotiator-1.0.0.tgz 185070ms (cache miss)
3845 http fetch GET 200 https://registry.npmjs.org/queue/-/queue-6.0.2.tgz 185154ms (cache miss)
3846 http fetch GET 200 https://registry.npmjs.org/parseurl/-/parseurl-1.3.3.tgz 185564ms (cache miss)
3847 http fetch GET 200 https://registry.npmjs.org/serialize-error/-/serialize-error-2.1.0.tgz 185856ms (cache miss)
3848 http fetch GET 200 https://registry.npmjs.org/merge-stream/-/merge-stream-2.0.0.tgz 185973ms (cache miss)
3849 http fetch GET 200 https://registry.npmjs.org/statuses/-/statuses-1.5.0.tgz 188077ms (cache miss)
3850 http fetch GET 200 https://registry.npmjs.org/mime-types/-/mime-types-3.0.2.tgz 188110ms (cache miss)
3851 http fetch GET 200 https://registry.npmjs.org/lodash.throttle/-/lodash.throttle-4.1.1.tgz 188124ms (cache miss)
3852 http fetch GET 200 https://registry.npmjs.org/yargs/-/yargs-17.7.3.tgz 188976ms (cache miss)
3853 http fetch GET 200 https://registry.npmjs.org/jsc-safe-url/-/jsc-safe-url-0.2.4.tgz 189239ms (cache miss)
3854 http fetch GET 200 https://registry.npmjs.org/source-map/-/source-map-0.5.7.tgz 189350ms (cache miss)
3855 http fetch GET 200 https://registry.npmjs.org/nullthrows/-/nullthrows-1.1.1.tgz 192111ms (cache miss)
3856 http fetch GET 200 https://registry.npmjs.org/graceful-fs/-/graceful-fs-4.2.11.tgz 193250ms (cache miss)
3857 http fetch GET 200 https://registry.npmjs.org/error-stack-parser/-/error-stack-parser-2.1.4.tgz 193324ms (cache miss)
3858 http fetch GET 200 https://registry.npmjs.org/image-size/-/image-size-1.2.1.tgz 193716ms (cache miss)
3859 http fetch GET 200 https://registry.npmjs.org/@types/node/-/node-26.1.1.tgz 193741ms (cache miss)
3860 http fetch GET 200 https://registry.npmjs.org/throat/-/throat-5.0.0.tgz 197523ms (cache miss)
3861 http fetch GET 200 https://registry.npmjs.org/ci-info/-/ci-info-2.0.0.tgz 197891ms (cache miss)
3862 http fetch GET 200 https://registry.npmjs.org/jest-worker/-/jest-worker-29.7.0.tgz 198629ms (cache miss)
3863 http fetch GET 200 https://registry.npmjs.org/connect/-/connect-3.7.0.tgz 199260ms (cache miss)
3864 http fetch GET 200 https://registry.npmjs.org/accepts/-/accepts-2.0.0.tgz 199387ms (cache miss)
3865 http fetch GET 200 https://registry.npmjs.org/flow-enums-runtime/-/flow-enums-runtime-0.0.6.tgz 199414ms (cache miss)
3866 http fetch GET 200 https://registry.npmjs.org/yallist/-/yallist-3.1.1.tgz 204779ms (cache miss)
3867 http fetch GET 200 https://registry.npmjs.org/ms/-/ms-2.1.3.tgz 218109ms (cache miss)
3868 http fetch GET 200 https://registry.npmjs.org/ws/-/ws-7.5.12.tgz 222711ms (cache miss)
3869 http fetch GET 200 https://registry.npmjs.org/shebang-command/-/shebang-command-2.0.0.tgz 228085ms (cache miss)
3870 http fetch GET 200 https://registry.npmjs.org/path-key/-/path-key-3.1.1.tgz 229916ms (cache miss)
3871 http fetch GET 200 https://registry.npmjs.org/commander/-/commander-7.2.0.tgz 229953ms (cache miss)
3872 http fetch GET 200 https://registry.npmjs.org/yaml/-/yaml-2.9.0.tgz 230275ms (cache miss)
3873 http fetch GET 200 https://registry.npmjs.org/color-name/-/color-name-1.1.4.tgz 233437ms (cache miss)
3874 http fetch GET 200 https://registry.npmjs.org/invariant/-/invariant-2.2.4.tgz 234996ms (cache miss)
3875 http fetch GET 200 https://registry.npmjs.org/which/-/which-2.0.2.tgz 235128ms (cache miss)
3876 http fetch GET 200 https://registry.npmjs.org/expo-modules-jsi/-/expo-modules-jsi-57.0.3.tgz 235182ms (cache miss)
3877 http fetch GET 200 https://registry.npmjs.org/hermes-parser/-/hermes-parser-0.35.0.tgz 235278ms (cache miss)
3878 http fetch GET 200 https://registry.npmjs.org/color-convert/-/color-convert-2.0.1.tgz 239660ms (cache miss)
3879 http fetch GET 200 https://registry.npmjs.org/supports-color/-/supports-color-7.2.0.tgz 241516ms (cache miss)
3880 http fetch GET 200 https://registry.npmjs.org/ansi-styles/-/ansi-styles-4.3.0.tgz 247490ms (cache miss)
3881 http fetch GET 200 https://registry.npmjs.org/node-releases/-/node-releases-2.0.51.tgz 247570ms (cache miss)
3882 http fetch GET 200 https://registry.npmjs.org/loose-envify/-/loose-envify-1.4.0.tgz 247599ms (cache miss)
3883 http fetch GET 200 https://registry.npmjs.org/update-browserslist-db/-/update-browserslist-db-1.2.3.tgz 247798ms (cache miss)
3884 http fetch GET 200 https://registry.npmjs.org/path-scurry/-/path-scurry-2.0.2.tgz 248371ms (cache miss)
3885 http fetch GET 200 https://registry.npmjs.org/minipass/-/minipass-7.1.3.tgz 249653ms (cache miss)
3886 http fetch GET 200 https://registry.npmjs.org/baseline-browser-mapping/-/baseline-browser-mapping-2.10.43.tgz 250876ms (cache miss)
3887 http fetch GET 200 https://registry.npmjs.org/cross-spawn/-/cross-spawn-7.0.6.tgz 251515ms (cache miss)
3888 http fetch GET 200 https://registry.npmjs.org/@jridgewell/resolve-uri/-/resolve-uri-3.1.2.tgz 251528ms (cache miss)
3889 http fetch GET 200 https://registry.npmjs.org/lru-cache/-/lru-cache-5.1.1.tgz 251535ms (cache miss)
3890 http fetch GET 200 https://registry.npmjs.org/electron-to-chromium/-/electron-to-chromium-1.5.392.tgz 251664ms (cache miss)
3891 http fetch GET 200 https://registry.npmjs.org/@babel/helper-plugin-utils/-/helper-plugin-utils-7.29.7.tgz 251847ms (cache miss)
3892 http fetch GET 200 https://registry.npmjs.org/@babel/helper-string-parser/-/helper-string-parser-7.29.7.tgz 251856ms (cache miss)
3893 http fetch GET 200 https://registry.npmjs.org/jsesc/-/jsesc-3.1.0.tgz 251900ms (cache miss)
3894 http fetch GET 200 https://registry.npmjs.org/browserslist/-/browserslist-4.28.6.tgz 252424ms (cache miss)
3895 http fetch GET 200 https://registry.npmjs.org/@babel/compat-data/-/compat-data-7.29.7.tgz 252560ms (cache miss)
3896 http fetch GET 200 https://registry.npmjs.org/@babel/helper-globals/-/helper-globals-7.29.7.tgz 252693ms (cache miss)
3897 http fetch GET 200 https://registry.npmjs.org/@jridgewell/sourcemap-codec/-/sourcemap-codec-1.5.5.tgz 253030ms (cache miss)
3898 http fetch GET 200 https://registry.npmjs.org/convert-source-map/-/convert-source-map-2.0.0.tgz 253998ms (cache miss)
3899 http fetch GET 200 https://registry.npmjs.org/gensync/-/gensync-1.0.0-beta.2.tgz 256142ms (cache miss)
3900 http fetch GET 200 https://registry.npmjs.org/@jridgewell/remapping/-/remapping-2.3.5.tgz 257124ms (cache miss)
3901 http fetch GET 200 https://registry.npmjs.org/@jridgewell/trace-mapping/-/trace-mapping-0.3.31.tgz 257547ms (cache miss)
3902 http fetch GET 200 https://registry.npmjs.org/@jridgewell/gen-mapping/-/gen-mapping-0.3.13.tgz 257542ms (cache miss)
3903 http fetch GET 200 https://registry.npmjs.org/@babel/template/-/template-7.29.7.tgz 259053ms (cache miss)
3904 http fetch GET 200 https://registry.npmjs.org/@babel/helper-validator-option/-/helper-validator-option-7.29.7.tgz 259537ms (cache miss)
3905 http fetch GET 200 https://registry.npmjs.org/@babel/helper-module-imports/-/helper-module-imports-7.29.7.tgz 259584ms (cache miss)
3906 http fetch GET 200 https://registry.npmjs.org/@babel/types/-/types-7.29.7.tgz 262367ms (cache miss)
3907 http fetch GET 200 https://registry.npmjs.org/@babel/traverse/-/traverse-7.29.7.tgz 264147ms (cache miss)
3908 http fetch GET 200 https://registry.npmjs.org/xmlbuilder/-/xmlbuilder-15.1.1.tgz 265807ms (cache miss)
3909 http fetch GET 200 https://registry.npmjs.org/@babel/generator/-/generator-7.29.7.tgz 265920ms (cache miss)
3910 http fetch GET 200 https://registry.npmjs.org/base64-js/-/base64-js-1.5.1.tgz 267381ms (cache miss)
3911 http fetch GET 200 https://registry.npmjs.org/@babel/helper-compilation-targets/-/helper-compilation-targets-7.29.7.tgz 269046ms (cache miss)
3912 http fetch GET 200 https://registry.npmjs.org/@babel/helper-module-transforms/-/helper-module-transforms-7.29.7.tgz 271078ms (cache miss)
3913 http fetch GET 200 https://registry.npmjs.org/@xmldom/xmldom/-/xmldom-0.8.13.tgz 273378ms (cache miss)
3914 http fetch GET 200 https://registry.npmjs.org/@babel/helpers/-/helpers-7.29.7.tgz 275460ms (cache miss)
3915 http fetch GET 200 https://registry.npmjs.org/@babel/plugin-transform-modules-commonjs/-/plugin-transform-modules-commonjs-7.29.7.tgz 276105ms (cache miss)
3916 http fetch GET 200 https://registry.npmjs.org/metro-source-map/-/metro-source-map-0.84.4.tgz 276561ms (cache miss)
3917 http fetch GET 200 https://registry.npmjs.org/@babel/core/-/core-7.29.7.tgz 278411ms (cache miss)
3918 http fetch GET 200 https://registry.npmjs.org/metro-symbolicate/-/metro-symbolicate-0.84.4.tgz 285519ms (cache miss)
3919 http fetch GET 200 https://registry.npmjs.org/metro-core/-/metro-core-0.84.4.tgz 288104ms (cache miss)
3920 http fetch GET 200 https://registry.npmjs.org/metro-transform-plugins/-/metro-transform-plugins-0.84.4.tgz 288217ms (cache miss)
3921 http fetch GET 200 https://registry.npmjs.org/metro-cache/-/metro-cache-0.84.4.tgz 288724ms (cache miss)
3922 http fetch GET 200 https://registry.npmjs.org/metro-babel-transformer/-/metro-babel-transformer-0.84.4.tgz 289256ms (cache miss)
3923 http fetch GET 200 https://registry.npmjs.org/@babel/code-frame/-/code-frame-7.29.7.tgz 289349ms (cache miss)
3924 http fetch GET 200 https://registry.npmjs.org/metro-runtime/-/metro-runtime-0.84.4.tgz 289375ms (cache miss)
3925 http fetch GET 200 https://registry.npmjs.org/picocolors/-/picocolors-1.1.1.tgz 289357ms (cache miss)
3926 http fetch GET 200 https://registry.npmjs.org/metro-cache-key/-/metro-cache-key-0.84.4.tgz 289399ms (cache miss)
3927 http fetch GET 200 https://registry.npmjs.org/@babel/helper-validator-identifier/-/helper-validator-identifier-7.29.7.tgz 289461ms (cache miss)
3928 http fetch GET 200 https://registry.npmjs.org/metro-transform-worker/-/metro-transform-worker-0.84.4.tgz 289563ms (cache miss)
3929 http fetch GET 200 https://registry.npmjs.org/metro-config/-/metro-config-0.84.4.tgz 289633ms (cache miss)
3930 http fetch GET 200 https://registry.npmjs.org/metro-minify-terser/-/metro-minify-terser-0.84.4.tgz 289909ms (cache miss)
3931 http fetch GET 200 https://registry.npmjs.org/@expo/spawn-async/-/spawn-async-1.8.0.tgz 289938ms (cache miss)
3932 http fetch GET 200 https://registry.npmjs.org/@expo/env/-/env-2.4.2.tgz 290109ms (cache miss)
3933 http fetch GET 200 https://registry.npmjs.org/metro-file-map/-/metro-file-map-0.84.4.tgz 291407ms (cache miss)
3934 http fetch GET 200 https://registry.npmjs.org/minimatch/-/minimatch-10.2.5.tgz 291390ms (cache miss)
3935 http fetch GET 200 https://registry.npmjs.org/metro-resolver/-/metro-resolver-0.84.4.tgz 291420ms (cache miss)
3936 http fetch GET 200 https://registry.npmjs.org/ignore/-/ignore-5.3.2.tgz 291894ms (cache miss)
3937 http fetch GET 200 https://registry.npmjs.org/js-tokens/-/js-tokens-4.0.0.tgz 292858ms (cache miss)
3938 http fetch GET 200 https://registry.npmjs.org/resolve-from/-/resolve-from-5.0.0.tgz 292928ms (cache miss)
3939 http fetch GET 200 https://registry.npmjs.org/arg/-/arg-5.0.2.tgz 293332ms (cache miss)
3940 http fetch GET 200 https://registry.npmjs.org/debug/-/debug-4.4.3.tgz 294010ms (cache miss)
3941 http fetch GET 200 https://registry.npmjs.org/xml2js/-/xml2js-0.6.0.tgz 294191ms (cache miss)
3942 http fetch GET 200 https://registry.npmjs.org/chalk/-/chalk-4.1.2.tgz 294210ms (cache miss)
3943 http fetch GET 200 https://registry.npmjs.org/slugify/-/slugify-1.6.9.tgz 294367ms (cache miss)
3944 http fetch GET 200 https://registry.npmjs.org/xcode/-/xcode-3.0.1.tgz 294377ms (cache miss)
3945 http fetch GET 200 https://registry.npmjs.org/getenv/-/getenv-2.0.0.tgz 294567ms (cache miss)
3946 http fetch GET 200 https://registry.npmjs.org/resolve-workspace-root/-/resolve-workspace-root-2.0.1.tgz 294605ms (cache miss)
3947 http fetch GET 200 https://registry.npmjs.org/deepmerge/-/deepmerge-4.3.1.tgz 294707ms (cache miss)
3948 http fetch GET 200 https://registry.npmjs.org/@expo/sdk-runtime-versions/-/sdk-runtime-versions-1.0.0.tgz 294717ms (cache miss)
3949 http fetch GET 200 https://registry.npmjs.org/@expo/plist/-/plist-0.8.1.tgz 294753ms (cache miss)
3950 http fetch GET 200 https://registry.npmjs.org/whatwg-url-minimum/-/whatwg-url-minimum-0.1.2.tgz 294922ms (cache miss)
3951 http fetch GET 200 https://registry.npmjs.org/@expo/json-file/-/json-file-11.0.1.tgz 295236ms (cache miss)
3952 http fetch GET 200 https://registry.npmjs.org/@expo/require-utils/-/require-utils-57.0.3.tgz 295262ms (cache miss)
3953 http fetch GET 200 https://registry.npmjs.org/@expo/config-types/-/config-types-57.0.2.tgz 296988ms (cache miss)
3954 http fetch GET 200 https://registry.npmjs.org/@expo/metro/-/metro-56.0.0.tgz 297511ms (cache miss)
3955 http fetch GET 200 https://registry.npmjs.org/json5/-/json5-2.2.3.tgz 297563ms (cache miss)
3956 http fetch GET 200 https://registry.npmjs.org/glob/-/glob-13.0.6.tgz 299354ms (cache miss)
3957 http fetch GET 200 https://registry.npmjs.org/@babel/parser/-/parser-7.29.7.tgz 300506ms (cache miss)
3958 http fetch GET 200 https://registry.npmjs.org/@ungap/structured-clone/-/structured-clone-1.3.3.tgz 302180ms (cache miss)
3959 http fetch GET 200 https://registry.npmjs.org/expo-modules-autolinking/-/expo-modules-autolinking-57.0.7.tgz 304543ms (cache miss)
3960 http fetch GET 200 https://registry.npmjs.org/@expo/devtools/-/devtools-57.0.1.tgz 305810ms (cache miss)
3961 http fetch GET 200 https://registry.npmjs.org/react-refresh/-/react-refresh-0.14.2.tgz 307925ms (cache miss)
3962 http fetch GET 200 https://registry.npmjs.org/pretty-format/-/pretty-format-29.7.0.tgz 308184ms (cache miss)
3963 http fetch GET 200 https://registry.npmjs.org/csstype/-/csstype-3.2.3.tgz 309072ms (cache miss)
3964 http fetch GET 200 https://registry.npmjs.org/react/-/react-19.2.3.tgz 309563ms (cache miss)
3965 http fetch GET 200 https://registry.npmjs.org/semver/-/semver-7.8.5.tgz 310855ms (cache miss)
3966 http fetch GET 200 https://registry.npmjs.org/@expo/local-build-cache-provider/-/local-build-cache-provider-57.0.4.tgz 313443ms (cache miss)
3967 http fetch GET 200 https://registry.npmjs.org/@babel/runtime/-/runtime-7.29.7.tgz 314187ms (cache miss)
3968 http fetch GET 200 https://registry.npmjs.org/@expo/config-plugins/-/config-plugins-57.0.5.tgz 316340ms (cache miss)
3969 http fetch GET 200 https://registry.npmjs.org/@expo/config/-/config-57.0.5.tgz 321082ms (cache miss)
3970 http fetch GET 200 https://registry.npmjs.org/expo-status-bar/-/expo-status-bar-57.0.1.tgz 324391ms (cache miss)
3971 http fetch GET 200 https://registry.npmjs.org/metro/-/metro-0.84.4.tgz 326870ms (cache miss)
3972 http fetch GET 200 https://registry.npmjs.org/semver/-/semver-6.3.1.tgz 332978ms (cache miss)
3973 http fetch GET 200 https://registry.npmjs.org/@expo/fingerprint/-/fingerprint-0.20.5.tgz 333237ms (cache miss)
3974 http fetch GET 200 https://registry.npmjs.org/expo-secure-store/-/expo-secure-store-57.0.1.tgz 336432ms (cache miss)
3975 http fetch GET 200 https://registry.npmjs.org/semver/-/semver-6.3.1.tgz 339935ms (cache miss)
3976 http fetch GET 200 https://registry.npmjs.org/has-flag/-/has-flag-3.0.0.tgz 340294ms (cache miss)
3977 http fetch GET 200 https://registry.npmjs.org/type-fest/-/type-fest-0.21.3.tgz 341449ms (cache miss)
3978 http fetch GET 200 https://registry.npmjs.org/color-name/-/color-name-1.1.3.tgz 341514ms (cache miss)
3979 http fetch GET 200 https://registry.npmjs.org/supports-color/-/supports-color-5.5.0.tgz 342011ms (cache miss)
3980 http fetch GET 200 https://registry.npmjs.org/semver/-/semver-6.3.1.tgz 342494ms (cache miss)
3981 http fetch GET 200 https://registry.npmjs.org/escape-string-regexp/-/escape-string-regexp-1.0.5.tgz 342663ms (cache miss)
3982 http fetch GET 200 https://registry.npmjs.org/semver/-/semver-6.3.1.tgz 342931ms (cache miss)
3983 http fetch GET 200 https://registry.npmjs.org/expo/-/expo-57.0.6.tgz 343468ms (cache miss)
3984 http fetch GET 200 https://registry.npmjs.org/ansi-styles/-/ansi-styles-3.2.1.tgz 343483ms (cache miss)
3985 http fetch GET 200 https://registry.npmjs.org/has-flag/-/has-flag-3.0.0.tgz 343743ms (cache miss)
3986 http fetch GET 200 https://registry.npmjs.org/lru-cache/-/lru-cache-10.4.3.tgz 344116ms (cache miss)
3987 http fetch GET 200 https://registry.npmjs.org/ansi-regex/-/ansi-regex-4.1.1.tgz 344473ms (cache miss)
3988 http fetch GET 200 https://registry.npmjs.org/supports-color/-/supports-color-5.5.0.tgz 344934ms (cache miss)
3989 http fetch GET 200 https://registry.npmjs.org/@types/react/-/react-19.2.17.tgz 345068ms (cache miss)
3990 http fetch GET 200 https://registry.npmjs.org/color-convert/-/color-convert-1.9.3.tgz 345116ms (cache miss)
3991 http fetch GET 200 https://registry.npmjs.org/color-convert/-/color-convert-1.9.3.tgz 345138ms (cache miss)
3992 http fetch GET 200 https://registry.npmjs.org/color-name/-/color-name-1.1.3.tgz 345449ms (cache miss)
3993 http fetch GET 200 https://registry.npmjs.org/escape-string-regexp/-/escape-string-regexp-1.0.5.tgz 347429ms (cache miss)
3994 http fetch GET 200 https://registry.npmjs.org/chalk/-/chalk-2.4.2.tgz 348126ms (cache miss)
3995 http fetch GET 200 https://registry.npmjs.org/chalk/-/chalk-2.4.2.tgz 348850ms (cache miss)
3996 http fetch GET 200 https://registry.npmjs.org/strip-ansi/-/strip-ansi-5.2.0.tgz 349275ms (cache miss)
3997 http fetch GET 200 https://registry.npmjs.org/negotiator/-/negotiator-0.6.4.tgz 349499ms (cache miss)
3998 http fetch GET 200 https://registry.npmjs.org/statuses/-/statuses-2.0.2.tgz 351359ms (cache miss)
3999 http fetch GET 200 https://registry.npmjs.org/ms/-/ms-2.0.0.tgz 351571ms (cache miss)
4000 http fetch GET 200 https://registry.npmjs.org/on-finished/-/on-finished-2.4.1.tgz 351598ms (cache miss)
4001 http fetch GET 200 https://registry.npmjs.org/source-map/-/source-map-0.6.1.tgz 352324ms (cache miss)
4002 http fetch GET 200 https://registry.npmjs.org/encodeurl/-/encodeurl-2.0.0.tgz 352428ms (cache miss)
4003 http fetch GET 200 https://registry.npmjs.org/debug/-/debug-2.6.9.tgz 352501ms (cache miss)
4004 http fetch GET 200 https://registry.npmjs.org/statuses/-/statuses-2.0.2.tgz 352691ms (cache miss)
4005 http fetch GET 200 https://registry.npmjs.org/debug/-/debug-2.6.9.tgz 352808ms (cache miss)
4006 http fetch GET 200 https://registry.npmjs.org/debug/-/debug-3.2.7.tgz 352818ms (cache miss)
4007 http fetch GET 200 https://registry.npmjs.org/encodeurl/-/encodeurl-2.0.0.tgz 352931ms (cache miss)
4008 http fetch GET 200 https://registry.npmjs.org/debug/-/debug-2.6.9.tgz 352970ms (cache miss)
4009 http fetch GET 200 https://registry.npmjs.org/ms/-/ms-2.0.0.tgz 353039ms (cache miss)
4010 http fetch GET 200 https://registry.npmjs.org/picomatch/-/picomatch-4.0.5.tgz 353300ms (cache miss)
4011 http fetch GET 200 https://registry.npmjs.org/ms/-/ms-2.0.0.tgz 353413ms (cache miss)
4012 http fetch GET 200 https://registry.npmjs.org/hermes-parser/-/hermes-parser-0.36.0.tgz 355839ms (cache miss)
4013 http fetch GET 200 https://registry.npmjs.org/fdir/-/fdir-6.5.0.tgz 356502ms (cache miss)
4014 http fetch GET 200 https://registry.npmjs.org/ansi-styles/-/ansi-styles-3.2.1.tgz 356929ms (cache miss)
4015 http fetch GET 200 https://registry.npmjs.org/commander/-/commander-2.20.3.tgz 356939ms (cache miss)
4016 http fetch GET 200 https://registry.npmjs.org/ci-info/-/ci-info-3.9.0.tgz 356971ms (cache miss)
4017 http fetch GET 200 https://registry.npmjs.org/@xmldom/xmldom/-/xmldom-0.9.10.tgz 365090ms (cache miss)
4018 http fetch GET 200 https://registry.npmjs.org/hermes-estree/-/hermes-estree-0.36.0.tgz 367024ms (cache miss)
4019 http fetch GET 200 https://registry.npmjs.org/debug/-/debug-2.6.9.tgz 379293ms (cache miss)
4020 http fetch GET 200 https://registry.npmjs.org/hermes-estree/-/hermes-estree-0.36.0.tgz 382182ms (cache miss)
4021 http fetch GET 200 https://registry.npmjs.org/ms/-/ms-2.0.0.tgz 382361ms (cache miss)
4022 http fetch GET 200 https://registry.npmjs.org/ms/-/ms-2.0.0.tgz 382410ms (cache miss)
4023 http fetch GET 200 https://registry.npmjs.org/supports-color/-/supports-color-8.1.1.tgz 392708ms (cache miss)
4024 http fetch GET 200 https://registry.npmjs.org/ansi-styles/-/ansi-styles-5.2.0.tgz 393494ms (cache miss)
4025 http fetch GET 200 https://registry.npmjs.org/fb-dotslash/-/fb-dotslash-0.5.8.tgz 393661ms (cache miss)
4026 http fetch GET 200 https://registry.npmjs.org/semver/-/semver-6.3.1.tgz 393717ms (cache miss)
4027 http fetch GET 200 https://registry.npmjs.org/mime-types/-/mime-types-2.1.35.tgz 394234ms (cache miss)
4028 http fetch GET 200 https://registry.npmjs.org/negotiator/-/negotiator-0.6.3.tgz 394321ms (cache miss)
4029 http fetch GET 200 https://registry.npmjs.org/mime-db/-/mime-db-1.52.0.tgz 394457ms (cache miss)
4030 http fetch GET 200 https://registry.npmjs.org/debug/-/debug-2.6.9.tgz 394492ms (cache miss)
4031 http fetch GET 200 https://registry.npmjs.org/semver/-/semver-6.3.1.tgz 394796ms (cache miss)
4032 http fetch GET 200 https://registry.npmjs.org/hermes-estree/-/hermes-estree-0.36.1.tgz 394815ms (cache miss)
4033 http fetch GET 200 https://registry.npmjs.org/ci-info/-/ci-info-3.9.0.tgz 394887ms (cache miss)
4034 http fetch GET 200 https://registry.npmjs.org/@expo/ws-tunnel/-/ws-tunnel-2.0.0.tgz 395258ms (cache miss)
4035 http fetch GET 200 https://registry.npmjs.org/xmlbuilder/-/xmlbuilder-11.0.1.tgz 395299ms (cache miss)
4036 http fetch GET 200 https://registry.npmjs.org/react-native/-/react-native-0.86.0.tgz 395970ms (cache miss)
4037 http fetch GET 200 https://registry.npmjs.org/ws/-/ws-8.21.1.tgz 397885ms (cache miss)
4038 http fetch GET 200 https://registry.npmjs.org/caniuse-lite/-/caniuse-lite-1.0.30001805.tgz 398799ms (cache miss)
4039 http fetch GET 200 https://registry.npmjs.org/picomatch/-/picomatch-4.0.5.tgz 398825ms (cache miss)
4040 http fetch GET 200 https://registry.npmjs.org/accepts/-/accepts-1.3.8.tgz 403075ms (cache miss)
4041 http fetch GET 200 https://registry.npmjs.org/lru-cache/-/lru-cache-11.5.2.tgz 406431ms (cache miss)
4042 http fetch GET 200 https://registry.npmjs.org/commander/-/commander-12.1.0.tgz 407474ms (cache miss)
4043 http fetch GET 200 https://registry.npmjs.org/@react-native/debugger-shell/-/debugger-shell-0.86.0.tgz 410568ms (cache miss)
4044 http fetch GET 200 https://registry.npmjs.org/expo-constants/-/expo-constants-57.0.5.tgz 420247ms (cache miss)
4045 http fetch GET 200 https://registry.npmjs.org/expo-keep-awake/-/expo-keep-awake-57.0.1.tgz 420581ms (cache miss)
4046 http fetch GET 200 https://registry.npmjs.org/@expo/dom-webview/-/dom-webview-57.0.1.tgz 424758ms (cache miss)
4047 http fetch GET 200 https://registry.npmjs.org/babel-preset-expo/-/babel-preset-expo-57.0.3.tgz 459289ms (cache miss)
4048 http fetch GET 200 https://registry.npmjs.org/@expo/log-box/-/log-box-57.0.1.tgz 459433ms (cache miss)
4049 http fetch GET 200 https://registry.npmjs.org/expo-asset/-/expo-asset-57.0.5.tgz 464314ms (cache miss)
4050 http fetch GET 200 https://registry.npmjs.org/@expo/metro-config/-/metro-config-57.0.5.tgz 472438ms (cache miss)
4051 http fetch GET 200 https://registry.npmjs.org/uuid 478557ms (cache miss)
4052 silly packumentCache corgi:https://registry.npmjs.org/uuid set size:undefined disposed:false
4053 silly packumentCache corgi:https://registry.npmjs.org/xcode cache-miss
4054 http fetch GET 200 https://registry.npmjs.org/hermes-parser/-/hermes-parser-0.36.1.tgz 481444ms (cache miss)
4055 http fetch GET 200 https://registry.npmjs.org/cli-cursor/-/cli-cursor-2.1.0.tgz 482599ms attempt #2 (cache miss)
4056 http fetch GET https://registry.npmjs.org/xcode attempt 1 failed with ECONNRESET
4057 http fetch GET 200 https://registry.npmjs.org/hermes-parser/-/hermes-parser-0.36.0.tgz 528024ms (cache miss)
4058 http fetch GET 200 https://registry.npmjs.org/@expo/router-server/-/router-server-57.0.3.tgz 585549ms (cache miss)
4059 http fetch GET 200 https://registry.npmjs.org/expo-file-system/-/expo-file-system-57.0.1.tgz 689120ms (cache miss)
4060 verbose reify failed optional dependency C:\Users\emmanuel.mwinama\Code\Farmis\mobile\node_modules\lightningcss-win32-x64-msvc
4061 silly reify mark deleted [
4061 silly reify   'C:\\Users\\emmanuel.mwinama\\Code\\Farmis\\mobile\\node_modules\\lightningcss-win32-x64-msvc'
4061 silly reify ]
4062 http fetch GET 200 https://registry.npmjs.org/@expo/cli/-/cli-57.0.8.tgz 745212ms (cache miss)
4063 http fetch GET 200 https://registry.npmjs.org/xcode 284811ms attempt #2 (cache miss)
4064 silly packumentCache corgi:https://registry.npmjs.org/xcode set size:undefined disposed:false
4065 silly packumentCache corgi:https://registry.npmjs.org/@expo%2fconfig-plugins cache-miss
4066 http cache https://registry.npmjs.org/@expo%2fconfig-plugins 5ms (cache hit)
4067 silly packumentCache corgi:https://registry.npmjs.org/@expo%2fconfig-plugins set size:429825 disposed:false
4068 silly packumentCache corgi:https://registry.npmjs.org/expo cache-miss
4069 silly packumentCache corgi:https://registry.npmjs.org/@expo%2fcli cache-miss
4070 silly packumentCache corgi:https://registry.npmjs.org/@expo%2fconfig cache-miss
4071 silly packumentCache corgi:https://registry.npmjs.org/@expo%2finline-modules cache-miss
4072 silly packumentCache corgi:https://registry.npmjs.org/@expo%2fprebuild-config cache-miss
4073 http cache https://registry.npmjs.org/@expo%2finline-modules 10ms (cache hit)
4074 silly packumentCache corgi:https://registry.npmjs.org/@expo%2finline-modules set size:28068 disposed:false
4075 http fetch GET https://registry.npmjs.org/@expo%2fconfig attempt 1 failed with ECONNRESET
4076 http fetch GET 200 https://registry.npmjs.org/@expo%2fprebuild-config 19170ms (cache miss)
4077 silly packumentCache corgi:https://registry.npmjs.org/@expo%2fprebuild-config set size:undefined disposed:false
4078 http fetch GET https://registry.npmjs.org/@expo%2fconfig attempt 2 failed with ECONNRESET
4079 http fetch GET 200 https://registry.npmjs.org/@expo%2fcli 62685ms (cache miss)
4080 silly packumentCache corgi:https://registry.npmjs.org/@expo%2fcli set size:undefined disposed:false
4081 http fetch GET https://registry.npmjs.org/@expo%2fconfig attempt 3 failed with ETIMEDOUT
4082 silly packumentCache corgi:https://registry.npmjs.org/expo-secure-store cache-miss
4083 silly packumentCache corgi:https://registry.npmjs.org/expo-status-bar cache-miss
4084 silly packumentCache corgi:https://registry.npmjs.org/@expo%2fdom-webview cache-miss
4085 silly packumentCache corgi:https://registry.npmjs.org/@expo%2flog-box cache-miss
4086 silly packumentCache corgi:https://registry.npmjs.org/@expo%2fmetro-config cache-miss
4087 silly packumentCache corgi:https://registry.npmjs.org/babel-preset-expo cache-miss
4088 silly packumentCache corgi:https://registry.npmjs.org/expo-asset cache-miss
4089 silly packumentCache corgi:https://registry.npmjs.org/expo-constants cache-miss
4090 silly packumentCache corgi:https://registry.npmjs.org/expo-file-system cache-miss
4091 silly packumentCache corgi:https://registry.npmjs.org/expo-font cache-miss
4092 silly packumentCache corgi:https://registry.npmjs.org/expo-keep-awake cache-miss
4093 silly packumentCache corgi:https://registry.npmjs.org/@expo%2frouter-server cache-miss
4094 http cache https://registry.npmjs.org/@expo%2flog-box 61ms (cache hit)
4095 silly packumentCache corgi:https://registry.npmjs.org/@expo%2flog-box set size:95058 disposed:false
4096 http cache https://registry.npmjs.org/expo-secure-store 66ms (cache hit)
4097 silly packumentCache corgi:https://registry.npmjs.org/expo-secure-store set size:188493 disposed:false
4098 http cache https://registry.npmjs.org/@expo%2frouter-server 67ms (cache hit)
4099 silly packumentCache corgi:https://registry.npmjs.org/@expo%2frouter-server set size:116806 disposed:false
4100 http fetch GET https://registry.npmjs.org/expo-asset attempt 1 failed with ETIMEDOUT
4101 http fetch GET https://registry.npmjs.org/expo-status-bar attempt 1 failed with ETIMEDOUT
4102 http fetch GET https://registry.npmjs.org/@expo%2fdom-webview attempt 1 failed with ETIMEDOUT
4103 http fetch GET https://registry.npmjs.org/expo-constants attempt 1 failed with ETIMEDOUT
4104 http fetch GET https://registry.npmjs.org/babel-preset-expo attempt 1 failed with ETIMEDOUT
4105 http fetch GET https://registry.npmjs.org/expo-font attempt 1 failed with ETIMEDOUT
4106 http fetch GET https://registry.npmjs.org/@expo%2fmetro-config attempt 1 failed with ETIMEDOUT
4107 http fetch GET https://registry.npmjs.org/expo-file-system attempt 1 failed with ETIMEDOUT
4108 http fetch GET https://registry.npmjs.org/expo-keep-awake attempt 1 failed with ETIMEDOUT
4109 http fetch GET https://registry.npmjs.org/expo-asset attempt 2 failed with ETIMEDOUT
4110 http fetch GET https://registry.npmjs.org/expo-status-bar attempt 2 failed with ETIMEDOUT
4111 http fetch GET https://registry.npmjs.org/@expo%2fdom-webview attempt 2 failed with ETIMEDOUT
4112 http fetch GET https://registry.npmjs.org/expo-constants attempt 2 failed with ETIMEDOUT
4113 http fetch GET https://registry.npmjs.org/babel-preset-expo attempt 2 failed with ETIMEDOUT
4114 http fetch GET https://registry.npmjs.org/expo-font attempt 2 failed with ETIMEDOUT
4115 http fetch GET https://registry.npmjs.org/@expo%2fmetro-config attempt 2 failed with ETIMEDOUT
4116 http fetch GET https://registry.npmjs.org/expo-file-system attempt 2 failed with ETIMEDOUT
4117 http fetch GET https://registry.npmjs.org/expo-keep-awake attempt 2 failed with ETIMEDOUT
4118 http fetch GET 200 https://registry.npmjs.org/@expo%2fdom-webview 133118ms attempt #3 (cache miss)
4119 silly packumentCache corgi:https://registry.npmjs.org/@expo%2fdom-webview set size:undefined disposed:false
4120 http fetch GET 200 https://registry.npmjs.org/expo-status-bar 138054ms attempt #3 (cache miss)
4121 silly packumentCache corgi:https://registry.npmjs.org/expo-status-bar set size:undefined disposed:false
4122 http fetch GET 200 https://registry.npmjs.org/expo-keep-awake 142550ms attempt #3 (cache miss)
4123 silly packumentCache corgi:https://registry.npmjs.org/expo-keep-awake set size:undefined disposed:false
4124 http fetch GET 200 https://registry.npmjs.org/babel-preset-expo 142741ms attempt #3 (cache miss)
4125 silly packumentCache corgi:https://registry.npmjs.org/babel-preset-expo set size:undefined disposed:false
4126 http fetch GET 200 https://registry.npmjs.org/expo-font 142980ms attempt #3 (cache miss)
4127 silly packumentCache corgi:https://registry.npmjs.org/expo-font set size:undefined disposed:false
4128 http fetch GET 200 https://registry.npmjs.org/expo-constants 144062ms attempt #3 (cache miss)
4129 silly packumentCache corgi:https://registry.npmjs.org/expo-constants set size:undefined disposed:false
4130 http fetch GET 200 https://registry.npmjs.org/expo-file-system 144186ms attempt #3 (cache miss)
4131 silly packumentCache corgi:https://registry.npmjs.org/expo-file-system set size:undefined disposed:false
4132 http fetch GET 200 https://registry.npmjs.org/@expo%2fmetro-config 145921ms attempt #3 (cache miss)
4133 silly packumentCache corgi:https://registry.npmjs.org/@expo%2fmetro-config set size:undefined disposed:false
4134 http fetch GET 200 https://registry.npmjs.org/expo-asset 147486ms attempt #3 (cache miss)
4135 silly packumentCache corgi:https://registry.npmjs.org/expo-asset set size:undefined disposed:false
4136 silly packumentCache corgi:https://registry.npmjs.org/@expo%2flocal-build-cache-provider cache-miss
4137 http fetch GET 200 https://registry.npmjs.org/@expo%2flocal-build-cache-provider 9248ms (cache miss)
4138 silly packumentCache corgi:https://registry.npmjs.org/@expo%2flocal-build-cache-provider set size:undefined disposed:false
4139 http fetch GET 200 https://registry.npmjs.org/expo-modules-core/-/expo-modules-core-57.0.5.tgz 1312735ms (cache miss)
4140 verbose stack Error: read ECONNRESET
4140 verbose stack     at TLSWrap.onStreamRead (node:internal/stream_base_commons:216:20)
4141 error code ECONNRESET
4142 error syscall read
4143 error errno -4077
4144 error network read ECONNRESET
4145 error network This is a problem related to network connectivity.
4145 error network In most cases you are behind a proxy or have bad network settings.
4145 error network
4145 error network If you are behind a proxy, please make sure that the 'proxy' config is set properly.  See: 'npm help config'
4146 silly unfinished npm timer reify 1784145321394
4147 silly unfinished npm timer reify:unpack 1784145705623
4148 silly unfinished npm timer reifyNode:node_modules/progress 1784145705636
4149 silly unfinished npm timer reifyNode:node_modules/@react-native/debugger-frontend 1784145705638
4150 silly unfinished npm timer reifyNode:node_modules/react-devtools-core 1784145705638
4151 silly unfinished npm timer reifyNode:node_modules/hermes-compiler 1784145705638
4152 silly unfinished npm timer reifyNode:node_modules/@expo/expo-modules-macros-plugin 1784145705640
4153 silly unfinished npm timer reifyNode:node_modules/typescript 1784145705642
4154 silly unfinished npm timer reifyNode:node_modules/expo/node_modules/expo-font 1784145705643
4155 verbose cwd C:\Users\emmanuel.mwinama\Code\Farmis\mobile
4156 verbose os Windows_NT 10.0.26200
4157 verbose node v26.1.0
4158 verbose npm  v11.13.0
4159 notice
4159 notice New major version of npm available! 11.13.0 -> 12.0.1
4159 notice Changelog: https://github.com/npm/cli/releases/tag/v12.0.1
4159 notice To update run: npm install -g npm@12.0.1
4159 notice  { force: true, Symbol(proc-log.meta): true }
4160 verbose exit -4077
4161 verbose code -4077
4162 error A complete log of this run can be found in: C:\Users\emmanuel.mwinama\Code\Farmis\mobile\.npm-cache\_logs\2026-07-15T19_55_18_115Z-debug-0.log
