0 verbose cli C:\Program Files\nodejs\node.exe C:\Program Files\nodejs\node_modules\npm\bin\npm-cli.js
1 info using npm@11.13.0
2 info using node@v26.1.0
3 silly config load:file:C:\Program Files\nodejs\node_modules\npm\npmrc
4 silly config load:file:C:\Users\emmanuel.mwinama\Code\Farmis\mobile\.npmrc
5 silly config load:file:C:\Users\emmanuel.mwinama\.npmrc
6 silly config load:file:C:\Users\emmanuel.mwinama\AppData\Roaming\npm\etc\npmrc
7 verbose title npm install
8 verbose argv "install" "--cache" ".\\.npm-cache"
9 verbose logfile logs-max:10 dir:C:\Users\emmanuel.mwinama\Code\Farmis\mobile\.npm-cache\_logs\2026-07-15T20_01_24_621Z-
10 verbose logfile C:\Users\emmanuel.mwinama\Code\Farmis\mobile\.npm-cache\_logs\2026-07-15T20_01_24_621Z-debug-0.log
11 silly logfile done cleaning log files
12 silly packumentCache heap:4395630592 maxSize:1098907648 maxEntrySize:549453824
13 silly idealTree buildDeps
14 silly fetch manifest expo@~57.0.6
15 silly packumentCache full:https://registry.npmjs.org/expo cache-miss
16 http fetch GET 200 https://registry.npmjs.org/expo 1808ms (cache revalidated)
17 silly packumentCache full:https://registry.npmjs.org/expo set size:3927571 disposed:false
18 silly fetch manifest @expo/metro-runtime@*
19 silly packumentCache full:https://registry.npmjs.org/@expo%2fmetro-runtime cache-miss
20 http fetch GET 200 https://registry.npmjs.org/@expo%2fmetro-runtime 176ms (cache revalidated)
21 silly packumentCache full:https://registry.npmjs.org/@expo%2fmetro-runtime set size:756211 disposed:false
22 silly fetch manifest react@19.2.3
23 silly packumentCache full:https://registry.npmjs.org/react cache-miss
24 http fetch GET 200 https://registry.npmjs.org/react 132ms (cache revalidated)
25 silly packumentCache full:https://registry.npmjs.org/react set size:6796788 disposed:false
26 silly fetch manifest react-dom@*
27 silly packumentCache full:https://registry.npmjs.org/react-dom cache-miss
28 http fetch GET 200 https://registry.npmjs.org/react-dom 158ms (cache revalidated)
29 silly packumentCache full:https://registry.npmjs.org/react-dom set size:9106365 disposed:false
30 silly fetch manifest react@^19.2.7
31 silly packumentCache full:https://registry.npmjs.org/react cache-miss
32 http cache https://registry.npmjs.org/react 90ms (cache hit)
33 silly packumentCache full:https://registry.npmjs.org/react set size:6796788 disposed:false
34 silly fetch manifest react-native@0.86.0
35 silly packumentCache full:https://registry.npmjs.org/react-native cache-miss
36 http fetch GET 200 https://registry.npmjs.org/react-native 183ms (cache revalidated)
37 silly packumentCache full:https://registry.npmjs.org/react-native set size:15499313 disposed:false
38 silly fetch manifest @react-native/jest-preset@0.86.0
39 silly packumentCache full:https://registry.npmjs.org/@react-native%2fjest-preset cache-miss
40 http fetch GET 200 https://registry.npmjs.org/@react-native%2fjest-preset 177ms (cache revalidated)
41 silly packumentCache full:https://registry.npmjs.org/@react-native%2fjest-preset set size:268799 disposed:false
42 silly fetch manifest @types/react@~19.2.2
43 silly packumentCache full:https://registry.npmjs.org/@types%2freact cache-miss
44 http fetch GET 200 https://registry.npmjs.org/@types%2freact 152ms (cache revalidated)
45 silly packumentCache full:https://registry.npmjs.org/@types%2freact set size:2632776 disposed:false
46 silly fetch manifest react-native-web@*
47 silly packumentCache full:https://registry.npmjs.org/react-native-web cache-miss
48 http fetch GET 200 https://registry.npmjs.org/react-native-web 128ms (cache revalidated)
49 silly packumentCache full:https://registry.npmjs.org/react-native-web set size:1090416 disposed:false
50 silly fetch manifest react-native-webview@*
51 silly packumentCache full:https://registry.npmjs.org/react-native-webview cache-miss
52 http fetch GET 200 https://registry.npmjs.org/react-native-webview 121ms (cache revalidated)
53 silly packumentCache full:https://registry.npmjs.org/react-native-webview set size:1379763 disposed:false
54 silly fetch manifest expo-secure-store@~57.0.1
55 silly packumentCache full:https://registry.npmjs.org/expo-secure-store cache-miss
56 http fetch GET 200 https://registry.npmjs.org/expo-secure-store 131ms (cache revalidated)
57 silly packumentCache full:https://registry.npmjs.org/expo-secure-store set size:762087 disposed:false
58 silly fetch manifest expo-status-bar@~57.0.1
59 silly packumentCache full:https://registry.npmjs.org/expo-status-bar cache-miss
60 http fetch GET 200 https://registry.npmjs.org/expo-status-bar 444ms (cache revalidated)
61 silly packumentCache full:https://registry.npmjs.org/expo-status-bar set size:737675 disposed:false
62 silly fetch manifest typescript@~6.0.3
63 silly packumentCache full:https://registry.npmjs.org/typescript cache-miss
64 http fetch GET 200 https://registry.npmjs.org/typescript 144ms (cache revalidated)
65 silly packumentCache full:https://registry.npmjs.org/typescript set size:15443961 disposed:false
66 silly placeDep ROOT @types/react@19.2.17 OK for: farmio-mobile@1.0.0 want: ~19.2.2
67 silly placeDep ROOT expo@57.0.6 OK for: farmio-mobile@1.0.0 want: ~57.0.6
68 silly placeDep ROOT react@19.2.3 OK for: expo@57.0.6 want: *
69 silly placeDep ROOT react-native@0.86.0 OK for: expo@57.0.6 want: *
70 silly placeDep ROOT expo-secure-store@57.0.1 OK for: farmio-mobile@1.0.0 want: ~57.0.1
71 silly placeDep ROOT expo-status-bar@57.0.1 OK for: farmio-mobile@1.0.0 want: ~57.0.1
72 silly placeDep ROOT typescript@6.0.3 OK for: farmio-mobile@1.0.0 want: ~6.0.3
73 silly fetch manifest csstype@^3.2.2
74 silly packumentCache full:https://registry.npmjs.org/csstype cache-miss
75 silly fetch manifest @expo/cli@^57.0.8
76 silly packumentCache full:https://registry.npmjs.org/@expo%2fcli cache-miss
77 silly fetch manifest expo-font@~57.0.1
78 silly packumentCache full:https://registry.npmjs.org/expo-font cache-miss
79 silly fetch manifest expo-asset@~57.0.5
80 silly packumentCache full:https://registry.npmjs.org/expo-asset cache-miss
81 silly fetch manifest @expo/metro@~56.0.0
82 silly packumentCache full:https://registry.npmjs.org/@expo%2fmetro cache-miss
83 silly fetch manifest @expo/config@~57.0.5
84 silly packumentCache full:https://registry.npmjs.org/@expo%2fconfig cache-miss
85 silly fetch manifest @expo/log-box@^57.0.1
86 silly packumentCache full:https://registry.npmjs.org/@expo%2flog-box cache-miss
87 http fetch GET 200 https://registry.npmjs.org/expo-font 463ms (cache revalidated)
88 silly packumentCache full:https://registry.npmjs.org/expo-font set size:964330 disposed:false
89 silly fetch manifest pretty-format@^29.7.0
90 silly packumentCache full:https://registry.npmjs.org/pretty-format cache-miss
91 http fetch GET 200 https://registry.npmjs.org/@expo%2fconfig 533ms (cache revalidated)
92 silly packumentCache full:https://registry.npmjs.org/@expo%2fconfig set size:1513044 disposed:false
93 silly fetch manifest react-refresh@^0.14.2
94 silly packumentCache full:https://registry.npmjs.org/react-refresh cache-miss
95 http fetch GET 200 https://registry.npmjs.org/@expo%2fcli 545ms (cache revalidated)
96 silly packumentCache full:https://registry.npmjs.org/@expo%2fcli set size:2826458 disposed:false
97 silly fetch manifest @babel/runtime@^7.20.0
98 silly packumentCache full:https://registry.npmjs.org/@babel%2fruntime cache-miss
99 http fetch GET 200 https://registry.npmjs.org/@expo%2flog-box 562ms (cache revalidated)
100 silly packumentCache full:https://registry.npmjs.org/@expo%2flog-box set size:265400 disposed:false
101 silly fetch manifest @expo/devtools@~57.0.1
102 silly packumentCache full:https://registry.npmjs.org/@expo%2fdevtools cache-miss
103 http fetch GET 200 https://registry.npmjs.org/@expo%2fmetro 565ms (cache revalidated)
104 silly packumentCache full:https://registry.npmjs.org/@expo%2fmetro set size:61910 disposed:false
105 silly fetch manifest expo-constants@~57.0.5
106 silly packumentCache full:https://registry.npmjs.org/expo-constants cache-miss
107 http fetch GET 200 https://registry.npmjs.org/pretty-format 139ms (cache revalidated)
108 silly packumentCache full:https://registry.npmjs.org/pretty-format set size:598313 disposed:false
109 silly fetch manifest expo-keep-awake@~57.0.1
110 silly packumentCache full:https://registry.npmjs.org/expo-keep-awake cache-miss
111 http fetch GET 200 https://registry.npmjs.org/react-refresh 174ms (cache revalidated)
112 silly packumentCache full:https://registry.npmjs.org/react-refresh set size:6459267 disposed:false
113 silly fetch manifest expo-file-system@~57.0.1
114 silly packumentCache full:https://registry.npmjs.org/expo-file-system cache-miss
115 http fetch GET 200 https://registry.npmjs.org/expo-constants 193ms (cache revalidated)
116 silly packumentCache full:https://registry.npmjs.org/expo-constants set size:1135531 disposed:false
117 silly fetch manifest @expo/dom-webview@~57.0.1
118 silly packumentCache full:https://registry.npmjs.org/@expo%2fdom-webview cache-miss
119 http fetch GET 200 https://registry.npmjs.org/@babel%2fruntime 209ms (cache revalidated)
120 silly packumentCache full:https://registry.npmjs.org/@babel%2fruntime set size:3471810 disposed:false
121 silly fetch manifest @expo/fingerprint@^0.20.5
122 silly packumentCache full:https://registry.npmjs.org/@expo%2ffingerprint cache-miss
123 http fetch GET 200 https://registry.npmjs.org/expo-asset 822ms (cache revalidated)
124 silly packumentCache full:https://registry.npmjs.org/expo-asset set size:1109875 disposed:false
125 silly fetch manifest babel-preset-expo@~57.0.3
126 silly packumentCache full:https://registry.npmjs.org/babel-preset-expo cache-miss
127 http fetch GET 200 https://registry.npmjs.org/@expo%2ffingerprint 175ms (cache revalidated)
128 silly packumentCache full:https://registry.npmjs.org/@expo%2ffingerprint set size:807472 disposed:false
129 silly fetch manifest expo-modules-core@~57.0.5
130 silly packumentCache full:https://registry.npmjs.org/expo-modules-core cache-miss
131 http fetch GET 200 https://registry.npmjs.org/babel-preset-expo 149ms (cache revalidated)
132 silly packumentCache full:https://registry.npmjs.org/babel-preset-expo set size:1320000 disposed:false
133 silly fetch manifest @expo/metro-config@~57.0.5
134 silly packumentCache full:https://registry.npmjs.org/@expo%2fmetro-config cache-miss
135 http fetch GET 200 https://registry.npmjs.org/csstype 985ms (cache revalidated)
136 silly packumentCache full:https://registry.npmjs.org/csstype set size:274189 disposed:false
137 silly fetch manifest whatwg-url-minimum@^0.1.2
138 silly packumentCache full:https://registry.npmjs.org/whatwg-url-minimum cache-miss
139 http fetch GET 200 https://registry.npmjs.org/@expo%2fdom-webview 224ms (cache revalidated)
140 silly packumentCache full:https://registry.npmjs.org/@expo%2fdom-webview set size:431596 disposed:false
141 silly fetch manifest @expo/config-plugins@~57.0.5
142 silly packumentCache full:https://registry.npmjs.org/@expo%2fconfig-plugins cache-miss
143 http fetch GET 200 https://registry.npmjs.org/expo-file-system 251ms (cache revalidated)
144 silly packumentCache full:https://registry.npmjs.org/expo-file-system set size:1133198 disposed:false
145 silly fetch manifest @ungap/structured-clone@^1.3.0
146 silly packumentCache full:https://registry.npmjs.org/@ungap%2fstructured-clone cache-miss
147 http fetch GET 200 https://registry.npmjs.org/expo-keep-awake 436ms (cache revalidated)
148 silly packumentCache full:https://registry.npmjs.org/expo-keep-awake set size:768209 disposed:false
149 silly fetch manifest expo-modules-autolinking@~57.0.7
150 silly packumentCache full:https://registry.npmjs.org/expo-modules-autolinking cache-miss
151 http cache https://registry.npmjs.org/expo-modules-autolinking 6ms (cache hit)
152 silly packumentCache full:https://registry.npmjs.org/expo-modules-autolinking set size:1048642 disposed:false
153 silly fetch manifest @expo/local-build-cache-provider@^57.0.4
154 silly packumentCache full:https://registry.npmjs.org/@expo%2flocal-build-cache-provider cache-miss
155 http cache https://registry.npmjs.org/@expo%2flocal-build-cache-provider 4ms (cache hit)
156 silly packumentCache full:https://registry.npmjs.org/@expo%2flocal-build-cache-provider set size:224857 disposed:false
157 silly fetch manifest ws@^7.5.10
158 silly packumentCache full:https://registry.npmjs.org/ws cache-miss
159 http cache https://registry.npmjs.org/ws 6ms (cache hit)
160 silly packumentCache full:https://registry.npmjs.org/ws set size:436175 disposed:false
161 silly fetch manifest anser@^1.4.9
162 silly packumentCache full:https://registry.npmjs.org/anser cache-miss
163 http cache https://registry.npmjs.org/anser 5ms (cache hit)
164 silly packumentCache full:https://registry.npmjs.org/anser set size:109321 disposed:false
165 silly fetch manifest yargs@^17.6.2
166 silly packumentCache full:https://registry.npmjs.org/yargs cache-miss
167 http cache https://registry.npmjs.org/yargs 5ms (cache hit)
168 silly packumentCache full:https://registry.npmjs.org/yargs set size:751093 disposed:false
169 silly fetch manifest semver@^7.1.3
170 silly packumentCache full:https://registry.npmjs.org/semver cache-miss
171 http cache https://registry.npmjs.org/semver 4ms (cache hit)
172 silly packumentCache full:https://registry.npmjs.org/semver set size:246069 disposed:false
173 silly fetch manifest promise@^8.3.0
174 silly packumentCache full:https://registry.npmjs.org/promise cache-miss
175 http cache https://registry.npmjs.org/promise 4ms (cache hit)
176 silly packumentCache full:https://registry.npmjs.org/promise set size:112704 disposed:false
177 silly fetch manifest base64-js@^1.5.1
178 silly packumentCache full:https://registry.npmjs.org/base64-js cache-miss
179 http cache https://registry.npmjs.org/base64-js 5ms (cache hit)
180 silly packumentCache full:https://registry.npmjs.org/base64-js set size:41270 disposed:false
181 silly fetch manifest commander@^12.0.0
182 silly packumentCache full:https://registry.npmjs.org/commander cache-miss
183 http cache https://registry.npmjs.org/commander 4ms (cache hit)
184 silly packumentCache full:https://registry.npmjs.org/commander set size:353115 disposed:false
185 silly fetch manifest invariant@^2.2.4
186 silly packumentCache full:https://registry.npmjs.org/invariant cache-miss
187 http cache https://registry.npmjs.org/invariant 5ms (cache hit)
188 silly packumentCache full:https://registry.npmjs.org/invariant set size:22008 disposed:false
189 silly fetch manifest scheduler@0.27.0
190 silly packumentCache full:https://registry.npmjs.org/scheduler cache-miss
191 http cache https://registry.npmjs.org/scheduler 14ms (cache hit)
192 silly packumentCache full:https://registry.npmjs.org/scheduler set size:5617993 disposed:false
193 silly fetch manifest ansi-regex@^5.0.0
194 silly packumentCache full:https://registry.npmjs.org/ansi-regex cache-miss
195 http fetch GET 200 https://registry.npmjs.org/whatwg-url-minimum 195ms (cache revalidated)
196 silly packumentCache full:https://registry.npmjs.org/whatwg-url-minimum set size:55663 disposed:false
197 silly fetch manifest nullthrows@^1.1.1
198 silly packumentCache full:https://registry.npmjs.org/nullthrows cache-miss
199 http fetch GET 200 https://registry.npmjs.org/@ungap%2fstructured-clone 185ms (cache revalidated)
200 silly packumentCache full:https://registry.npmjs.org/@ungap%2fstructured-clone set size:63691 disposed:false
201 silly fetch manifest tinyglobby@^0.2.15
202 silly packumentCache full:https://registry.npmjs.org/tinyglobby cache-miss
203 http fetch GET 200 https://registry.npmjs.org/expo-modules-core 213ms (cache revalidated)
204 silly packumentCache full:https://registry.npmjs.org/expo-modules-core set size:1389792 disposed:false
205 silly fetch manifest memoize-one@^5.0.0
206 silly packumentCache full:https://registry.npmjs.org/memoize-one cache-miss
207 http fetch GET 200 https://registry.npmjs.org/@expo%2fconfig-plugins 207ms (cache revalidated)
208 silly packumentCache full:https://registry.npmjs.org/@expo%2fconfig-plugins set size:1295159 disposed:false
209 silly fetch manifest whatwg-fetch@^3.0.0
210 silly packumentCache full:https://registry.npmjs.org/whatwg-fetch cache-miss
211 http fetch GET 200 https://registry.npmjs.org/@expo%2fmetro-config 225ms (cache revalidated)
212 silly packumentCache full:https://registry.npmjs.org/@expo%2fmetro-config set size:1618655 disposed:false
213 silly fetch manifest metro-runtime@^0.84.3
214 silly packumentCache full:https://registry.npmjs.org/metro-runtime cache-miss
215 http fetch GET 200 https://registry.npmjs.org/@expo%2fdevtools 650ms (cache revalidated)
216 silly packumentCache full:https://registry.npmjs.org/@expo%2fdevtools set size:245845 disposed:false
217 silly fetch manifest react-refresh@^0.14.0
218 silly packumentCache full:https://registry.npmjs.org/react-refresh cache-miss
219 http cache https://registry.npmjs.org/ansi-regex 71ms (cache hit)
220 silly packumentCache full:https://registry.npmjs.org/ansi-regex set size:43572 disposed:false
221 silly fetch manifest hermes-compiler@250829098.0.14
222 silly packumentCache full:https://registry.npmjs.org/hermes-compiler cache-miss
223 http cache https://registry.npmjs.org/nullthrows 78ms (cache hit)
224 silly packumentCache full:https://registry.npmjs.org/nullthrows set size:14885 disposed:false
225 silly fetch manifest abort-controller@^3.0.0
226 silly packumentCache full:https://registry.npmjs.org/abort-controller cache-miss
227 http cache https://registry.npmjs.org/tinyglobby 79ms (cache hit)
228 silly packumentCache full:https://registry.npmjs.org/tinyglobby set size:54291 disposed:false
229 silly fetch manifest metro-source-map@^0.84.3
230 silly packumentCache full:https://registry.npmjs.org/metro-source-map cache-miss
231 http cache https://registry.npmjs.org/memoize-one 69ms (cache hit)
232 silly packumentCache full:https://registry.npmjs.org/memoize-one set size:217155 disposed:false
233 silly fetch manifest stacktrace-parser@^0.1.10
234 silly packumentCache full:https://registry.npmjs.org/stacktrace-parser cache-miss
235 http cache https://registry.npmjs.org/whatwg-fetch 66ms (cache hit)
236 silly packumentCache full:https://registry.npmjs.org/whatwg-fetch set size:120970 disposed:false
237 silly fetch manifest flow-enums-runtime@^0.0.6
238 silly packumentCache full:https://registry.npmjs.org/flow-enums-runtime cache-miss
239 http cache https://registry.npmjs.org/metro-runtime 56ms (cache hit)
240 silly packumentCache full:https://registry.npmjs.org/metro-runtime set size:224399 disposed:false
241 silly fetch manifest react-devtools-core@^6.1.5
242 silly packumentCache full:https://registry.npmjs.org/react-devtools-core cache-miss
243 http cache https://registry.npmjs.org/react-refresh 69ms (cache hit)
244 silly packumentCache full:https://registry.npmjs.org/react-refresh set size:6459267 disposed:false
245 silly fetch manifest regenerator-runtime@^0.13.2
246 silly packumentCache full:https://registry.npmjs.org/regenerator-runtime cache-miss
247 http cache https://registry.npmjs.org/hermes-compiler 147ms (cache hit)
248 silly packumentCache full:https://registry.npmjs.org/hermes-compiler set size:161695 disposed:false
249 silly fetch manifest @react-native/codegen@0.86.0
250 silly packumentCache full:https://registry.npmjs.org/@react-native%2fcodegen cache-miss
251 http cache https://registry.npmjs.org/abort-controller 156ms (cache hit)
252 silly packumentCache full:https://registry.npmjs.org/abort-controller set size:47272 disposed:false
253 silly fetch manifest @react-native/js-polyfills@0.86.0
254 silly packumentCache full:https://registry.npmjs.org/@react-native%2fjs-polyfills cache-miss
255 http cache https://registry.npmjs.org/stacktrace-parser 163ms (cache hit)
256 silly packumentCache full:https://registry.npmjs.org/stacktrace-parser set size:31168 disposed:false
257 silly fetch manifest @react-native/gradle-plugin@0.86.0
258 silly packumentCache full:https://registry.npmjs.org/@react-native%2fgradle-plugin cache-miss
259 http cache https://registry.npmjs.org/metro-source-map 168ms (cache hit)
260 silly packumentCache full:https://registry.npmjs.org/metro-source-map set size:431760 disposed:false
261 silly fetch manifest @react-native/assets-registry@0.86.0
262 silly packumentCache full:https://registry.npmjs.org/@react-native%2fassets-registry cache-miss
263 http cache https://registry.npmjs.org/flow-enums-runtime 168ms (cache hit)
264 silly packumentCache full:https://registry.npmjs.org/flow-enums-runtime set size:20749 disposed:false
265 silly fetch manifest @react-native/normalize-colors@0.86.0
266 silly packumentCache full:https://registry.npmjs.org/@react-native%2fnormalize-colors cache-miss
267 http cache https://registry.npmjs.org/react-devtools-core 176ms (cache hit)
268 silly packumentCache full:https://registry.npmjs.org/react-devtools-core set size:459848 disposed:false
269 silly fetch manifest @react-native/virtualized-lists@0.86.0
270 silly packumentCache full:https://registry.npmjs.org/@react-native%2fvirtualized-lists cache-miss
271 http cache https://registry.npmjs.org/regenerator-runtime 129ms (cache hit)
272 silly packumentCache full:https://registry.npmjs.org/regenerator-runtime set size:59671 disposed:false
273 silly fetch manifest babel-plugin-syntax-hermes-parser@0.36.0
274 silly packumentCache full:https://registry.npmjs.org/babel-plugin-syntax-hermes-parser cache-miss
275 http cache https://registry.npmjs.org/@react-native%2fcodegen 101ms (cache hit)
276 silly packumentCache full:https://registry.npmjs.org/@react-native%2fcodegen set size:2963699 disposed:false
277 silly fetch manifest @react-native/community-cli-plugin@0.86.0
278 silly packumentCache full:https://registry.npmjs.org/@react-native%2fcommunity-cli-plugin cache-miss
279 http cache https://registry.npmjs.org/@react-native%2fgradle-plugin 98ms (cache hit)
280 silly packumentCache full:https://registry.npmjs.org/@react-native%2fgradle-plugin set size:2104408 disposed:false
281 http cache https://registry.npmjs.org/@react-native%2fjs-polyfills 122ms (cache hit)
282 silly packumentCache full:https://registry.npmjs.org/@react-native%2fjs-polyfills set size:1949841 disposed:false
283 http cache https://registry.npmjs.org/@react-native%2fassets-registry 118ms (cache hit)
284 silly packumentCache full:https://registry.npmjs.org/@react-native%2fassets-registry set size:1957239 disposed:false
285 http cache https://registry.npmjs.org/@react-native%2fnormalize-colors 128ms (cache hit)
286 silly packumentCache full:https://registry.npmjs.org/@react-native%2fnormalize-colors set size:1962031 disposed:false
287 http cache https://registry.npmjs.org/@react-native%2fvirtualized-lists 133ms (cache hit)
288 silly packumentCache full:https://registry.npmjs.org/@react-native%2fvirtualized-lists set size:2421910 disposed:false
289 http cache https://registry.npmjs.org/babel-plugin-syntax-hermes-parser 164ms (cache hit)
290 silly packumentCache full:https://registry.npmjs.org/babel-plugin-syntax-hermes-parser set size:108082 disposed:false
291 http cache https://registry.npmjs.org/@react-native%2fcommunity-cli-plugin 147ms (cache hit)
292 silly packumentCache full:https://registry.npmjs.org/@react-native%2fcommunity-cli-plugin set size:2606601 disposed:false
293 silly placeDep ROOT csstype@3.2.3 OK for: @types/react@19.2.17 want: ^3.2.2
294 silly fetch manifest expo@*
295 silly packumentCache full:https://registry.npmjs.org/expo cache-miss
296 http cache https://registry.npmjs.org/expo 131ms (cache hit)
297 silly packumentCache full:https://registry.npmjs.org/expo set size:3927571 disposed:false
298 silly fetch manifest react@*
299 silly packumentCache full:https://registry.npmjs.org/react cache-miss
300 http cache https://registry.npmjs.org/react 64ms (cache hit)
301 silly packumentCache full:https://registry.npmjs.org/react set size:6796788 disposed:false
302 silly fetch manifest react-native@*
303 silly packumentCache full:https://registry.npmjs.org/react-native cache-miss
304 http cache https://registry.npmjs.org/react-native 36ms (cache hit)
305 silly packumentCache full:https://registry.npmjs.org/react-native set size:15499313 disposed:false
306 silly fetch manifest @types/react@^19.1.1
307 silly packumentCache full:https://registry.npmjs.org/@types%2freact cache-miss
308 http cache https://registry.npmjs.org/@types%2freact 35ms (cache hit)
309 silly packumentCache full:https://registry.npmjs.org/@types%2freact set size:2632776 disposed:false
310 silly fetch manifest expo-router@*
311 silly packumentCache full:https://registry.npmjs.org/expo-router cache-miss
312 http cache https://registry.npmjs.org/expo-router 27ms (cache hit)
313 silly packumentCache full:https://registry.npmjs.org/expo-router set size:2001617 disposed:false
314 silly fetch manifest @testing-library/react-native@>= 13.2.0
315 silly packumentCache full:https://registry.npmjs.org/@testing-library%2freact-native cache-miss
316 http cache https://registry.npmjs.org/@testing-library%2freact-native 21ms (cache hit)
317 silly packumentCache full:https://registry.npmjs.org/@testing-library%2freact-native set size:628758 disposed:false
318 silly fetch manifest jest@>=29.0.0
319 silly packumentCache full:https://registry.npmjs.org/jest cache-miss
320 http cache https://registry.npmjs.org/jest 17ms (cache hit)
321 silly packumentCache full:https://registry.npmjs.org/jest set size:862623 disposed:false
322 silly fetch manifest node-notifier@^8.0.1 || ^9.0.0 || ^10.0.0
323 silly packumentCache full:https://registry.npmjs.org/node-notifier cache-miss
324 http cache https://registry.npmjs.org/node-notifier 25ms (cache hit)
325 silly packumentCache full:https://registry.npmjs.org/node-notifier set size:171519 disposed:false
326 silly fetch manifest test-renderer@^1.0.0
327 silly packumentCache full:https://registry.npmjs.org/test-renderer cache-miss
328 http cache https://registry.npmjs.org/test-renderer 15ms (cache hit)
329 silly packumentCache full:https://registry.npmjs.org/test-renderer set size:44693 disposed:false
330 silly fetch manifest expo-linking@^57.0.3
331 silly packumentCache full:https://registry.npmjs.org/expo-linking cache-miss
332 http cache https://registry.npmjs.org/expo-linking 12ms (cache hit)
333 silly packumentCache full:https://registry.npmjs.org/expo-linking set size:829938 disposed:false
334 silly fetch manifest react-native-gesture-handler@*
335 silly packumentCache full:https://registry.npmjs.org/react-native-gesture-handler cache-miss
336 http cache https://registry.npmjs.org/react-native-gesture-handler 29ms (cache hit)
337 silly packumentCache full:https://registry.npmjs.org/react-native-gesture-handler set size:1207742 disposed:false
338 silly fetch manifest react-native-reanimated@*
339 silly packumentCache full:https://registry.npmjs.org/react-native-reanimated cache-miss
340 http cache https://registry.npmjs.org/react-native-reanimated 27ms (cache hit)
341 silly packumentCache full:https://registry.npmjs.org/react-native-reanimated set size:11146775 disposed:false
342 silly fetch manifest react-native-worklets@0.10.x
343 silly packumentCache full:https://registry.npmjs.org/react-native-worklets cache-miss
344 http cache https://registry.npmjs.org/react-native-worklets 15ms (cache hit)
345 silly packumentCache full:https://registry.npmjs.org/react-native-worklets set size:2954654 disposed:false
346 silly fetch manifest @babel/core@*
347 silly packumentCache full:https://registry.npmjs.org/@babel%2fcore cache-miss
348 http cache https://registry.npmjs.org/@babel%2fcore 13ms (cache hit)
349 silly packumentCache full:https://registry.npmjs.org/@babel%2fcore set size:788258 disposed:false
350 silly fetch manifest @react-native/metro-config@*
351 silly packumentCache full:https://registry.npmjs.org/@react-native%2fmetro-config cache-miss
352 http cache https://registry.npmjs.org/@react-native%2fmetro-config 9ms (cache hit)
353 silly packumentCache full:https://registry.npmjs.org/@react-native%2fmetro-config set size:2287267 disposed:false
354 silly fetch manifest react-native-safe-area-context@>= 5.4.0
355 silly packumentCache full:https://registry.npmjs.org/react-native-safe-area-context cache-miss
356 http cache https://registry.npmjs.org/react-native-safe-area-context 6ms (cache hit)
357 silly packumentCache full:https://registry.npmjs.org/react-native-safe-area-context set size:667318 disposed:false
358 silly fetch manifest react-server-dom-webpack@~19.0.4 || ~19.1.5 || ~19.2.4
359 silly packumentCache full:https://registry.npmjs.org/react-server-dom-webpack cache-miss
360 http cache https://registry.npmjs.org/react-server-dom-webpack 25ms (cache hit)
361 silly packumentCache full:https://registry.npmjs.org/react-server-dom-webpack set size:7421412 disposed:false
362 silly fetch manifest webpack@^5.59.0
363 silly packumentCache full:https://registry.npmjs.org/webpack cache-miss
364 http cache https://registry.npmjs.org/webpack 60ms (cache hit)
365 silly packumentCache full:https://registry.npmjs.org/webpack set size:5090723 disposed:false
366 silly fetch manifest expo-widgets@^57.0.5
367 silly packumentCache full:https://registry.npmjs.org/expo-widgets cache-miss
368 http cache https://registry.npmjs.org/expo-widgets 6ms (cache hit)
369 silly packumentCache full:https://registry.npmjs.org/expo-widgets set size:280943 disposed:false
370 silly fetch manifest react-native-worklets@^0.7.4 || ^0.8.0 || ^0.9.0 || ^0.10.0
371 silly packumentCache full:https://registry.npmjs.org/react-native-worklets cache-miss
372 http cache https://registry.npmjs.org/react-native-worklets 75ms (cache hit)
373 silly packumentCache full:https://registry.npmjs.org/react-native-worklets set size:2954654 disposed:false
374 silly placeDep ROOT @babel/runtime@7.29.7 OK for: expo@57.0.6 want: ^7.20.0
375 silly placeDep node_modules/expo @expo/cli@57.0.8 CONFLICT for: expo@57.0.6 want: ^57.0.8
376 silly placeDep ROOT @expo/config@57.0.5 OK for: expo@57.0.6 want: ~57.0.5
377 silly placeDep ROOT @expo/config-plugins@57.0.5 OK for: expo@57.0.6 want: ~57.0.5
378 silly placeDep ROOT @expo/devtools@57.0.1 OK for: expo@57.0.6 want: ~57.0.1
379 silly placeDep node_modules/expo @expo/dom-webview@57.0.1 CONFLICT for: expo@57.0.6 want: ~57.0.1
380 silly placeDep ROOT @expo/fingerprint@0.20.5 OK for: expo@57.0.6 want: ^0.20.5
381 silly placeDep ROOT @expo/local-build-cache-provider@57.0.4 OK for: expo@57.0.6 want: ^57.0.4
382 silly placeDep node_modules/expo @expo/log-box@57.0.1 CONFLICT for: expo@57.0.6 want: ^57.0.1
383 silly placeDep ROOT @expo/metro@56.0.0 OK for: expo@57.0.6 want: ~56.0.0
384 silly placeDep node_modules/expo @expo/metro-config@57.0.5 CONFLICT for: expo@57.0.6 want: ~57.0.5
385 silly placeDep ROOT @ungap/structured-clone@1.3.3 OK for: expo@57.0.6 want: ^1.3.0
386 silly placeDep node_modules/expo babel-preset-expo@57.0.3 CONFLICT for: expo@57.0.6 want: ~57.0.3
387 silly placeDep ROOT react-refresh@0.14.2 OK for: babel-preset-expo@57.0.3 want: >=0.14.0 <1.0.0
388 silly placeDep node_modules/expo expo-asset@57.0.5 CONFLICT for: expo@57.0.6 want: ~57.0.5
389 silly placeDep node_modules/expo expo-constants@57.0.5 CONFLICT for: expo@57.0.6 want: ~57.0.5
390 silly placeDep node_modules/expo expo-file-system@57.0.1 CONFLICT for: expo@57.0.6 want: ~57.0.1
391 silly placeDep node_modules/expo expo-font@57.0.1 CONFLICT for: expo@57.0.6 want: ~57.0.1
392 silly placeDep node_modules/expo expo-keep-awake@57.0.1 CONFLICT for: expo@57.0.6 want: ~57.0.1
393 silly placeDep ROOT expo-modules-autolinking@57.0.7 OK for: expo@57.0.6 want: ~57.0.7
394 silly placeDep ROOT expo-modules-core@57.0.5 OK for: expo@57.0.6 want: ~57.0.5
395 silly placeDep ROOT pretty-format@29.7.0 OK for: expo@57.0.6 want: ^29.7.0
396 silly placeDep ROOT whatwg-url-minimum@0.1.2 OK for: expo@57.0.6 want: ^0.1.2
397 silly fetch manifest ws@^8.12.1
398 silly packumentCache full:https://registry.npmjs.org/ws cache-hit
399 silly fetch manifest arg@^5.0.2
400 silly packumentCache full:https://registry.npmjs.org/arg cache-miss
401 silly fetch manifest ora@^3.4.0
402 silly packumentCache full:https://registry.npmjs.org/ora cache-miss
403 silly fetch manifest zod@^3.25.76
404 silly packumentCache full:https://registry.npmjs.org/zod cache-miss
405 silly fetch manifest glob@^13.0.0
406 silly packumentCache full:https://registry.npmjs.org/glob cache-miss
407 silly fetch manifest send@^0.19.0
408 silly packumentCache full:https://registry.npmjs.org/send cache-miss
409 silly fetch manifest toqr@^0.1.1
410 silly packumentCache full:https://registry.npmjs.org/toqr cache-miss
411 silly fetch manifest chalk@^4.0.0
412 silly packumentCache full:https://registry.npmjs.org/chalk cache-miss
413 http cache https://registry.npmjs.org/send 11ms (cache hit)
414 silly packumentCache full:https://registry.npmjs.org/send set size:152810 disposed:false
415 silly fetch manifest debug@^4.3.4
416 silly packumentCache full:https://registry.npmjs.org/debug cache-miss
417 http cache https://registry.npmjs.org/ora 14ms (cache hit)
418 silly packumentCache full:https://registry.npmjs.org/ora set size:147148 disposed:false
419 silly fetch manifest getenv@^2.0.0
420 silly packumentCache full:https://registry.npmjs.org/getenv cache-miss
421 http cache https://registry.npmjs.org/arg 17ms (cache hit)
422 silly packumentCache full:https://registry.npmjs.org/arg set size:67036 disposed:false
423 silly fetch manifest semver@^7.6.0
424 silly packumentCache full:https://registry.npmjs.org/semver cache-hit
425 silly fetch manifest accepts@^1.3.8
426 silly packumentCache full:https://registry.npmjs.org/accepts cache-miss
427 http cache https://registry.npmjs.org/chalk 16ms (cache hit)
428 silly packumentCache full:https://registry.npmjs.org/chalk set size:117861 disposed:false
429 silly fetch manifest ci-info@^3.3.0
430 silly packumentCache full:https://registry.npmjs.org/ci-info cache-miss
431 http cache https://registry.npmjs.org/toqr 21ms (cache hit)
432 silly packumentCache full:https://registry.npmjs.org/toqr set size:13525 disposed:false
433 silly fetch manifest connect@^3.7.0
434 silly packumentCache full:https://registry.npmjs.org/connect cache-miss
435 http cache https://registry.npmjs.org/glob 24ms (cache hit)
436 silly packumentCache full:https://registry.npmjs.org/glob set size:469465 disposed:false
437 silly fetch manifest prompts@^2.3.2
438 silly packumentCache full:https://registry.npmjs.org/prompts cache-miss
439 http cache https://registry.npmjs.org/zod 35ms (cache hit)
440 silly packumentCache full:https://registry.npmjs.org/zod set size:3552562 disposed:false
441 silly fetch manifest slugify@^1.3.4
442 silly packumentCache full:https://registry.npmjs.org/slugify cache-miss
443 http cache https://registry.npmjs.org/debug 77ms (cache hit)
444 silly packumentCache full:https://registry.npmjs.org/debug set size:195840 disposed:false
445 silly fetch manifest progress@^2.0.3
446 silly packumentCache full:https://registry.npmjs.org/progress cache-miss
447 http cache https://registry.npmjs.org/accepts 79ms (cache hit)
448 silly packumentCache full:https://registry.npmjs.org/accepts set size:77054 disposed:false
449 silly fetch manifest @expo/env@~2.4.2
450 silly packumentCache full:https://registry.npmjs.org/@expo%2fenv cache-miss
451 http cache https://registry.npmjs.org/getenv 83ms (cache hit)
452 silly packumentCache full:https://registry.npmjs.org/getenv set size:20110 disposed:false
453 silly fetch manifest multitars@^1.0.0
454 silly packumentCache full:https://registry.npmjs.org/multitars cache-miss
455 http cache https://registry.npmjs.org/ci-info 79ms (cache hit)
456 silly packumentCache full:https://registry.npmjs.org/ci-info set size:91363 disposed:false
457 silly fetch manifest picomatch@^4.0.4
458 silly packumentCache full:https://registry.npmjs.org/picomatch cache-miss
459 http cache https://registry.npmjs.org/connect 90ms (cache hit)
460 silly packumentCache full:https://registry.npmjs.org/connect set size:438385 disposed:false
461 silly fetch manifest wrap-ansi@^7.0.0
462 silly packumentCache full:https://registry.npmjs.org/wrap-ansi cache-miss
463 http cache https://registry.npmjs.org/prompts 88ms (cache hit)
464 silly packumentCache full:https://registry.npmjs.org/prompts set size:115896 disposed:false
465 silly fetch manifest node-forge@^1.3.3
466 silly packumentCache full:https://registry.npmjs.org/node-forge cache-miss
467 http cache https://registry.npmjs.org/slugify 69ms (cache hit)
468 silly packumentCache full:https://registry.npmjs.org/slugify set size:103522 disposed:false
469 silly fetch manifest @expo/plist@^0.8.1
470 silly packumentCache full:https://registry.npmjs.org/@expo%2fplist cache-miss
471 http cache https://registry.npmjs.org/progress 79ms (cache hit)
472 silly packumentCache full:https://registry.npmjs.org/progress set size:34179 disposed:false
473 silly fetch manifest compression@^1.7.4
474 silly packumentCache full:https://registry.npmjs.org/compression cache-miss
475 http cache https://registry.npmjs.org/@expo%2fenv 76ms (cache hit)
476 silly packumentCache full:https://registry.npmjs.org/@expo%2fenv set size:590610 disposed:false
477 silly fetch manifest expo-server@^57.0.1
478 silly packumentCache full:https://registry.npmjs.org/expo-server cache-miss
479 http cache https://registry.npmjs.org/multitars 78ms (cache hit)
480 silly packumentCache full:https://registry.npmjs.org/multitars set size:114498 disposed:false
481 silly fetch manifest lan-network@^0.2.1
482 silly packumentCache full:https://registry.npmjs.org/lan-network cache-miss
483 http cache https://registry.npmjs.org/picomatch 77ms (cache hit)
484 silly packumentCache full:https://registry.npmjs.org/picomatch set size:128942 disposed:false
485 silly fetch manifest resolve-from@^5.0.0
486 silly packumentCache full:https://registry.npmjs.org/resolve-from cache-miss
487 http cache https://registry.npmjs.org/wrap-ansi 66ms (cache hit)
488 silly packumentCache full:https://registry.npmjs.org/wrap-ansi set size:55299 disposed:false
489 silly fetch manifest @expo/devcert@^1.2.1
490 silly packumentCache full:https://registry.npmjs.org/@expo%2fdevcert cache-miss
491 http cache https://registry.npmjs.org/node-forge 69ms (cache hit)
492 silly packumentCache full:https://registry.npmjs.org/node-forge set size:394631 disposed:false
493 silly fetch manifest bplist-parser@^0.3.1
494 silly packumentCache full:https://registry.npmjs.org/bplist-parser cache-miss
495 http cache https://registry.npmjs.org/@expo%2fplist 69ms (cache hit)
496 silly packumentCache full:https://registry.npmjs.org/@expo%2fplist set size:569969 disposed:false
497 silly fetch manifest terminal-link@^2.1.1
498 silly packumentCache full:https://registry.npmjs.org/terminal-link cache-miss
499 http cache https://registry.npmjs.org/compression 70ms (cache hit)
500 silly packumentCache full:https://registry.npmjs.org/compression set size:98424 disposed:false
501 silly fetch manifest @expo/xcpretty@^4.4.4
502 silly packumentCache full:https://registry.npmjs.org/@expo%2fxcpretty cache-miss
503 http cache https://registry.npmjs.org/resolve-from 77ms (cache hit)
504 silly packumentCache full:https://registry.npmjs.org/resolve-from set size:12911 disposed:false
505 silly fetch manifest bplist-creator@0.1.0
506 silly packumentCache full:https://registry.npmjs.org/bplist-creator cache-miss
507 http cache https://registry.npmjs.org/expo-server 83ms (cache hit)
508 silly packumentCache full:https://registry.npmjs.org/expo-server set size:313228 disposed:false
509 silly fetch manifest fetch-nodeshim@^0.4.10
510 silly packumentCache full:https://registry.npmjs.org/fetch-nodeshim cache-miss
511 http cache https://registry.npmjs.org/lan-network 98ms (cache hit)
512 silly packumentCache full:https://registry.npmjs.org/lan-network set size:65284 disposed:false
513 silly fetch manifest @expo/json-file@^11.0.1
514 silly packumentCache full:https://registry.npmjs.org/@expo%2fjson-file cache-miss
515 http cache https://registry.npmjs.org/@expo%2fdevcert 101ms (cache hit)
516 silly packumentCache full:https://registry.npmjs.org/@expo%2fdevcert set size:37695 disposed:false
517 silly fetch manifest @expo/osascript@^2.7.1
518 silly packumentCache full:https://registry.npmjs.org/@expo%2fosascript cache-miss
519 http cache https://registry.npmjs.org/bplist-parser 94ms (cache hit)
520 silly packumentCache full:https://registry.npmjs.org/bplist-parser set size:21877 disposed:false
521 silly fetch manifest @expo/ws-tunnel@^2.0.0
522 silly packumentCache full:https://registry.npmjs.org/@expo%2fws-tunnel cache-miss
523 http cache https://registry.npmjs.org/terminal-link 92ms (cache hit)
524 silly packumentCache full:https://registry.npmjs.org/terminal-link set size:26728 disposed:false
525 silly fetch manifest dnssd-advertise@^1.1.4
526 silly packumentCache full:https://registry.npmjs.org/dnssd-advertise cache-miss
527 http cache https://registry.npmjs.org/@expo%2fxcpretty 50ms (cache hit)
528 silly packumentCache full:https://registry.npmjs.org/@expo%2fxcpretty set size:123694 disposed:false
529 silly fetch manifest npm-package-arg@^11.0.0
530 silly packumentCache full:https://registry.npmjs.org/npm-package-arg cache-miss
531 http cache https://registry.npmjs.org/fetch-nodeshim 34ms (cache hit)
532 silly packumentCache full:https://registry.npmjs.org/fetch-nodeshim set size:154243 disposed:false
533 silly fetch manifest @expo/image-utils@^0.11.3
534 silly packumentCache full:https://registry.npmjs.org/@expo%2fimage-utils cache-miss
535 http cache https://registry.npmjs.org/bplist-creator 40ms (cache hit)
536 silly packumentCache full:https://registry.npmjs.org/bplist-creator set size:18748 disposed:false
537 silly fetch manifest @expo/spawn-async@^1.8.0
538 silly packumentCache full:https://registry.npmjs.org/@expo%2fspawn-async cache-miss
539 http cache https://registry.npmjs.org/@expo%2fjson-file 19ms (cache hit)
540 silly packumentCache full:https://registry.npmjs.org/@expo%2fjson-file set size:775522 disposed:false
541 silly fetch manifest @expo/schema-utils@^57.0.2
542 silly packumentCache full:https://registry.npmjs.org/@expo%2fschema-utils cache-miss
543 http cache https://registry.npmjs.org/@expo%2fws-tunnel 19ms (cache hit)
544 silly packumentCache full:https://registry.npmjs.org/@expo%2fws-tunnel set size:24472 disposed:false
545 silly fetch manifest agent-cli-detector@^0.1.2
546 silly packumentCache full:https://registry.npmjs.org/agent-cli-detector cache-miss
547 http cache https://registry.npmjs.org/@expo%2fosascript 23ms (cache hit)
548 silly packumentCache full:https://registry.npmjs.org/@expo%2fosascript set size:658116 disposed:false
549 silly fetch manifest structured-headers@^0.4.1
550 silly packumentCache full:https://registry.npmjs.org/structured-headers cache-miss
551 http cache https://registry.npmjs.org/dnssd-advertise 24ms (cache hit)
552 silly packumentCache full:https://registry.npmjs.org/dnssd-advertise set size:128531 disposed:false
553 silly fetch manifest @expo/require-utils@^57.0.3
554 silly packumentCache full:https://registry.npmjs.org/@expo%2frequire-utils cache-miss
555 http cache https://registry.npmjs.org/npm-package-arg 45ms (cache hit)
556 silly packumentCache full:https://registry.npmjs.org/npm-package-arg set size:133884 disposed:false
557 silly fetch manifest @expo/router-server@^57.0.3
558 silly packumentCache full:https://registry.npmjs.org/@expo%2frouter-server cache-miss
559 http cache https://registry.npmjs.org/@expo%2fspawn-async 49ms (cache hit)
560 silly packumentCache full:https://registry.npmjs.org/@expo%2fspawn-async set size:41260 disposed:false
561 silly fetch manifest @expo/inline-modules@^0.1.3
562 silly packumentCache full:https://registry.npmjs.org/@expo%2finline-modules cache-miss
563 http cache https://registry.npmjs.org/@expo%2fimage-utils 52ms (cache hit)
564 silly packumentCache full:https://registry.npmjs.org/@expo%2fimage-utils set size:823715 disposed:false
565 silly fetch manifest @expo/metro-file-map@^57.0.1
566 silly packumentCache full:https://registry.npmjs.org/@expo%2fmetro-file-map cache-miss
567 http cache https://registry.npmjs.org/@expo%2fschema-utils 55ms (cache hit)
568 silly packumentCache full:https://registry.npmjs.org/@expo%2fschema-utils set size:246913 disposed:false
569 silly fetch manifest @expo/package-manager@^1.13.1
570 silly packumentCache full:https://registry.npmjs.org/@expo%2fpackage-manager cache-miss
571 http cache https://registry.npmjs.org/agent-cli-detector 59ms (cache hit)
572 silly packumentCache full:https://registry.npmjs.org/agent-cli-detector set size:9977 disposed:false
573 silly fetch manifest @expo/prebuild-config@^57.0.7
574 silly packumentCache full:https://registry.npmjs.org/@expo%2fprebuild-config cache-miss
575 http cache https://registry.npmjs.org/structured-headers 59ms (cache hit)
576 silly packumentCache full:https://registry.npmjs.org/structured-headers set size:40194 disposed:false
577 silly fetch manifest @react-native/dev-middleware@0.86.0
578 silly packumentCache full:https://registry.npmjs.org/@react-native%2fdev-middleware cache-miss
579 http cache https://registry.npmjs.org/@expo%2frequire-utils 61ms (cache hit)
580 silly packumentCache full:https://registry.npmjs.org/@expo%2frequire-utils set size:150017 disposed:false
581 silly fetch manifest @expo/code-signing-certificates@^0.0.6
582 silly packumentCache full:https://registry.npmjs.org/@expo%2fcode-signing-certificates cache-miss
583 http cache https://registry.npmjs.org/@expo%2finline-modules 48ms (cache hit)
584 silly packumentCache full:https://registry.npmjs.org/@expo%2finline-modules set size:101198 disposed:false
585 silly fetch manifest deepmerge@^4.3.1
586 silly packumentCache full:https://registry.npmjs.org/deepmerge cache-miss
587 http cache https://registry.npmjs.org/@expo%2frouter-server 56ms (cache hit)
588 silly packumentCache full:https://registry.npmjs.org/@expo%2frouter-server set size:306149 disposed:false
589 silly fetch manifest @expo/config-types@^57.0.2
590 silly packumentCache full:https://registry.npmjs.org/@expo%2fconfig-types cache-miss
591 http cache https://registry.npmjs.org/@expo%2fmetro-file-map 49ms (cache hit)
592 silly packumentCache full:https://registry.npmjs.org/@expo%2fmetro-file-map set size:64182 disposed:false
593 silly fetch manifest resolve-workspace-root@^2.0.0
594 silly packumentCache full:https://registry.npmjs.org/resolve-workspace-root cache-miss
595 http cache https://registry.npmjs.org/@expo%2fpackage-manager 48ms (cache hit)
596 silly packumentCache full:https://registry.npmjs.org/@expo%2fpackage-manager set size:888318 disposed:false
597 silly fetch manifest chalk@^4.1.2
598 silly packumentCache full:https://registry.npmjs.org/chalk cache-hit
599 silly fetch manifest debug@^4.3.5
600 silly packumentCache full:https://registry.npmjs.org/debug cache-hit
601 silly fetch manifest xcode@^3.0.1
602 silly packumentCache full:https://registry.npmjs.org/xcode cache-miss
603 http cache https://registry.npmjs.org/@expo%2fprebuild-config 61ms (cache hit)
604 silly packumentCache full:https://registry.npmjs.org/@expo%2fprebuild-config set size:1227515 disposed:false
605 silly fetch manifest semver@^7.5.4
606 silly packumentCache full:https://registry.npmjs.org/semver cache-hit
607 silly fetch manifest xml2js@0.6.0
608 silly packumentCache full:https://registry.npmjs.org/xml2js cache-miss
609 http cache https://registry.npmjs.org/@react-native%2fdev-middleware 69ms (cache hit)
610 silly packumentCache full:https://registry.npmjs.org/@react-native%2fdev-middleware set size:2515064 disposed:false
611 silly fetch manifest slugify@^1.6.6
612 silly packumentCache full:https://registry.npmjs.org/slugify cache-hit
613 silly fetch manifest @expo/json-file@~11.0.1
614 silly packumentCache full:https://registry.npmjs.org/@expo%2fjson-file cache-hit
615 silly fetch manifest @expo/config-types@^57.0.2
616 silly packumentCache full:https://registry.npmjs.org/@expo%2fconfig-types cache-miss
617 http cache https://registry.npmjs.org/@expo%2fcode-signing-certificates 80ms (cache hit)
618 silly packumentCache full:https://registry.npmjs.org/@expo%2fcode-signing-certificates set size:29541 disposed:false
619 silly fetch manifest @expo/sdk-runtime-versions@^1.0.0
620 silly packumentCache full:https://registry.npmjs.org/@expo%2fsdk-runtime-versions cache-miss
621 http cache https://registry.npmjs.org/deepmerge 83ms (cache hit)
622 silly packumentCache full:https://registry.npmjs.org/deepmerge set size:101897 disposed:false
623 silly fetch manifest ignore@^5.3.1
624 silly packumentCache full:https://registry.npmjs.org/ignore cache-miss
625 http cache https://registry.npmjs.org/resolve-workspace-root 82ms (cache hit)
626 silly packumentCache full:https://registry.npmjs.org/resolve-workspace-root set size:11680 disposed:false
627 silly fetch manifest @expo/env@^2.4.2
628 silly packumentCache full:https://registry.npmjs.org/@expo%2fenv cache-hit
629 silly fetch manifest minimatch@^10.2.2
630 silly packumentCache full:https://registry.npmjs.org/minimatch cache-miss
631 http cache https://registry.npmjs.org/@expo%2fconfig-types 86ms (cache hit)
632 silly packumentCache full:https://registry.npmjs.org/@expo%2fconfig-types set size:806001 disposed:false
633 silly fetch manifest metro@0.84.4
634 silly packumentCache full:https://registry.npmjs.org/metro cache-miss
635 http cache https://registry.npmjs.org/xcode 94ms (cache hit)
636 silly packumentCache full:https://registry.npmjs.org/xcode set size:5234429 disposed:false
637 silly fetch manifest metro-core@0.84.4
638 silly packumentCache full:https://registry.npmjs.org/metro-core cache-miss
639 http cache https://registry.npmjs.org/xml2js 116ms (cache hit)
640 silly packumentCache full:https://registry.npmjs.org/xml2js set size:198018 disposed:false
641 silly fetch manifest metro-cache@0.84.4
642 silly packumentCache full:https://registry.npmjs.org/metro-cache cache-miss
643 http cache https://registry.npmjs.org/@expo%2fconfig-types 105ms (cache hit)
644 silly packumentCache full:https://registry.npmjs.org/@expo%2fconfig-types set size:806001 disposed:false
645 silly packumentCache full:https://registry.npmjs.org/@expo%2fconfig-types dispose
646 silly fetch manifest metro-config@0.84.4
647 silly packumentCache full:https://registry.npmjs.org/metro-config cache-miss
648 http cache https://registry.npmjs.org/@expo%2fsdk-runtime-versions 114ms (cache hit)
649 silly packumentCache full:https://registry.npmjs.org/@expo%2fsdk-runtime-versions set size:4827 disposed:false
650 silly fetch manifest metro-runtime@0.84.4
651 silly packumentCache full:https://registry.npmjs.org/metro-runtime cache-hit
652 silly fetch manifest metro-file-map@0.84.4
653 silly packumentCache full:https://registry.npmjs.org/metro-file-map cache-miss
654 http cache https://registry.npmjs.org/ignore 145ms (cache hit)
655 silly packumentCache full:https://registry.npmjs.org/ignore set size:240910 disposed:false
656 silly fetch manifest metro-resolver@0.84.4
657 silly packumentCache full:https://registry.npmjs.org/metro-resolver cache-miss
658 http cache https://registry.npmjs.org/minimatch 160ms (cache hit)
659 silly packumentCache full:https://registry.npmjs.org/minimatch set size:375282 disposed:false
660 silly fetch manifest metro-cache-key@0.84.4
661 silly packumentCache full:https://registry.npmjs.org/metro-cache-key cache-miss
662 http cache https://registry.npmjs.org/metro 163ms (cache hit)
663 silly packumentCache full:https://registry.npmjs.org/metro set size:736076 disposed:false
664 silly fetch manifest metro-source-map@0.84.4
665 silly packumentCache full:https://registry.npmjs.org/metro-source-map cache-hit
666 silly fetch manifest metro-symbolicate@0.84.4
667 silly packumentCache full:https://registry.npmjs.org/metro-symbolicate cache-miss
668 http cache https://registry.npmjs.org/metro-core 148ms (cache hit)
669 silly packumentCache full:https://registry.npmjs.org/metro-core set size:395979 disposed:false
670 silly fetch manifest metro-minify-terser@0.84.4
671 silly packumentCache full:https://registry.npmjs.org/metro-minify-terser cache-miss
672 http cache https://registry.npmjs.org/metro-config 138ms (cache hit)
673 silly packumentCache full:https://registry.npmjs.org/metro-config set size:337662 disposed:false
674 silly fetch manifest metro-transform-worker@0.84.4
675 silly packumentCache full:https://registry.npmjs.org/metro-transform-worker cache-miss
676 http cache https://registry.npmjs.org/metro-cache 145ms (cache hit)
677 silly packumentCache full:https://registry.npmjs.org/metro-cache set size:376710 disposed:false
678 silly fetch manifest metro-babel-transformer@0.84.4
679 silly packumentCache full:https://registry.npmjs.org/metro-babel-transformer cache-miss
680 http cache https://registry.npmjs.org/metro-file-map 133ms (cache hit)
681 silly packumentCache full:https://registry.npmjs.org/metro-file-map set size:195293 disposed:false
682 silly fetch manifest metro-transform-plugins@0.84.4
683 silly packumentCache full:https://registry.npmjs.org/metro-transform-plugins cache-miss
684 http cache https://registry.npmjs.org/metro-resolver 89ms (cache hit)
685 silly packumentCache full:https://registry.npmjs.org/metro-resolver set size:365046 disposed:false
686 silly fetch manifest chalk@^4.1.0
687 silly packumentCache full:https://registry.npmjs.org/chalk cache-hit
688 silly fetch manifest debug@^4.3.2
689 silly packumentCache full:https://registry.npmjs.org/debug cache-hit
690 silly fetch manifest postcss@^8.5.14
691 silly packumentCache full:https://registry.npmjs.org/postcss cache-miss
692 http cache https://registry.npmjs.org/metro-cache-key 78ms (cache hit)
693 silly packumentCache full:https://registry.npmjs.org/metro-cache-key set size:206329 disposed:false
694 silly fetch manifest @babel/core@^7.20.0
695 silly packumentCache full:https://registry.npmjs.org/@babel%2fcore cache-hit
696 silly fetch manifest browserslist@^4.25.0
697 silly packumentCache full:https://registry.npmjs.org/browserslist cache-miss
698 http cache https://registry.npmjs.org/metro-symbolicate 73ms (cache hit)
699 silly packumentCache full:https://registry.npmjs.org/metro-symbolicate set size:266199 disposed:false
700 silly fetch manifest jsc-safe-url@^0.2.4
701 silly packumentCache full:https://registry.npmjs.org/jsc-safe-url cache-miss
702 http cache https://registry.npmjs.org/metro-minify-terser 47ms (cache hit)
703 silly packumentCache full:https://registry.npmjs.org/metro-minify-terser set size:273237 disposed:false
704 silly fetch manifest lightningcss@^1.30.1
705 silly packumentCache full:https://registry.npmjs.org/lightningcss cache-miss
706 http cache https://registry.npmjs.org/metro-transform-worker 50ms (cache hit)
707 silly packumentCache full:https://registry.npmjs.org/metro-transform-worker set size:262451 disposed:false
708 silly fetch manifest hermes-parser@^0.36.0
709 silly packumentCache full:https://registry.npmjs.org/hermes-parser cache-miss
710 http cache https://registry.npmjs.org/metro-transform-plugins 48ms (cache hit)
711 silly packumentCache full:https://registry.npmjs.org/metro-transform-plugins set size:253865 disposed:false
712 silly fetch manifest @babel/generator@^7.20.5
713 silly packumentCache full:https://registry.npmjs.org/@babel%2fgenerator cache-miss
714 http cache https://registry.npmjs.org/metro-babel-transformer 55ms (cache hit)
715 silly packumentCache full:https://registry.npmjs.org/metro-babel-transformer set size:263987 disposed:false
716 silly fetch manifest @babel/code-frame@^7.20.0
717 silly packumentCache full:https://registry.npmjs.org/@babel%2fcode-frame cache-miss
718 http cache https://registry.npmjs.org/postcss 71ms (cache hit)
719 silly packumentCache full:https://registry.npmjs.org/postcss set size:736604 disposed:false
720 silly fetch manifest @jridgewell/remapping@^2.3.5
721 silly packumentCache full:https://registry.npmjs.org/@jridgewell%2fremapping cache-miss
722 http cache https://registry.npmjs.org/jsc-safe-url 70ms (cache hit)
723 silly packumentCache full:https://registry.npmjs.org/jsc-safe-url set size:13143 disposed:false
724 silly fetch manifest @jridgewell/gen-mapping@^0.3.13
725 silly packumentCache full:https://registry.npmjs.org/@jridgewell%2fgen-mapping cache-miss
726 http cache https://registry.npmjs.org/browserslist 75ms (cache hit)
727 silly packumentCache full:https://registry.npmjs.org/browserslist set size:514014 disposed:false
728 silly fetch manifest @jridgewell/sourcemap-codec@^1.5.5
729 silly packumentCache full:https://registry.npmjs.org/@jridgewell%2fsourcemap-codec cache-miss
730 http cache https://registry.npmjs.org/lightningcss 97ms (cache hit)
731 silly packumentCache full:https://registry.npmjs.org/lightningcss set size:186753 disposed:false
732 silly fetch manifest @babel/generator@^7.20.5
733 silly packumentCache full:https://registry.npmjs.org/@babel%2fgenerator cache-miss
734 http cache https://registry.npmjs.org/@babel%2fcode-frame 103ms (cache hit)
735 silly packumentCache full:https://registry.npmjs.org/@babel%2fcode-frame set size:206617 disposed:false
736 silly fetch manifest @babel/preset-typescript@^7.23.0
737 silly packumentCache full:https://registry.npmjs.org/@babel%2fpreset-typescript cache-miss
738 http cache https://registry.npmjs.org/hermes-parser 113ms (cache hit)
739 silly packumentCache full:https://registry.npmjs.org/hermes-parser set size:172593 disposed:false
740 silly fetch manifest babel-plugin-react-compiler@^1.0.0
741 silly packumentCache full:https://registry.npmjs.org/babel-plugin-react-compiler cache-miss
742 http cache https://registry.npmjs.org/@babel%2fgenerator 114ms (cache hit)
743 silly packumentCache full:https://registry.npmjs.org/@babel%2fgenerator set size:520504 disposed:false
744 silly fetch manifest @babel/helper-module-imports@^7.25.9
745 silly packumentCache full:https://registry.npmjs.org/@babel%2fhelper-module-imports cache-miss
746 http cache https://registry.npmjs.org/@jridgewell%2fgen-mapping 82ms (cache hit)
747 silly packumentCache full:https://registry.npmjs.org/@jridgewell%2fgen-mapping set size:75941 disposed:false
748 silly fetch manifest babel-plugin-react-native-web@~0.21.0
749 silly packumentCache full:https://registry.npmjs.org/babel-plugin-react-native-web cache-miss
750 http cache https://registry.npmjs.org/@jridgewell%2fremapping 84ms (cache hit)
751 silly packumentCache full:https://registry.npmjs.org/@jridgewell%2fremapping set size:23809 disposed:false
752 silly fetch manifest @babel/plugin-transform-for-of@^7.24.7
753 silly packumentCache full:https://registry.npmjs.org/@babel%2fplugin-transform-for-of cache-miss
754 http cache https://registry.npmjs.org/@jridgewell%2fsourcemap-codec 77ms (cache hit)
755 silly packumentCache full:https://registry.npmjs.org/@jridgewell%2fsourcemap-codec set size:51856 disposed:false
756 silly fetch manifest @babel/plugin-transform-classes@^7.25.4
757 silly packumentCache full:https://registry.npmjs.org/@babel%2fplugin-transform-classes cache-miss
758 http cache https://registry.npmjs.org/@babel%2fgenerator 65ms (cache hit)
759 silly packumentCache full:https://registry.npmjs.org/@babel%2fgenerator set size:520504 disposed:false
760 silly packumentCache full:https://registry.npmjs.org/@babel%2fgenerator dispose
761 silly fetch manifest @babel/plugin-transform-runtime@^7.24.7
762 silly packumentCache full:https://registry.npmjs.org/@babel%2fplugin-transform-runtime cache-miss
763 http cache https://registry.npmjs.org/@babel%2fpreset-typescript 55ms (cache hit)
764 silly packumentCache full:https://registry.npmjs.org/@babel%2fpreset-typescript set size:271383 disposed:false
765 silly fetch manifest @babel/plugin-proposal-decorators@^7.12.9
766 silly packumentCache full:https://registry.npmjs.org/@babel%2fplugin-proposal-decorators cache-miss
767 http cache https://registry.npmjs.org/babel-plugin-react-compiler 59ms (cache hit)
768 silly packumentCache full:https://registry.npmjs.org/babel-plugin-react-compiler set size:1356999 disposed:false
769 silly fetch manifest @babel/plugin-transform-react-jsx@^7.28.6
770 silly packumentCache full:https://registry.npmjs.org/@babel%2fplugin-transform-react-jsx cache-miss
771 http cache https://registry.npmjs.org/@babel%2fhelper-module-imports 55ms (cache hit)
772 silly packumentCache full:https://registry.npmjs.org/@babel%2fhelper-module-imports set size:203392 disposed:false
773 silly fetch manifest babel-plugin-syntax-hermes-parser@^0.36.0
774 silly packumentCache full:https://registry.npmjs.org/babel-plugin-syntax-hermes-parser cache-hit
775 silly fetch manifest babel-plugin-transform-flow-enums@^0.0.2
776 silly packumentCache full:https://registry.npmjs.org/babel-plugin-transform-flow-enums cache-miss
777 http cache https://registry.npmjs.org/@babel%2fplugin-transform-for-of 69ms (cache hit)
778 silly packumentCache full:https://registry.npmjs.org/@babel%2fplugin-transform-for-of set size:245976 disposed:false
779 silly fetch manifest @babel/plugin-transform-parameters@^7.24.7
780 silly packumentCache full:https://registry.npmjs.org/@babel%2fplugin-transform-parameters cache-miss
781 http cache https://registry.npmjs.org/babel-plugin-react-native-web 75ms (cache hit)
782 silly packumentCache full:https://registry.npmjs.org/babel-plugin-react-native-web set size:325655 disposed:false
783 silly fetch manifest @babel/plugin-transform-typescript@^7.25.2
784 silly packumentCache full:https://registry.npmjs.org/@babel%2fplugin-transform-typescript cache-miss
785 http cache https://registry.npmjs.org/@babel%2fplugin-transform-classes 79ms (cache hit)
786 silly packumentCache full:https://registry.npmjs.org/@babel%2fplugin-transform-classes set size:340016 disposed:false
787 silly fetch manifest @react-native/babel-plugin-codegen@0.86.0
788 silly packumentCache full:https://registry.npmjs.org/@react-native%2fbabel-plugin-codegen cache-miss
789 http cache https://registry.npmjs.org/@babel%2fplugin-transform-runtime 75ms (cache hit)
790 silly packumentCache full:https://registry.npmjs.org/@babel%2fplugin-transform-runtime set size:468058 disposed:false
791 silly fetch manifest @babel/plugin-syntax-dynamic-import@^7.8.3
792 silly packumentCache full:https://registry.npmjs.org/@babel%2fplugin-syntax-dynamic-import cache-miss
793 http cache https://registry.npmjs.org/@babel%2fplugin-proposal-decorators 69ms (cache hit)
794 silly packumentCache full:https://registry.npmjs.org/@babel%2fplugin-proposal-decorators set size:387831 disposed:false
795 silly fetch manifest @babel/plugin-transform-block-scoping@^7.25.0
796 silly packumentCache full:https://registry.npmjs.org/@babel%2fplugin-transform-block-scoping cache-miss
797 http cache https://registry.npmjs.org/@babel%2fplugin-transform-react-jsx 64ms (cache hit)
798 silly packumentCache full:https://registry.npmjs.org/@babel%2fplugin-transform-react-jsx set size:298685 disposed:false
799 silly fetch manifest @babel/plugin-transform-destructuring@^7.24.8
800 silly packumentCache full:https://registry.npmjs.org/@babel%2fplugin-transform-destructuring cache-miss
801 http cache https://registry.npmjs.org/babel-plugin-transform-flow-enums 64ms (cache hit)
802 silly packumentCache full:https://registry.npmjs.org/babel-plugin-transform-flow-enums set size:8046 disposed:false
803 silly fetch manifest @babel/plugin-transform-unicode-regex@^7.24.7
804 silly packumentCache full:https://registry.npmjs.org/@babel%2fplugin-transform-unicode-regex cache-miss
805 http cache https://registry.npmjs.org/@babel%2fplugin-transform-parameters 40ms (cache hit)
806 silly packumentCache full:https://registry.npmjs.org/@babel%2fplugin-transform-parameters set size:282283 disposed:false
807 silly fetch manifest @babel/plugin-syntax-optional-chaining@^7.8.3
808 silly packumentCache full:https://registry.npmjs.org/@babel%2fplugin-syntax-optional-chaining cache-miss
809 http cache https://registry.npmjs.org/@babel%2fplugin-transform-typescript 38ms (cache hit)
810 silly packumentCache full:https://registry.npmjs.org/@babel%2fplugin-transform-typescript set size:402797 disposed:false
811 silly fetch manifest @babel/plugin-transform-private-methods@^7.24.7
812 silly packumentCache full:https://registry.npmjs.org/@babel%2fplugin-transform-private-methods cache-miss
813 http cache https://registry.npmjs.org/@babel%2fplugin-syntax-dynamic-import 22ms (cache hit)
814 silly packumentCache full:https://registry.npmjs.org/@babel%2fplugin-syntax-dynamic-import set size:81432 disposed:false
815 silly fetch manifest @babel/plugin-syntax-export-default-from@^7.24.7
816 silly packumentCache full:https://registry.npmjs.org/@babel%2fplugin-syntax-export-default-from cache-miss
817 http cache https://registry.npmjs.org/@react-native%2fbabel-plugin-codegen 38ms (cache hit)
818 silly packumentCache full:https://registry.npmjs.org/@react-native%2fbabel-plugin-codegen set size:2262805 disposed:false
819 silly fetch manifest @babel/plugin-transform-class-properties@^7.25.4
820 silly packumentCache full:https://registry.npmjs.org/@babel%2fplugin-transform-class-properties cache-miss
821 http cache https://registry.npmjs.org/@babel%2fplugin-transform-block-scoping 42ms (cache hit)
822 silly packumentCache full:https://registry.npmjs.org/@babel%2fplugin-transform-block-scoping set size:325996 disposed:false
823 silly fetch manifest @babel/plugin-transform-flow-strip-types@^7.25.2
824 silly packumentCache full:https://registry.npmjs.org/@babel%2fplugin-transform-flow-strip-types cache-miss
825 http cache https://registry.npmjs.org/@babel%2fplugin-transform-destructuring 44ms (cache hit)
826 silly packumentCache full:https://registry.npmjs.org/@babel%2fplugin-transform-destructuring set size:301661 disposed:false
827 silly fetch manifest @babel/plugin-transform-modules-commonjs@^7.24.8
828 silly packumentCache full:https://registry.npmjs.org/@babel%2fplugin-transform-modules-commonjs cache-miss
829 http cache https://registry.npmjs.org/@babel%2fplugin-transform-unicode-regex 50ms (cache hit)
830 silly packumentCache full:https://registry.npmjs.org/@babel%2fplugin-transform-unicode-regex set size:220918 disposed:false
831 silly fetch manifest @babel/plugin-transform-optional-chaining@^7.24.8
832 silly packumentCache full:https://registry.npmjs.org/@babel%2fplugin-transform-optional-chaining cache-miss
833 http cache https://registry.npmjs.org/@babel%2fplugin-syntax-optional-chaining 57ms (cache hit)
834 silly packumentCache full:https://registry.npmjs.org/@babel%2fplugin-syntax-optional-chaining set size:82606 disposed:false
835 silly fetch manifest @babel/plugin-proposal-export-default-from@^7.24.7
836 silly packumentCache full:https://registry.npmjs.org/@babel%2fplugin-proposal-export-default-from cache-miss
837 http cache https://registry.npmjs.org/@babel%2fplugin-syntax-export-default-from 62ms (cache hit)
838 silly packumentCache full:https://registry.npmjs.org/@babel%2fplugin-syntax-export-default-from set size:195220 disposed:false
839 silly fetch manifest @babel/plugin-transform-async-to-generator@^7.24.7
840 silly packumentCache full:https://registry.npmjs.org/@babel%2fplugin-transform-async-to-generator cache-miss
841 http cache https://registry.npmjs.org/@babel%2fplugin-transform-private-methods 68ms (cache hit)
842 silly packumentCache full:https://registry.npmjs.org/@babel%2fplugin-transform-private-methods set size:91777 disposed:false
843 silly fetch manifest @babel/plugin-transform-class-static-block@^7.27.1
844 silly packumentCache full:https://registry.npmjs.org/@babel%2fplugin-transform-class-static-block cache-miss
845 http cache https://registry.npmjs.org/@babel%2fplugin-transform-class-properties 55ms (cache hit)
846 silly packumentCache full:https://registry.npmjs.org/@babel%2fplugin-transform-class-properties set size:95240 disposed:false
847 silly fetch manifest @babel/plugin-transform-object-rest-spread@^7.24.7
848 silly packumentCache full:https://registry.npmjs.org/@babel%2fplugin-transform-object-rest-spread cache-miss
849 http cache https://registry.npmjs.org/@babel%2fplugin-transform-flow-strip-types 60ms (cache hit)
850 silly packumentCache full:https://registry.npmjs.org/@babel%2fplugin-transform-flow-strip-types set size:254815 disposed:false
851 silly fetch manifest @babel/plugin-transform-react-display-name@^7.24.7
852 silly packumentCache full:https://registry.npmjs.org/@babel%2fplugin-transform-react-display-name cache-miss
853 http cache https://registry.npmjs.org/@babel%2fplugin-transform-modules-commonjs 63ms (cache hit)
854 silly packumentCache full:https://registry.npmjs.org/@babel%2fplugin-transform-modules-commonjs set size:313445 disposed:false
855 silly fetch manifest @babel/plugin-transform-export-namespace-from@^7.25.9
856 silly packumentCache full:https://registry.npmjs.org/@babel%2fplugin-transform-export-namespace-from cache-miss
857 http cache https://registry.npmjs.org/@babel%2fplugin-transform-optional-chaining 65ms (cache hit)
858 silly packumentCache full:https://registry.npmjs.org/@babel%2fplugin-transform-optional-chaining set size:118753 disposed:false
859 silly fetch manifest @babel/plugin-transform-react-jsx-development@^7.27.1
860 silly packumentCache full:https://registry.npmjs.org/@babel%2fplugin-transform-react-jsx-development cache-miss
861 http cache https://registry.npmjs.org/@babel%2fplugin-proposal-export-default-from 68ms (cache hit)
862 silly packumentCache full:https://registry.npmjs.org/@babel%2fplugin-proposal-export-default-from set size:217537 disposed:false
863 silly fetch manifest @babel/plugin-transform-optional-catch-binding@^7.24.7
864 silly packumentCache full:https://registry.npmjs.org/@babel%2fplugin-transform-optional-catch-binding cache-miss
865 http cache https://registry.npmjs.org/@babel%2fplugin-transform-async-to-generator 67ms (cache hit)
866 silly packumentCache full:https://registry.npmjs.org/@babel%2fplugin-transform-async-to-generator set size:248954 disposed:false
867 silly fetch manifest @babel/plugin-transform-react-pure-annotations@^7.27.1
868 silly packumentCache full:https://registry.npmjs.org/@babel%2fplugin-transform-react-pure-annotations cache-miss
869 http cache https://registry.npmjs.org/@babel%2fplugin-transform-class-static-block 65ms (cache hit)
870 silly packumentCache full:https://registry.npmjs.org/@babel%2fplugin-transform-class-static-block set size:109709 disposed:false
871 silly fetch manifest @babel/plugin-syntax-nullish-coalescing-operator@^7.8.3
872 silly packumentCache full:https://registry.npmjs.org/@babel%2fplugin-syntax-nullish-coalescing-operator cache-miss
873 http cache https://registry.npmjs.org/@babel%2fplugin-transform-object-rest-spread 66ms (cache hit)
874 silly packumentCache full:https://registry.npmjs.org/@babel%2fplugin-transform-object-rest-spread set size:118192 disposed:false
875 silly fetch manifest @babel/plugin-transform-async-generator-functions@^7.25.4
876 silly packumentCache full:https://registry.npmjs.org/@babel%2fplugin-transform-async-generator-functions cache-miss
877 http cache https://registry.npmjs.org/@babel%2fplugin-transform-react-display-name 75ms (cache hit)
878 silly packumentCache full:https://registry.npmjs.org/@babel%2fplugin-transform-react-display-name set size:218986 disposed:false
879 silly fetch manifest @babel/plugin-transform-private-property-in-object@^7.24.7
880 silly packumentCache full:https://registry.npmjs.org/@babel%2fplugin-transform-private-property-in-object cache-miss
881 http cache https://registry.npmjs.org/@babel%2fplugin-transform-export-namespace-from 80ms (cache hit)
882 silly packumentCache full:https://registry.npmjs.org/@babel%2fplugin-transform-export-namespace-from set size:93020 disposed:false
883 silly fetch manifest @babel/plugin-transform-nullish-coalescing-operator@^7.24.7
884 silly packumentCache full:https://registry.npmjs.org/@babel%2fplugin-transform-nullish-coalescing-operator cache-miss
885 http cache https://registry.npmjs.org/@babel%2fplugin-transform-react-jsx-development 83ms (cache hit)
886 silly packumentCache full:https://registry.npmjs.org/@babel%2fplugin-transform-react-jsx-development set size:135202 disposed:false
887 silly fetch manifest @babel/plugin-transform-logical-assignment-operators@^7.24.7
888 silly packumentCache full:https://registry.npmjs.org/@babel%2fplugin-transform-logical-assignment-operators cache-miss
889 http cache https://registry.npmjs.org/@babel%2fplugin-transform-optional-catch-binding 116ms (cache hit)
890 silly packumentCache full:https://registry.npmjs.org/@babel%2fplugin-transform-optional-catch-binding set size:95205 disposed:false
891 silly fetch manifest @babel/plugin-transform-named-capturing-groups-regex@^7.24.7
892 silly packumentCache full:https://registry.npmjs.org/@babel%2fplugin-transform-named-capturing-groups-regex cache-miss
893 http cache https://registry.npmjs.org/@babel%2fplugin-transform-react-pure-annotations 120ms (cache hit)
894 silly packumentCache full:https://registry.npmjs.org/@babel%2fplugin-transform-react-pure-annotations set size:127512 disposed:false
895 silly fetch manifest fontfaceobserver@^2.1.0
896 silly packumentCache full:https://registry.npmjs.org/fontfaceobserver cache-miss
897 http cache https://registry.npmjs.org/@babel%2fplugin-syntax-nullish-coalescing-operator 122ms (cache hit)
898 silly packumentCache full:https://registry.npmjs.org/@babel%2fplugin-syntax-nullish-coalescing-operator set size:85378 disposed:false
899 silly fetch manifest commander@^7.2.0
900 silly packumentCache full:https://registry.npmjs.org/commander cache-hit
901 silly fetch manifest expo-modules-jsi@~57.0.3
902 silly packumentCache full:https://registry.npmjs.org/expo-modules-jsi cache-miss
903 http cache https://registry.npmjs.org/@babel%2fplugin-transform-async-generator-functions 122ms (cache hit)
904 silly packumentCache full:https://registry.npmjs.org/@babel%2fplugin-transform-async-generator-functions set size:130193 disposed:false
905 silly fetch manifest @expo/expo-modules-macros-plugin@0.6.1
906 silly packumentCache full:https://registry.npmjs.org/@expo%2fexpo-modules-macros-plugin cache-miss
907 http cache https://registry.npmjs.org/@babel%2fplugin-transform-nullish-coalescing-operator 93ms (cache hit)
908 silly packumentCache full:https://registry.npmjs.org/@babel%2fplugin-transform-nullish-coalescing-operator set size:100915 disposed:false
909 silly fetch manifest react-is@^18.0.0
910 silly packumentCache full:https://registry.npmjs.org/react-is cache-miss
911 http cache https://registry.npmjs.org/@babel%2fplugin-transform-private-property-in-object 102ms (cache hit)
912 silly packumentCache full:https://registry.npmjs.org/@babel%2fplugin-transform-private-property-in-object set size:105192 disposed:false
913 silly fetch manifest ansi-styles@^5.0.0
914 silly packumentCache full:https://registry.npmjs.org/ansi-styles cache-miss
915 http cache https://registry.npmjs.org/@babel%2fplugin-transform-logical-assignment-operators 94ms (cache hit)
916 silly packumentCache full:https://registry.npmjs.org/@babel%2fplugin-transform-logical-assignment-operators set size:104752 disposed:false
917 silly fetch manifest @jest/schemas@^29.6.3
918 silly packumentCache full:https://registry.npmjs.org/@jest%2fschemas cache-miss
919 http cache https://registry.npmjs.org/@babel%2fplugin-transform-named-capturing-groups-regex 62ms (cache hit)
920 silly packumentCache full:https://registry.npmjs.org/@babel%2fplugin-transform-named-capturing-groups-regex set size:197029 disposed:false
921 http cache https://registry.npmjs.org/expo-modules-jsi 53ms (cache hit)
922 silly packumentCache full:https://registry.npmjs.org/expo-modules-jsi set size:98259 disposed:false
923 http cache https://registry.npmjs.org/fontfaceobserver 62ms (cache hit)
924 silly packumentCache full:https://registry.npmjs.org/fontfaceobserver set size:113480 disposed:false
925 http cache https://registry.npmjs.org/@expo%2fexpo-modules-macros-plugin 57ms (cache hit)
926 silly packumentCache full:https://registry.npmjs.org/@expo%2fexpo-modules-macros-plugin set size:36389 disposed:false
927 http cache https://registry.npmjs.org/ansi-styles 51ms (cache hit)
928 silly packumentCache full:https://registry.npmjs.org/ansi-styles set size:63233 disposed:false
929 http cache https://registry.npmjs.org/react-is 66ms (cache hit)
930 silly packumentCache full:https://registry.npmjs.org/react-is set size:5499154 disposed:false
931 http cache https://registry.npmjs.org/@jest%2fschemas 112ms (cache hit)
932 silly packumentCache full:https://registry.npmjs.org/@jest%2fschemas set size:72050 disposed:false
933 silly fetch manifest typescript@^5.0.0 || ^5.0.0-0 || ^6.0.0
934 silly packumentCache full:https://registry.npmjs.org/typescript cache-miss
935 http cache https://registry.npmjs.org/typescript 34ms (cache hit)
936 silly packumentCache full:https://registry.npmjs.org/typescript set size:15443961 disposed:false
937 silly placeDep ROOT @expo/config-types@57.0.2 OK for: @expo/config@57.0.5 want: ^57.0.2
938 silly placeDep ROOT @expo/json-file@11.0.1 OK for: @expo/config@57.0.5 want: ^11.0.1
939 silly placeDep ROOT @expo/require-utils@57.0.3 OK for: @expo/config@57.0.5 want: ^57.0.3
940 silly placeDep ROOT deepmerge@4.3.1 OK for: @expo/config@57.0.5 want: ^4.3.1
941 silly placeDep ROOT getenv@2.0.0 OK for: @expo/config@57.0.5 want: ^2.0.0
942 silly placeDep ROOT glob@13.0.6 OK for: @expo/config@57.0.5 want: ^13.0.0
943 silly placeDep ROOT resolve-workspace-root@2.0.1 OK for: @expo/config@57.0.5 want: ^2.0.0
944 silly placeDep ROOT semver@7.8.5 OK for: @expo/config@57.0.5 want: ^7.6.0
945 silly placeDep ROOT slugify@1.6.9 OK for: @expo/config@57.0.5 want: ^1.3.4
946 silly fetch manifest json5@^2.2.3
947 silly packumentCache full:https://registry.npmjs.org/json5 cache-miss
948 silly fetch manifest @babel/core@^7.25.2
949 silly packumentCache full:https://registry.npmjs.org/@babel%2fcore cache-hit
950 silly fetch manifest minipass@^7.1.3
951 silly packumentCache full:https://registry.npmjs.org/minipass cache-miss
952 silly fetch manifest path-scurry@^2.0.2
953 silly packumentCache full:https://registry.npmjs.org/path-scurry cache-miss
954 http cache https://registry.npmjs.org/json5 9ms (cache hit)
955 silly packumentCache full:https://registry.npmjs.org/json5 set size:86136 disposed:false
956 http cache https://registry.npmjs.org/minipass 11ms (cache hit)
957 silly packumentCache full:https://registry.npmjs.org/minipass set size:276925 disposed:false
958 http cache https://registry.npmjs.org/path-scurry 10ms (cache hit)
959 silly packumentCache full:https://registry.npmjs.org/path-scurry set size:117612 disposed:false
960 silly placeDep ROOT @expo/plist@0.8.1 OK for: @expo/config-plugins@57.0.5 want: ^0.8.1
961 silly placeDep ROOT @expo/sdk-runtime-versions@1.0.0 OK for: @expo/config-plugins@57.0.5 want: ^1.0.0
962 silly placeDep ROOT chalk@4.1.2 OK for: @expo/config-plugins@57.0.5 want: ^4.1.2
963 silly placeDep ROOT debug@4.4.3 OK for: @expo/config-plugins@57.0.5 want: ^4.3.5
964 silly placeDep ROOT xcode@3.0.1 OK for: @expo/config-plugins@57.0.5 want: ^3.0.1
965 silly placeDep ROOT xml2js@0.6.0 OK for: @expo/config-plugins@57.0.5 want: 0.6.0
966 silly fetch manifest xmlbuilder@^15.1.1
967 silly packumentCache full:https://registry.npmjs.org/xmlbuilder cache-miss
968 silly fetch manifest @xmldom/xmldom@^0.8.8
969 silly packumentCache full:https://registry.npmjs.org/@xmldom%2fxmldom cache-miss
970 silly fetch manifest ansi-styles@^4.1.0
971 silly packumentCache full:https://registry.npmjs.org/ansi-styles cache-hit
972 silly fetch manifest supports-color@^7.1.0
973 silly packumentCache full:https://registry.npmjs.org/supports-color cache-miss
974 silly fetch manifest ms@^2.1.3
975 silly packumentCache full:https://registry.npmjs.org/ms cache-miss
976 silly fetch manifest uuid@^7.0.3
977 silly packumentCache full:https://registry.npmjs.org/uuid cache-miss
978 silly fetch manifest simple-plist@^1.1.0
979 silly packumentCache full:https://registry.npmjs.org/simple-plist cache-miss
980 silly fetch manifest sax@>=0.6.0
981 silly packumentCache full:https://registry.npmjs.org/sax cache-miss
982 http cache https://registry.npmjs.org/ms 47ms (cache hit)
983 silly packumentCache full:https://registry.npmjs.org/ms set size:92208 disposed:false
984 silly fetch manifest xmlbuilder@~11.0.0
985 silly packumentCache full:https://registry.npmjs.org/xmlbuilder cache-miss
986 http cache https://registry.npmjs.org/@xmldom%2fxmldom 50ms (cache hit)
987 silly packumentCache full:https://registry.npmjs.org/@xmldom%2fxmldom set size:166253 disposed:false
988 http cache https://registry.npmjs.org/supports-color 52ms (cache hit)
989 silly packumentCache full:https://registry.npmjs.org/supports-color set size:118680 disposed:false
990 http cache https://registry.npmjs.org/xmlbuilder 54ms (cache hit)
991 silly packumentCache full:https://registry.npmjs.org/xmlbuilder set size:158707 disposed:false
992 http cache https://registry.npmjs.org/sax 53ms (cache hit)
993 silly packumentCache full:https://registry.npmjs.org/sax set size:91199 disposed:false
994 http cache https://registry.npmjs.org/simple-plist 54ms (cache hit)
995 silly packumentCache full:https://registry.npmjs.org/simple-plist set size:46135 disposed:false
996 http cache https://registry.npmjs.org/uuid 57ms (cache hit)
997 silly packumentCache full:https://registry.npmjs.org/uuid set size:256419 disposed:false
998 http cache https://registry.npmjs.org/xmlbuilder 22ms (cache hit)
999 silly packumentCache full:https://registry.npmjs.org/xmlbuilder set size:158707 disposed:false
1000 silly packumentCache full:https://registry.npmjs.org/xmlbuilder dispose
1001 silly placeDep ROOT @expo/env@2.4.2 OK for: @expo/fingerprint@0.20.5 want: ^2.4.2
1002 silly placeDep ROOT @expo/spawn-async@1.8.0 OK for: @expo/fingerprint@0.20.5 want: ^1.8.0
1003 silly placeDep ROOT arg@5.0.2 OK for: @expo/fingerprint@0.20.5 want: ^5.0.2
1004 silly placeDep ROOT ignore@5.3.2 OK for: @expo/fingerprint@0.20.5 want: ^5.3.1
1005 silly placeDep ROOT minimatch@10.2.5 OK for: @expo/fingerprint@0.20.5 want: ^10.2.2
1006 silly placeDep ROOT resolve-from@5.0.0 OK for: @expo/fingerprint@0.20.5 want: ^5.0.0
1007 silly fetch manifest cross-spawn@^7.0.6
1008 silly packumentCache full:https://registry.npmjs.org/cross-spawn cache-miss
1009 silly fetch manifest brace-expansion@^5.0.5
1010 silly packumentCache full:https://registry.npmjs.org/brace-expansion cache-miss
1011 http cache https://registry.npmjs.org/brace-expansion 10ms (cache hit)
1012 silly packumentCache full:https://registry.npmjs.org/brace-expansion set size:78539 disposed:false
1013 http cache https://registry.npmjs.org/cross-spawn 12ms (cache hit)
1014 silly packumentCache full:https://registry.npmjs.org/cross-spawn set size:109066 disposed:false
1015 silly placeDep ROOT @babel/code-frame@7.29.7 OK for: @expo/json-file@11.0.1 want: ^7.20.0
1016 silly placeDep ROOT json5@2.2.3 OK for: @expo/json-file@11.0.1 want: ^2.2.3
1017 silly fetch manifest js-tokens@^4.0.0
1018 silly packumentCache full:https://registry.npmjs.org/js-tokens cache-miss
1019 silly fetch manifest picocolors@^1.1.1
1020 silly packumentCache full:https://registry.npmjs.org/picocolors cache-miss
1021 silly fetch manifest @babel/helper-validator-identifier@^7.29.7
1022 silly packumentCache full:https://registry.npmjs.org/@babel%2fhelper-validator-identifier cache-miss
1023 http cache https://registry.npmjs.org/js-tokens 21ms (cache hit)
1024 silly packumentCache full:https://registry.npmjs.org/js-tokens set size:41947 disposed:false
1025 http cache https://registry.npmjs.org/@babel%2fhelper-validator-identifier 22ms (cache hit)
1026 silly packumentCache full:https://registry.npmjs.org/@babel%2fhelper-validator-identifier set size:130133 disposed:false
1027 http cache https://registry.npmjs.org/picocolors 26ms (cache hit)
1028 silly packumentCache full:https://registry.npmjs.org/picocolors set size:16648 disposed:false
1029 silly placeDep ROOT @babel/helper-validator-identifier@7.29.7 OK for: @babel/code-frame@7.29.7 want: ^7.29.7
1030 silly placeDep ROOT js-tokens@4.0.0 OK for: @babel/code-frame@7.29.7 want: ^4.0.0
1031 silly placeDep ROOT picocolors@1.1.1 OK for: @babel/code-frame@7.29.7 want: ^1.1.1
1032 silly placeDep ROOT metro@0.84.4 OK for: @expo/metro@56.0.0 want: 0.84.4
1033 silly placeDep ROOT metro-babel-transformer@0.84.4 OK for: @expo/metro@56.0.0 want: 0.84.4
1034 silly placeDep ROOT metro-cache@0.84.4 OK for: @expo/metro@56.0.0 want: 0.84.4
1035 silly placeDep ROOT metro-cache-key@0.84.4 OK for: @expo/metro@56.0.0 want: 0.84.4
1036 silly placeDep ROOT metro-config@0.84.4 OK for: @expo/metro@56.0.0 want: 0.84.4
1037 silly placeDep ROOT metro-core@0.84.4 OK for: @expo/metro@56.0.0 want: 0.84.4
1038 silly placeDep ROOT metro-file-map@0.84.4 OK for: @expo/metro@56.0.0 want: 0.84.4
1039 silly placeDep ROOT metro-minify-terser@0.84.4 OK for: @expo/metro@56.0.0 want: 0.84.4
1040 silly placeDep ROOT metro-resolver@0.84.4 OK for: @expo/metro@56.0.0 want: 0.84.4
1041 silly placeDep ROOT metro-runtime@0.84.4 OK for: @expo/metro@56.0.0 want: 0.84.4
1042 silly placeDep ROOT metro-source-map@0.84.4 OK for: @expo/metro@56.0.0 want: 0.84.4
1043 silly placeDep ROOT metro-symbolicate@0.84.4 OK for: @expo/metro@56.0.0 want: 0.84.4
1044 silly placeDep ROOT metro-transform-plugins@0.84.4 OK for: @expo/metro@56.0.0 want: 0.84.4
1045 silly placeDep ROOT metro-transform-worker@0.84.4 OK for: @expo/metro@56.0.0 want: 0.84.4
1046 silly fetch manifest throat@^5.0.0
1047 silly packumentCache full:https://registry.npmjs.org/throat cache-miss
1048 silly fetch manifest accepts@^2.0.0
1049 silly packumentCache full:https://registry.npmjs.org/accepts cache-hit
1050 silly fetch manifest ci-info@^2.0.0
1051 silly packumentCache full:https://registry.npmjs.org/ci-info cache-hit
1052 silly fetch manifest connect@^3.6.5
1053 silly packumentCache full:https://registry.npmjs.org/connect cache-hit
1054 silly fetch manifest image-size@^1.0.2
1055 silly packumentCache full:https://registry.npmjs.org/image-size cache-miss
1056 silly fetch manifest mime-types@^3.0.1
1057 silly packumentCache full:https://registry.npmjs.org/mime-types cache-miss
1058 silly fetch manifest source-map@^0.5.6
1059 silly packumentCache full:https://registry.npmjs.org/source-map cache-miss
1060 silly fetch manifest graceful-fs@^4.2.4
1061 silly packumentCache full:https://registry.npmjs.org/graceful-fs cache-miss
1062 silly fetch manifest jest-worker@^29.7.0
1063 silly packumentCache full:https://registry.npmjs.org/jest-worker cache-miss
1064 silly fetch manifest @babel/types@^7.29.0
1065 silly packumentCache full:https://registry.npmjs.org/@babel%2ftypes cache-miss
1066 http cache https://registry.npmjs.org/mime-types 53ms (cache hit)
1067 silly packumentCache full:https://registry.npmjs.org/mime-types set size:139110 disposed:false
1068 silly fetch manifest jsc-safe-url@^0.2.2
1069 silly packumentCache full:https://registry.npmjs.org/jsc-safe-url cache-hit
1070 silly fetch manifest @babel/parser@^7.29.0
1071 silly packumentCache full:https://registry.npmjs.org/@babel%2fparser cache-miss
1072 http cache https://registry.npmjs.org/image-size 56ms (cache hit)
1073 silly packumentCache full:https://registry.npmjs.org/image-size set size:155542 disposed:false
1074 silly fetch manifest hermes-parser@0.35.0
1075 silly packumentCache full:https://registry.npmjs.org/hermes-parser cache-hit
1076 silly fetch manifest @babel/template@^7.28.6
1077 silly packumentCache full:https://registry.npmjs.org/@babel%2ftemplate cache-miss
1078 http cache https://registry.npmjs.org/source-map 58ms (cache hit)
1079 silly packumentCache full:https://registry.npmjs.org/source-map set size:226267 disposed:false
1080 silly fetch manifest @babel/traverse@^7.29.0
1081 silly packumentCache full:https://registry.npmjs.org/@babel%2ftraverse cache-miss
1082 http cache https://registry.npmjs.org/throat 75ms (cache hit)
1083 silly packumentCache full:https://registry.npmjs.org/throat set size:31052 disposed:false
1084 silly fetch manifest lodash.throttle@^4.1.1
1085 silly packumentCache full:https://registry.npmjs.org/lodash.throttle cache-miss
1086 http cache https://registry.npmjs.org/graceful-fs 74ms (cache hit)
1087 silly packumentCache full:https://registry.npmjs.org/graceful-fs set size:124285 disposed:false
1088 silly fetch manifest serialize-error@^2.1.0
1089 silly packumentCache full:https://registry.npmjs.org/serialize-error cache-miss
1090 http cache https://registry.npmjs.org/@babel%2ftypes 75ms (cache hit)
1091 silly packumentCache full:https://registry.npmjs.org/@babel%2ftypes set size:500625 disposed:false
1092 silly fetch manifest @babel/generator@^7.29.1
1093 silly packumentCache full:https://registry.npmjs.org/@babel%2fgenerator cache-hit
1094 silly fetch manifest error-stack-parser@^2.0.6
1095 silly packumentCache full:https://registry.npmjs.org/error-stack-parser cache-miss
1096 http cache https://registry.npmjs.org/jest-worker 81ms (cache hit)
1097 silly packumentCache full:https://registry.npmjs.org/jest-worker set size:466737 disposed:false
1098 silly fetch manifest https-proxy-agent@^7.0.5
1099 silly packumentCache full:https://registry.npmjs.org/https-proxy-agent cache-miss
1100 http cache https://registry.npmjs.org/lodash.throttle 70ms (cache hit)
1101 silly packumentCache full:https://registry.npmjs.org/lodash.throttle set size:32799 disposed:false
1102 silly fetch manifest exponential-backoff@^3.1.1
1103 silly packumentCache full:https://registry.npmjs.org/exponential-backoff cache-miss
1104 http cache https://registry.npmjs.org/@babel%2ftemplate 89ms (cache hit)
1105 silly packumentCache full:https://registry.npmjs.org/@babel%2ftemplate set size:237074 disposed:false
1106 silly fetch manifest yaml@^2.6.1
1107 silly packumentCache full:https://registry.npmjs.org/yaml cache-miss
1108 http cache https://registry.npmjs.org/@babel%2fparser 95ms (cache hit)
1109 silly packumentCache full:https://registry.npmjs.org/@babel%2fparser set size:735431 disposed:false
1110 silly fetch manifest jest-validate@^29.7.0
1111 silly packumentCache full:https://registry.npmjs.org/jest-validate cache-miss
1112 http cache https://registry.npmjs.org/serialize-error 78ms (cache hit)
1113 silly packumentCache full:https://registry.npmjs.org/serialize-error set size:64056 disposed:false
1114 silly fetch manifest walker@^1.0.7
1115 silly packumentCache full:https://registry.npmjs.org/walker cache-miss
1116 http cache https://registry.npmjs.org/https-proxy-agent 67ms (cache hit)
1117 silly packumentCache full:https://registry.npmjs.org/https-proxy-agent set size:83792 disposed:false
1118 silly fetch manifest micromatch@^4.0.4
1119 silly packumentCache full:https://registry.npmjs.org/micromatch cache-miss
1120 http cache https://registry.npmjs.org/error-stack-parser 77ms (cache hit)
1121 silly packumentCache full:https://registry.npmjs.org/error-stack-parser set size:89379 disposed:false
1122 silly fetch manifest fb-watchman@^2.0.0
1123 silly packumentCache full:https://registry.npmjs.org/fb-watchman cache-miss
1124 http cache https://registry.npmjs.org/@babel%2ftraverse 89ms (cache hit)
1125 silly packumentCache full:https://registry.npmjs.org/@babel%2ftraverse set size:562384 disposed:false
1126 silly fetch manifest terser@^5.15.0
1127 silly packumentCache full:https://registry.npmjs.org/terser cache-miss
1128 http cache https://registry.npmjs.org/fb-watchman 31ms (cache hit)
1129 silly packumentCache full:https://registry.npmjs.org/fb-watchman set size:28064 disposed:false
1130 silly fetch manifest ob1@0.84.4
1131 silly packumentCache full:https://registry.npmjs.org/ob1 cache-miss
1132 http cache https://registry.npmjs.org/micromatch 38ms (cache hit)
1133 silly packumentCache full:https://registry.npmjs.org/micromatch set size:240630 disposed:false
1134 silly fetch manifest vlq@^1.0.0
1135 silly packumentCache full:https://registry.npmjs.org/vlq cache-miss
1136 http cache https://registry.npmjs.org/yaml 50ms (cache hit)
1137 silly packumentCache full:https://registry.npmjs.org/yaml set size:385754 disposed:false
1138 silly fetch manifest vlq@^1.0.0
1139 silly packumentCache full:https://registry.npmjs.org/vlq cache-miss
1140 http cache https://registry.npmjs.org/walker 52ms (cache hit)
1141 silly packumentCache full:https://registry.npmjs.org/walker set size:16077 disposed:false
1142 http cache https://registry.npmjs.org/jest-validate 59ms (cache hit)
1143 silly packumentCache full:https://registry.npmjs.org/jest-validate set size:567910 disposed:false
1144 http cache https://registry.npmjs.org/exponential-backoff 77ms (cache hit)
1145 silly packumentCache full:https://registry.npmjs.org/exponential-backoff set size:55896 disposed:false
1146 http cache https://registry.npmjs.org/terser 64ms (cache hit)
1147 silly packumentCache full:https://registry.npmjs.org/terser set size:806866 disposed:false
1148 http cache https://registry.npmjs.org/ob1 52ms (cache hit)
1149 silly packumentCache full:https://registry.npmjs.org/ob1 set size:227968 disposed:false
1150 http cache https://registry.npmjs.org/vlq 43ms (cache hit)
1151 silly packumentCache full:https://registry.npmjs.org/vlq set size:23110 disposed:false
1152 http cache https://registry.npmjs.org/vlq 51ms (cache hit)
1153 silly packumentCache full:https://registry.npmjs.org/vlq set size:23110 disposed:false
1154 silly packumentCache full:https://registry.npmjs.org/vlq dispose
1155 silly placeDep ROOT @xmldom/xmldom@0.8.13 OK for: @expo/plist@0.8.1 want: ^0.8.8
1156 silly placeDep ROOT base64-js@1.5.1 OK for: @expo/plist@0.8.1 want: ^1.5.1
1157 silly placeDep ROOT xmlbuilder@15.1.1 OK for: @expo/plist@0.8.1 want: ^15.1.1
1158 silly placeDep ROOT @babel/core@7.29.7 OK for: @expo/require-utils@57.0.3 want: ^7.25.2
1159 silly placeDep ROOT @babel/plugin-transform-modules-commonjs@7.29.7 OK for: @expo/require-utils@57.0.3 want: ^7.24.8
1160 silly fetch manifest semver@^6.3.1
1161 silly packumentCache full:https://registry.npmjs.org/semver cache-hit
1162 silly fetch manifest gensync@^1.0.0-beta.2
1163 silly packumentCache full:https://registry.npmjs.org/gensync cache-miss
1164 silly fetch manifest @babel/types@^7.29.7
1165 silly packumentCache full:https://registry.npmjs.org/@babel%2ftypes cache-hit
1166 silly fetch manifest @babel/parser@^7.29.7
1167 silly packumentCache full:https://registry.npmjs.org/@babel%2fparser cache-hit
1168 silly fetch manifest @babel/helpers@^7.29.7
1169 silly packumentCache full:https://registry.npmjs.org/@babel%2fhelpers cache-miss
1170 silly fetch manifest @babel/template@^7.29.7
1171 silly packumentCache full:https://registry.npmjs.org/@babel%2ftemplate cache-hit
1172 silly fetch manifest @babel/traverse@^7.29.7
1173 silly packumentCache full:https://registry.npmjs.org/@babel%2ftraverse cache-hit
1174 silly fetch manifest @babel/generator@^7.29.7
1175 silly packumentCache full:https://registry.npmjs.org/@babel%2fgenerator cache-hit
1176 silly fetch manifest convert-source-map@^2.0.0
1177 silly packumentCache full:https://registry.npmjs.org/convert-source-map cache-miss
1178 silly fetch manifest @babel/helper-module-transforms@^7.29.7
1179 silly packumentCache full:https://registry.npmjs.org/@babel%2fhelper-module-transforms cache-miss
1180 silly fetch manifest @babel/helper-compilation-targets@^7.29.7
1181 silly packumentCache full:https://registry.npmjs.org/@babel%2fhelper-compilation-targets cache-miss
1182 silly fetch manifest @babel/helper-plugin-utils@^7.29.7
1183 silly packumentCache full:https://registry.npmjs.org/@babel%2fhelper-plugin-utils cache-miss
1184 silly fetch manifest @babel/helper-module-transforms@^7.29.7
1185 silly packumentCache full:https://registry.npmjs.org/@babel%2fhelper-module-transforms cache-miss
1186 http cache https://registry.npmjs.org/gensync 66ms (cache hit)
1187 silly packumentCache full:https://registry.npmjs.org/gensync set size:15068 disposed:false
1188 http cache https://registry.npmjs.org/convert-source-map 64ms (cache hit)
1189 silly packumentCache full:https://registry.npmjs.org/convert-source-map set size:66997 disposed:false
1190 http cache https://registry.npmjs.org/@babel%2fhelper-plugin-utils 62ms (cache hit)
1191 silly packumentCache full:https://registry.npmjs.org/@babel%2fhelper-plugin-utils set size:175564 disposed:false
1192 http cache https://registry.npmjs.org/@babel%2fhelper-compilation-targets 66ms (cache hit)
1193 silly packumentCache full:https://registry.npmjs.org/@babel%2fhelper-compilation-targets set size:229541 disposed:false
1194 http cache https://registry.npmjs.org/@babel%2fhelper-module-transforms 68ms (cache hit)
1195 silly packumentCache full:https://registry.npmjs.org/@babel%2fhelper-module-transforms set size:346454 disposed:false
1196 http cache https://registry.npmjs.org/@babel%2fhelpers 74ms (cache hit)
1197 silly packumentCache full:https://registry.npmjs.org/@babel%2fhelpers set size:398496 disposed:false
1198 http cache https://registry.npmjs.org/@babel%2fhelper-module-transforms 70ms (cache hit)
1199 silly packumentCache full:https://registry.npmjs.org/@babel%2fhelper-module-transforms set size:346454 disposed:false
1200 silly packumentCache full:https://registry.npmjs.org/@babel%2fhelper-module-transforms dispose
1201 silly fetch manifest @babel/core@^7.0.0
1202 silly packumentCache full:https://registry.npmjs.org/@babel%2fcore cache-hit
1203 silly placeDep ROOT @babel/generator@7.29.7 OK for: @babel/core@7.29.7 want: ^7.29.7
1204 silly placeDep ROOT @babel/helper-compilation-targets@7.29.7 OK for: @babel/core@7.29.7 want: ^7.29.7
1205 silly placeDep ROOT @babel/helper-module-transforms@7.29.7 OK for: @babel/core@7.29.7 want: ^7.29.7
1206 silly placeDep ROOT @babel/helpers@7.29.7 OK for: @babel/core@7.29.7 want: ^7.29.7
1207 silly placeDep ROOT @babel/parser@7.29.7 OK for: @babel/core@7.29.7 want: ^7.29.7
1208 silly placeDep ROOT @babel/template@7.29.7 OK for: @babel/core@7.29.7 want: ^7.29.7
1209 silly placeDep ROOT @babel/traverse@7.29.7 OK for: @babel/core@7.29.7 want: ^7.29.7
1210 silly placeDep ROOT @babel/types@7.29.7 OK for: @babel/core@7.29.7 want: ^7.29.7
1211 silly placeDep ROOT @jridgewell/remapping@2.3.5 OK for: @babel/core@7.29.7 want: ^2.3.5
1212 silly placeDep ROOT convert-source-map@2.0.0 OK for: @babel/core@7.29.7 want: ^2.0.0
1213 silly placeDep ROOT gensync@1.0.0-beta.2 OK for: @babel/core@7.29.7 want: ^1.0.0-beta.2
1214 silly placeDep node_modules/@babel/core semver@6.3.1 OK for: @babel/core@7.29.7 want: ^6.3.1
1215 silly fetch manifest jsesc@^3.0.2
1216 silly packumentCache full:https://registry.npmjs.org/jsesc cache-miss
1217 silly fetch manifest @jridgewell/gen-mapping@^0.3.12
1218 silly packumentCache full:https://registry.npmjs.org/@jridgewell%2fgen-mapping cache-hit
1219 silly fetch manifest @jridgewell/trace-mapping@^0.3.28
1220 silly packumentCache full:https://registry.npmjs.org/@jridgewell%2ftrace-mapping cache-miss
1221 silly fetch manifest lru-cache@^5.1.1
1222 silly packumentCache full:https://registry.npmjs.org/lru-cache cache-miss
1223 silly fetch manifest browserslist@^4.24.0
1224 silly packumentCache full:https://registry.npmjs.org/browserslist cache-hit
1225 silly fetch manifest @babel/compat-data@^7.29.7
1226 silly packumentCache full:https://registry.npmjs.org/@babel%2fcompat-data cache-miss
1227 silly fetch manifest @babel/helper-validator-option@^7.29.7
1228 silly packumentCache full:https://registry.npmjs.org/@babel%2fhelper-validator-option cache-miss
1229 silly fetch manifest @babel/helper-module-imports@^7.29.7
1230 silly packumentCache full:https://registry.npmjs.org/@babel%2fhelper-module-imports cache-hit
1231 silly fetch manifest @babel/helper-globals@^7.29.7
1232 silly packumentCache full:https://registry.npmjs.org/@babel%2fhelper-globals cache-miss
1233 silly fetch manifest @babel/helper-string-parser@^7.29.7
1234 silly packumentCache full:https://registry.npmjs.org/@babel%2fhelper-string-parser cache-miss
1235 http cache https://registry.npmjs.org/jsesc 14ms (cache hit)
1236 silly packumentCache full:https://registry.npmjs.org/jsesc set size:61512 disposed:false
1237 silly fetch manifest @jridgewell/gen-mapping@^0.3.5
1238 silly packumentCache full:https://registry.npmjs.org/@jridgewell%2fgen-mapping cache-hit
1239 silly fetch manifest @jridgewell/trace-mapping@^0.3.24
1240 silly packumentCache full:https://registry.npmjs.org/@jridgewell%2ftrace-mapping cache-miss
1241 http cache https://registry.npmjs.org/@babel%2fcompat-data 16ms (cache hit)
1242 silly packumentCache full:https://registry.npmjs.org/@babel%2fcompat-data set size:318807 disposed:false
1243 http cache https://registry.npmjs.org/@jridgewell%2ftrace-mapping 19ms (cache hit)
1244 silly packumentCache full:https://registry.npmjs.org/@jridgewell%2ftrace-mapping set size:170909 disposed:false
1245 http cache https://registry.npmjs.org/lru-cache 21ms (cache hit)
1246 silly packumentCache full:https://registry.npmjs.org/lru-cache set size:460407 disposed:false
1247 http cache https://registry.npmjs.org/@babel%2fhelper-globals 24ms (cache hit)
1248 silly packumentCache full:https://registry.npmjs.org/@babel%2fhelper-globals set size:25155 disposed:false
1249 http cache https://registry.npmjs.org/@babel%2fhelper-validator-option 27ms (cache hit)
1250 silly packumentCache full:https://registry.npmjs.org/@babel%2fhelper-validator-option set size:101303 disposed:false
1251 http cache https://registry.npmjs.org/@babel%2fhelper-string-parser 28ms (cache hit)
1252 silly packumentCache full:https://registry.npmjs.org/@babel%2fhelper-string-parser set size:91563 disposed:false
1253 http cache https://registry.npmjs.org/@jridgewell%2ftrace-mapping 34ms (cache hit)
1254 silly packumentCache full:https://registry.npmjs.org/@jridgewell%2ftrace-mapping set size:170909 disposed:false
1255 silly packumentCache full:https://registry.npmjs.org/@jridgewell%2ftrace-mapping dispose
1256 silly placeDep ROOT @jridgewell/gen-mapping@0.3.13 OK for: @babel/generator@7.29.7 want: ^0.3.12
1257 silly placeDep ROOT @jridgewell/trace-mapping@0.3.31 OK for: @babel/generator@7.29.7 want: ^0.3.28
1258 silly placeDep ROOT jsesc@3.1.0 OK for: @babel/generator@7.29.7 want: ^3.0.2
1259 silly fetch manifest @jridgewell/sourcemap-codec@^1.5.0
1260 silly packumentCache full:https://registry.npmjs.org/@jridgewell%2fsourcemap-codec cache-hit
1261 silly fetch manifest @jridgewell/resolve-uri@^3.1.0
1262 silly packumentCache full:https://registry.npmjs.org/@jridgewell%2fresolve-uri cache-miss
1263 silly fetch manifest @jridgewell/sourcemap-codec@^1.4.14
1264 silly packumentCache full:https://registry.npmjs.org/@jridgewell%2fsourcemap-codec cache-hit
1265 http cache https://registry.npmjs.org/@jridgewell%2fresolve-uri 18ms (cache hit)
1266 silly packumentCache full:https://registry.npmjs.org/@jridgewell%2fresolve-uri set size:57361 disposed:false
1267 silly placeDep ROOT @babel/compat-data@7.29.7 OK for: @babel/helper-compilation-targets@7.29.7 want: ^7.29.7
1268 silly placeDep ROOT @babel/helper-validator-option@7.29.7 OK for: @babel/helper-compilation-targets@7.29.7 want: ^7.29.7
1269 silly placeDep ROOT browserslist@4.28.6 OK for: @babel/helper-compilation-targets@7.29.7 want: ^4.24.0
1270 silly placeDep ROOT lru-cache@5.1.1 OK for: @babel/helper-compilation-targets@7.29.7 want: ^5.1.1
1271 silly placeDep node_modules/@babel/helper-compilation-targets semver@6.3.1 OK for: @babel/helper-compilation-targets@7.29.7 want: ^6.3.1
1272 silly fetch manifest caniuse-lite@^1.0.30001803
1273 silly packumentCache full:https://registry.npmjs.org/caniuse-lite cache-miss
1274 silly fetch manifest node-releases@^2.0.51
1275 silly packumentCache full:https://registry.npmjs.org/node-releases cache-miss
1276 silly fetch manifest electron-to-chromium@^1.5.389
1277 silly packumentCache full:https://registry.npmjs.org/electron-to-chromium cache-miss
1278 silly fetch manifest update-browserslist-db@^1.2.3
1279 silly packumentCache full:https://registry.npmjs.org/update-browserslist-db cache-miss
1280 silly fetch manifest baseline-browser-mapping@^2.10.42
1281 silly packumentCache full:https://registry.npmjs.org/baseline-browser-mapping cache-miss
1282 silly fetch manifest yallist@^3.0.2
1283 silly packumentCache full:https://registry.npmjs.org/yallist cache-miss
1284 http cache https://registry.npmjs.org/update-browserslist-db 27ms (cache hit)
1285 silly packumentCache full:https://registry.npmjs.org/update-browserslist-db set size:62000 disposed:false
1286 http cache https://registry.npmjs.org/node-releases 28ms (cache hit)
1287 silly packumentCache full:https://registry.npmjs.org/node-releases set size:290209 disposed:false
1288 http cache https://registry.npmjs.org/caniuse-lite 33ms (cache hit)
1289 silly packumentCache full:https://registry.npmjs.org/caniuse-lite set size:2304894 disposed:false
1290 http cache https://registry.npmjs.org/electron-to-chromium 48ms (cache hit)
1291 silly packumentCache full:https://registry.npmjs.org/electron-to-chromium set size:4866450 disposed:false
1292 http cache https://registry.npmjs.org/baseline-browser-mapping 91ms (cache hit)
1293 silly packumentCache full:https://registry.npmjs.org/baseline-browser-mapping set size:533234 disposed:false
1294 http cache https://registry.npmjs.org/yallist 94ms (cache hit)
1295 silly packumentCache full:https://registry.npmjs.org/yallist set size:34610 disposed:false
1296 silly placeDep ROOT @babel/helper-module-imports@7.29.7 OK for: @babel/helper-module-transforms@7.29.7 want: ^7.29.7
1297 silly placeDep ROOT @babel/helper-plugin-utils@7.29.7 OK for: @babel/plugin-transform-modules-commonjs@7.29.7 want: ^7.29.7
1298 silly placeDep ROOT @babel/helper-globals@7.29.7 OK for: @babel/traverse@7.29.7 want: ^7.29.7
1299 silly placeDep ROOT @babel/helper-string-parser@7.29.7 OK for: @babel/types@7.29.7 want: ^7.29.7
1300 silly placeDep ROOT cross-spawn@7.0.6 OK for: @expo/spawn-async@1.8.0 want: ^7.0.6
1301 silly fetch manifest which@^2.0.1
1302 silly packumentCache full:https://registry.npmjs.org/which cache-miss
1303 silly fetch manifest path-key@^3.1.0
1304 silly packumentCache full:https://registry.npmjs.org/path-key cache-miss
1305 silly fetch manifest shebang-command@^2.0.0
1306 silly packumentCache full:https://registry.npmjs.org/shebang-command cache-miss
1307 http cache https://registry.npmjs.org/path-key 18ms (cache hit)
1308 silly packumentCache full:https://registry.npmjs.org/path-key set size:16975 disposed:false
1309 http cache https://registry.npmjs.org/shebang-command 19ms (cache hit)
1310 silly packumentCache full:https://registry.npmjs.org/shebang-command set size:8525 disposed:false
1311 http cache https://registry.npmjs.org/which 22ms (cache hit)
1312 silly packumentCache full:https://registry.npmjs.org/which set size:70087 disposed:false
1313 silly placeDep ROOT @jridgewell/sourcemap-codec@1.5.5 OK for: @jridgewell/gen-mapping@0.3.13 want: ^1.5.0
1314 silly placeDep ROOT @jridgewell/resolve-uri@3.1.2 OK for: @jridgewell/trace-mapping@0.3.31 want: ^3.1.0
1315 silly fetch manifest browserslist@>= 4.21.0
1316 silly packumentCache full:https://registry.npmjs.org/browserslist cache-hit
1317 silly placeDep ROOT baseline-browser-mapping@2.10.43 OK for: browserslist@4.28.6 want: ^2.10.42
1318 silly placeDep ROOT caniuse-lite@1.0.30001805 OK for: browserslist@4.28.6 want: ^1.0.30001803
1319 silly placeDep ROOT electron-to-chromium@1.5.392 OK for: browserslist@4.28.6 want: ^1.5.389
1320 silly placeDep ROOT node-releases@2.0.51 OK for: browserslist@4.28.6 want: ^2.0.51
1321 silly placeDep ROOT update-browserslist-db@1.2.3 OK for: browserslist@4.28.6 want: ^1.2.3
1322 silly fetch manifest escalade@^3.2.0
1323 silly packumentCache full:https://registry.npmjs.org/escalade cache-miss
1324 http cache https://registry.npmjs.org/escalade 4ms (cache hit)
1325 silly packumentCache full:https://registry.npmjs.org/escalade set size:33724 disposed:false
1326 silly placeDep ROOT ansi-styles@4.3.0 OK for: chalk@4.1.2 want: ^4.1.0
1327 silly placeDep ROOT supports-color@7.2.0 OK for: chalk@4.1.2 want: ^7.1.0
1328 silly fetch manifest color-convert@^2.0.1
1329 silly packumentCache full:https://registry.npmjs.org/color-convert cache-miss
1330 silly fetch manifest has-flag@^4.0.0
1331 silly packumentCache full:https://registry.npmjs.org/has-flag cache-miss
1332 http cache https://registry.npmjs.org/has-flag 12ms (cache hit)
1333 silly packumentCache full:https://registry.npmjs.org/has-flag set size:15180 disposed:false
1334 http cache https://registry.npmjs.org/color-convert 16ms (cache hit)
1335 silly packumentCache full:https://registry.npmjs.org/color-convert set size:72663 disposed:false
1336 silly placeDep ROOT color-convert@2.0.1 OK for: ansi-styles@4.3.0 want: ^2.0.1
1337 silly fetch manifest color-name@~1.1.4
1338 silly packumentCache full:https://registry.npmjs.org/color-name cache-miss
1339 http cache https://registry.npmjs.org/color-name 14ms (cache hit)
1340 silly packumentCache full:https://registry.npmjs.org/color-name set size:19467 disposed:false
1341 silly placeDep ROOT color-name@1.1.4 OK for: color-convert@2.0.1 want: ~1.1.4
1342 silly placeDep ROOT path-key@3.1.1 OK for: cross-spawn@7.0.6 want: ^3.1.0
1343 silly placeDep ROOT shebang-command@2.0.0 OK for: cross-spawn@7.0.6 want: ^2.0.0
1344 silly placeDep ROOT which@2.0.2 OK for: cross-spawn@7.0.6 want: ^2.0.1
1345 silly fetch manifest shebang-regex@^3.0.0
1346 silly packumentCache full:https://registry.npmjs.org/shebang-regex cache-miss
1347 silly fetch manifest isexe@^2.0.0
1348 silly packumentCache full:https://registry.npmjs.org/isexe cache-miss
1349 http cache https://registry.npmjs.org/isexe 9ms (cache hit)
1350 silly packumentCache full:https://registry.npmjs.org/isexe set size:31756 disposed:false
1351 http cache https://registry.npmjs.org/shebang-regex 10ms (cache hit)
1352 silly packumentCache full:https://registry.npmjs.org/shebang-regex set size:9763 disposed:false
1353 silly placeDep ROOT ms@2.1.3 OK for: debug@4.4.3 want: ^2.1.3
1354 silly placeDep ROOT commander@7.2.0 OK for: expo-modules-autolinking@57.0.7 want: ^7.2.0
1355 silly placeDep ROOT @expo/expo-modules-macros-plugin@0.6.1 OK for: expo-modules-core@57.0.5 want: 0.6.1
1356 silly placeDep ROOT expo-modules-jsi@57.0.3 OK for: expo-modules-core@57.0.5 want: ~57.0.3
1357 silly placeDep ROOT invariant@2.2.4 OK for: expo-modules-core@57.0.5 want: ^2.2.4
1358 silly fetch manifest loose-envify@^1.0.0
1359 silly packumentCache full:https://registry.npmjs.org/loose-envify cache-miss
1360 http cache https://registry.npmjs.org/loose-envify 6ms (cache hit)
1361 silly packumentCache full:https://registry.npmjs.org/loose-envify set size:12559 disposed:false
1362 silly placeDep ROOT minipass@7.1.3 OK for: glob@13.0.6 want: ^7.1.3
1363 silly placeDep ROOT path-scurry@2.0.2 OK for: glob@13.0.6 want: ^2.0.2
1364 silly fetch manifest lru-cache@^11.0.0
1365 silly packumentCache full:https://registry.npmjs.org/lru-cache cache-hit
1366 silly placeDep ROOT loose-envify@1.4.0 OK for: invariant@2.2.4 want: ^1.0.0
1367 silly placeDep ROOT yallist@3.1.1 OK for: lru-cache@5.1.1 want: ^3.0.2
1368 silly fetch manifest bufferutil@^4.0.1
1369 silly packumentCache full:https://registry.npmjs.org/bufferutil cache-miss
1370 http cache https://registry.npmjs.org/bufferutil 7ms (cache hit)
1371 silly packumentCache full:https://registry.npmjs.org/bufferutil set size:52763 disposed:false
1372 silly fetch manifest utf-8-validate@^5.0.2
1373 silly packumentCache full:https://registry.npmjs.org/utf-8-validate cache-miss
1374 http cache https://registry.npmjs.org/utf-8-validate 9ms (cache hit)
1375 silly packumentCache full:https://registry.npmjs.org/utf-8-validate set size:77148 disposed:false
1376 silly placeDep ROOT accepts@2.0.0 OK for: metro@0.84.4 want: ^2.0.0
1377 silly placeDep ROOT ci-info@2.0.0 OK for: metro@0.84.4 want: ^2.0.0
1378 silly placeDep ROOT connect@3.7.0 OK for: metro@0.84.4 want: ^3.6.5
1379 silly placeDep ROOT error-stack-parser@2.1.4 OK for: metro@0.84.4 want: ^2.0.6
1380 silly placeDep ROOT flow-enums-runtime@0.0.6 OK for: metro@0.84.4 want: ^0.0.6
1381 silly placeDep ROOT graceful-fs@4.2.11 OK for: metro@0.84.4 want: ^4.2.4
1382 silly placeDep ROOT hermes-parser@0.35.0 OK for: metro@0.84.4 want: 0.35.0
1383 silly placeDep ROOT image-size@1.2.1 OK for: metro@0.84.4 want: ^1.0.2
1384 silly placeDep ROOT jest-worker@29.7.0 OK for: metro@0.84.4 want: ^29.7.0
1385 silly placeDep ROOT jsc-safe-url@0.2.4 OK for: metro@0.84.4 want: ^0.2.2
1386 silly placeDep ROOT lodash.throttle@4.1.1 OK for: metro@0.84.4 want: ^4.1.1
1387 silly placeDep ROOT mime-types@3.0.2 OK for: metro@0.84.4 want: ^3.0.1
1388 silly placeDep ROOT nullthrows@1.1.1 OK for: metro@0.84.4 want: ^1.1.1
1389 silly placeDep ROOT serialize-error@2.1.0 OK for: metro@0.84.4 want: ^2.1.0
1390 silly placeDep ROOT source-map@0.5.7 OK for: metro@0.84.4 want: ^0.5.6
1391 silly placeDep ROOT throat@5.0.0 OK for: metro@0.84.4 want: ^5.0.0
1392 silly placeDep ROOT ws@7.5.12 OK for: metro@0.84.4 want: ^7.5.10
1393 silly placeDep ROOT yargs@17.7.3 OK for: metro@0.84.4 want: ^17.6.2
1394 silly fetch manifest mime-types@^3.0.0
1395 silly packumentCache full:https://registry.npmjs.org/mime-types cache-hit
1396 silly fetch manifest negotiator@^1.0.0
1397 silly packumentCache full:https://registry.npmjs.org/negotiator cache-miss
1398 silly fetch manifest debug@2.6.9
1399 silly packumentCache full:https://registry.npmjs.org/debug cache-hit
1400 silly fetch manifest finalhandler@1.1.2
1401 silly packumentCache full:https://registry.npmjs.org/finalhandler cache-miss
1402 silly fetch manifest parseurl@~1.3.3
1403 silly packumentCache full:https://registry.npmjs.org/parseurl cache-miss
1404 silly fetch manifest utils-merge@1.0.1
1405 silly packumentCache full:https://registry.npmjs.org/utils-merge cache-miss
1406 silly fetch manifest stackframe@^1.3.4
1407 silly packumentCache full:https://registry.npmjs.org/stackframe cache-miss
1408 silly fetch manifest hermes-estree@0.35.0
1409 silly packumentCache full:https://registry.npmjs.org/hermes-estree cache-miss
1410 silly fetch manifest queue@6.0.2
1411 silly packumentCache full:https://registry.npmjs.org/queue cache-miss
1412 http cache https://registry.npmjs.org/parseurl 17ms (cache hit)
1413 silly packumentCache full:https://registry.npmjs.org/parseurl set size:24148 disposed:false
1414 silly fetch manifest jest-util@^29.7.0
1415 silly packumentCache full:https://registry.npmjs.org/jest-util cache-miss
1416 http cache https://registry.npmjs.org/finalhandler 19ms (cache hit)
1417 silly packumentCache full:https://registry.npmjs.org/finalhandler set size:79291 disposed:false
1418 silly fetch manifest @types/node@*
1419 silly packumentCache full:https://registry.npmjs.org/@types%2fnode cache-miss
1420 http cache https://registry.npmjs.org/utils-merge 20ms (cache hit)
1421 silly packumentCache full:https://registry.npmjs.org/utils-merge set size:5237 disposed:false
1422 silly fetch manifest merge-stream@^2.0.0
1423 silly packumentCache full:https://registry.npmjs.org/merge-stream cache-miss
1424 http cache https://registry.npmjs.org/negotiator 22ms (cache hit)
1425 silly packumentCache full:https://registry.npmjs.org/negotiator set size:48046 disposed:false
1426 silly fetch manifest supports-color@^8.0.0
1427 silly packumentCache full:https://registry.npmjs.org/supports-color cache-hit
1428 silly fetch manifest mime-db@^1.54.0
1429 silly packumentCache full:https://registry.npmjs.org/mime-db cache-miss
1430 http cache https://registry.npmjs.org/stackframe 25ms (cache hit)
1431 silly packumentCache full:https://registry.npmjs.org/stackframe set size:54134 disposed:false
1432 silly fetch manifest cliui@^8.0.1
1433 silly packumentCache full:https://registry.npmjs.org/cliui cache-miss
1434 http cache https://registry.npmjs.org/hermes-estree 26ms (cache hit)
1435 silly packumentCache full:https://registry.npmjs.org/hermes-estree set size:132569 disposed:false
1436 silly fetch manifest escalade@^3.1.1
1437 silly packumentCache full:https://registry.npmjs.org/escalade cache-hit
1438 silly fetch manifest get-caller-file@^2.0.5
1439 silly packumentCache full:https://registry.npmjs.org/get-caller-file cache-miss
1440 http cache https://registry.npmjs.org/queue 28ms (cache hit)
1441 silly packumentCache full:https://registry.npmjs.org/queue set size:76287 disposed:false
1442 silly fetch manifest require-directory@^2.1.1
1443 silly packumentCache full:https://registry.npmjs.org/require-directory cache-miss
1444 http cache https://registry.npmjs.org/jest-util 20ms (cache hit)
1445 silly packumentCache full:https://registry.npmjs.org/jest-util set size:587891 disposed:false
1446 silly fetch manifest string-width@^4.2.3
1447 silly packumentCache full:https://registry.npmjs.org/string-width cache-miss
1448 http cache https://registry.npmjs.org/merge-stream 22ms (cache hit)
1449 silly packumentCache full:https://registry.npmjs.org/merge-stream set size:22168 disposed:false
1450 silly fetch manifest y18n@^5.0.5
1451 silly packumentCache full:https://registry.npmjs.org/y18n cache-miss
1452 http cache https://registry.npmjs.org/mime-db 21ms (cache hit)
1453 silly packumentCache full:https://registry.npmjs.org/mime-db set size:164953 disposed:false
1454 silly fetch manifest yargs-parser@^21.1.1
1455 silly packumentCache full:https://registry.npmjs.org/yargs-parser cache-miss
1456 http cache https://registry.npmjs.org/cliui 20ms (cache hit)
1457 silly packumentCache full:https://registry.npmjs.org/cliui set size:69089 disposed:false
1458 http cache https://registry.npmjs.org/get-caller-file 21ms (cache hit)
1459 silly packumentCache full:https://registry.npmjs.org/get-caller-file set size:26456 disposed:false
1460 http cache https://registry.npmjs.org/@types%2fnode 44ms (cache hit)
1461 silly packumentCache full:https://registry.npmjs.org/@types%2fnode set size:11080817 disposed:false
1462 http cache https://registry.npmjs.org/require-directory 84ms (cache hit)
1463 silly packumentCache full:https://registry.npmjs.org/require-directory set size:26866 disposed:false
1464 http cache https://registry.npmjs.org/y18n 76ms (cache hit)
1465 silly packumentCache full:https://registry.npmjs.org/y18n set size:76155 disposed:false
1466 http cache https://registry.npmjs.org/string-width 79ms (cache hit)
1467 silly packumentCache full:https://registry.npmjs.org/string-width set size:72458 disposed:false
1468 http cache https://registry.npmjs.org/yargs-parser 80ms (cache hit)
1469 silly packumentCache full:https://registry.npmjs.org/yargs-parser set size:238630 disposed:false
1470 silly placeDep ROOT negotiator@1.0.0 OK for: accepts@2.0.0 want: ^1.0.0
1471 silly placeDep node_modules/connect debug@2.6.9 OK for: connect@3.7.0 want: 2.6.9
1472 silly placeDep ROOT finalhandler@1.1.2 OK for: connect@3.7.0 want: 1.1.2
1473 silly placeDep ROOT parseurl@1.3.3 OK for: connect@3.7.0 want: ~1.3.3
1474 silly placeDep ROOT utils-merge@1.0.1 OK for: connect@3.7.0 want: 1.0.1
1475 silly fetch manifest ms@2.0.0
1476 silly packumentCache full:https://registry.npmjs.org/ms cache-hit
1477 silly fetch manifest unpipe@~1.0.0
1478 silly packumentCache full:https://registry.npmjs.org/unpipe cache-miss
1479 silly fetch manifest statuses@~1.5.0
1480 silly packumentCache full:https://registry.npmjs.org/statuses cache-miss
1481 silly fetch manifest encodeurl@~1.0.2
1482 silly packumentCache full:https://registry.npmjs.org/encodeurl cache-miss
1483 silly fetch manifest escape-html@~1.0.3
1484 silly packumentCache full:https://registry.npmjs.org/escape-html cache-miss
1485 silly fetch manifest on-finished@~2.3.0
1486 silly packumentCache full:https://registry.npmjs.org/on-finished cache-miss
1487 http cache https://registry.npmjs.org/escape-html 22ms (cache hit)
1488 silly packumentCache full:https://registry.npmjs.org/escape-html set size:7345 disposed:false
1489 http cache https://registry.npmjs.org/statuses 23ms (cache hit)
1490 silly packumentCache full:https://registry.npmjs.org/statuses set size:37117 disposed:false
1491 http cache https://registry.npmjs.org/unpipe 24ms (cache hit)
1492 silly packumentCache full:https://registry.npmjs.org/unpipe set size:3609 disposed:false
1493 http cache https://registry.npmjs.org/on-finished 24ms (cache hit)
1494 silly packumentCache full:https://registry.npmjs.org/on-finished set size:23212 disposed:false
1495 http cache https://registry.npmjs.org/encodeurl 28ms (cache hit)
1496 silly packumentCache full:https://registry.npmjs.org/encodeurl set size:12296 disposed:false
1497 silly placeDep ROOT stackframe@1.3.4 OK for: error-stack-parser@2.1.4 want: ^1.3.4
1498 silly placeDep node_modules/finalhandler debug@2.6.9 OK for: finalhandler@1.1.2 want: 2.6.9
1499 silly placeDep ROOT encodeurl@1.0.2 OK for: finalhandler@1.1.2 want: ~1.0.2
1500 silly placeDep ROOT escape-html@1.0.3 OK for: finalhandler@1.1.2 want: ~1.0.3
1501 silly placeDep ROOT on-finished@2.3.0 OK for: finalhandler@1.1.2 want: ~2.3.0
1502 silly placeDep ROOT statuses@1.5.0 OK for: finalhandler@1.1.2 want: ~1.5.0
1503 silly placeDep ROOT unpipe@1.0.0 OK for: finalhandler@1.1.2 want: ~1.0.0
1504 silly fetch manifest ee-first@1.1.1
1505 silly packumentCache full:https://registry.npmjs.org/ee-first cache-miss
1506 http cache https://registry.npmjs.org/ee-first 3ms (cache hit)
1507 silly packumentCache full:https://registry.npmjs.org/ee-first set size:15327 disposed:false
1508 silly placeDep ROOT hermes-estree@0.35.0 OK for: hermes-parser@0.35.0 want: 0.35.0
1509 silly placeDep ROOT queue@6.0.2 OK for: image-size@1.2.1 want: 6.0.2
1510 silly fetch manifest inherits@~2.0.3
1511 silly packumentCache full:https://registry.npmjs.org/inherits cache-miss
1512 http cache https://registry.npmjs.org/inherits 6ms (cache hit)
1513 silly packumentCache full:https://registry.npmjs.org/inherits set size:12925 disposed:false
1514 silly placeDep ROOT @types/node@26.1.1 OK for: jest-worker@29.7.0 want: *
1515 silly placeDep ROOT jest-util@29.7.0 OK for: jest-worker@29.7.0 want: ^29.7.0
1516 silly placeDep ROOT merge-stream@2.0.0 OK for: jest-worker@29.7.0 want: ^2.0.0
1517 silly placeDep node_modules/jest-worker supports-color@8.1.1 OK for: jest-worker@29.7.0 want: ^8.0.0
1518 silly fetch manifest undici-types@~8.3.0
1519 silly packumentCache full:https://registry.npmjs.org/undici-types cache-miss
1520 silly fetch manifest ci-info@^3.2.0
1521 silly packumentCache full:https://registry.npmjs.org/ci-info cache-hit
1522 silly fetch manifest picomatch@^2.2.3
1523 silly packumentCache full:https://registry.npmjs.org/picomatch cache-hit
1524 silly fetch manifest @jest/types@^29.6.3
1525 silly packumentCache full:https://registry.npmjs.org/@jest%2ftypes cache-miss
1526 http cache https://registry.npmjs.org/@jest%2ftypes 6ms (cache hit)
1527 silly packumentCache full:https://registry.npmjs.org/@jest%2ftypes set size:292365 disposed:false
1528 http cache https://registry.npmjs.org/undici-types 9ms (cache hit)
1529 silly packumentCache full:https://registry.npmjs.org/undici-types set size:239474 disposed:false
1530 silly placeDep ROOT undici-types@8.3.0 OK for: @types/node@26.1.1 want: ~8.3.0
1531 silly placeDep ROOT @jest/types@29.6.3 OK for: jest-util@29.7.0 want: ^29.6.3
1532 silly placeDep node_modules/jest-util ci-info@3.9.0 OK for: jest-util@29.7.0 want: ^3.2.0
1533 silly placeDep ROOT picomatch@2.3.2 OK for: jest-util@29.7.0 want: ^2.2.3
1534 silly fetch manifest @types/yargs@^17.0.8
1535 silly packumentCache full:https://registry.npmjs.org/@types%2fyargs cache-miss
1536 silly fetch manifest @types/istanbul-reports@^3.0.0
1537 silly packumentCache full:https://registry.npmjs.org/@types%2fistanbul-reports cache-miss
1538 silly fetch manifest @types/istanbul-lib-coverage@^2.0.0
1539 silly packumentCache full:https://registry.npmjs.org/@types%2fistanbul-lib-coverage cache-miss
1540 http cache https://registry.npmjs.org/@types%2fistanbul-lib-coverage 5ms (cache hit)
1541 silly packumentCache full:https://registry.npmjs.org/@types%2fistanbul-lib-coverage set size:18110 disposed:false
1542 http cache https://registry.npmjs.org/@types%2fistanbul-reports 7ms (cache hit)
1543 silly packumentCache full:https://registry.npmjs.org/@types%2fistanbul-reports set size:17607 disposed:false
1544 http cache https://registry.npmjs.org/@types%2fyargs 14ms (cache hit)
1545 silly packumentCache full:https://registry.npmjs.org/@types%2fyargs set size:390540 disposed:false
1546 silly placeDep ROOT @jest/schemas@29.6.3 OK for: @jest/types@29.6.3 want: ^29.6.3
1547 silly placeDep ROOT @types/istanbul-lib-coverage@2.0.6 OK for: @jest/types@29.6.3 want: ^2.0.0
1548 silly placeDep ROOT @types/istanbul-reports@3.0.4 OK for: @jest/types@29.6.3 want: ^3.0.0
1549 silly placeDep ROOT @types/yargs@17.0.35 OK for: @jest/types@29.6.3 want: ^17.0.8
1550 silly fetch manifest @sinclair/typebox@^0.27.8
1551 silly packumentCache full:https://registry.npmjs.org/@sinclair%2ftypebox cache-miss
1552 silly fetch manifest @types/istanbul-lib-report@*
1553 silly packumentCache full:https://registry.npmjs.org/@types%2fistanbul-lib-report cache-miss
1554 silly fetch manifest @types/yargs-parser@*
1555 silly packumentCache full:https://registry.npmjs.org/@types%2fyargs-parser cache-miss
1556 http cache https://registry.npmjs.org/@types%2fyargs-parser 13ms (cache hit)
1557 silly packumentCache full:https://registry.npmjs.org/@types%2fyargs-parser set size:42751 disposed:false
1558 http cache https://registry.npmjs.org/@sinclair%2ftypebox 15ms (cache hit)
1559 silly packumentCache full:https://registry.npmjs.org/@sinclair%2ftypebox set size:1181871 disposed:false
1560 http cache https://registry.npmjs.org/@types%2fistanbul-lib-report 21ms (cache hit)
1561 silly packumentCache full:https://registry.npmjs.org/@types%2fistanbul-lib-report set size:12674 disposed:false
1562 silly placeDep ROOT @sinclair/typebox@0.27.10 OK for: @jest/schemas@29.6.3 want: ^0.27.8
1563 silly placeDep ROOT @types/istanbul-lib-report@3.0.3 OK for: @types/istanbul-reports@3.0.4 want: *
1564 silly placeDep ROOT @types/yargs-parser@21.0.3 OK for: @types/yargs@17.0.35 want: *
1565 silly placeDep ROOT exponential-backoff@3.1.3 OK for: metro-cache@0.84.4 want: ^3.1.1
1566 silly placeDep ROOT https-proxy-agent@7.0.6 OK for: metro-cache@0.84.4 want: ^7.0.5
1567 silly fetch manifest agent-base@^7.1.2
1568 silly packumentCache full:https://registry.npmjs.org/agent-base cache-miss
1569 http cache https://registry.npmjs.org/agent-base 8ms (cache hit)
1570 silly packumentCache full:https://registry.npmjs.org/agent-base set size:72085 disposed:false
1571 silly placeDep ROOT agent-base@7.1.4 OK for: https-proxy-agent@7.0.6 want: ^7.1.2
1572 silly placeDep ROOT jest-validate@29.7.0 OK for: metro-config@0.84.4 want: ^29.7.0
1573 silly placeDep ROOT yaml@2.9.0 OK for: metro-config@0.84.4 want: ^2.6.1
1574 silly fetch manifest leven@^3.1.0
1575 silly packumentCache full:https://registry.npmjs.org/leven cache-miss
1576 silly fetch manifest camelcase@^6.2.0
1577 silly packumentCache full:https://registry.npmjs.org/camelcase cache-miss
1578 silly fetch manifest jest-get-type@^29.6.3
1579 silly packumentCache full:https://registry.npmjs.org/jest-get-type cache-miss
1580 http cache https://registry.npmjs.org/camelcase 12ms (cache hit)
1581 silly packumentCache full:https://registry.npmjs.org/camelcase set size:60255 disposed:false
1582 http cache https://registry.npmjs.org/leven 13ms (cache hit)
1583 silly packumentCache full:https://registry.npmjs.org/leven set size:23210 disposed:false
1584 http cache https://registry.npmjs.org/jest-get-type 14ms (cache hit)
1585 silly packumentCache full:https://registry.npmjs.org/jest-get-type set size:201170 disposed:false
1586 silly placeDep ROOT camelcase@6.3.0 OK for: jest-validate@29.7.0 want: ^6.2.0
1587 silly placeDep ROOT jest-get-type@29.6.3 OK for: jest-validate@29.7.0 want: ^29.6.3
1588 silly placeDep ROOT leven@3.1.0 OK for: jest-validate@29.7.0 want: ^3.1.0
1589 silly placeDep ROOT fb-watchman@2.0.2 OK for: metro-file-map@0.84.4 want: ^2.0.0
1590 silly placeDep ROOT micromatch@4.0.8 OK for: metro-file-map@0.84.4 want: ^4.0.4
1591 silly placeDep ROOT walker@1.0.8 OK for: metro-file-map@0.84.4 want: ^1.0.7
1592 silly fetch manifest bser@2.1.1
1593 silly packumentCache full:https://registry.npmjs.org/bser cache-miss
1594 silly fetch manifest braces@^3.0.3
1595 silly packumentCache full:https://registry.npmjs.org/braces cache-miss
1596 silly fetch manifest makeerror@1.0.12
1597 silly packumentCache full:https://registry.npmjs.org/makeerror cache-miss
1598 http cache https://registry.npmjs.org/makeerror 14ms (cache hit)
1599 silly packumentCache full:https://registry.npmjs.org/makeerror set size:16681 disposed:false
1600 http cache https://registry.npmjs.org/bser 15ms (cache hit)
1601 silly packumentCache full:https://registry.npmjs.org/bser set size:14158 disposed:false
1602 http cache https://registry.npmjs.org/braces 16ms (cache hit)
1603 silly packumentCache full:https://registry.npmjs.org/braces set size:114529 disposed:false
1604 silly placeDep ROOT bser@2.1.1 OK for: fb-watchman@2.0.2 want: 2.1.1
1605 silly fetch manifest node-int64@^0.4.0
1606 silly packumentCache full:https://registry.npmjs.org/node-int64 cache-miss
1607 http cache https://registry.npmjs.org/node-int64 11ms (cache hit)
1608 silly packumentCache full:https://registry.npmjs.org/node-int64 set size:11660 disposed:false
1609 silly placeDep ROOT node-int64@0.4.0 OK for: bser@2.1.1 want: ^0.4.0
1610 silly placeDep ROOT terser@5.49.0 OK for: metro-minify-terser@0.84.4 want: ^5.15.0
1611 silly fetch manifest @jridgewell/source-map@^0.3.3
1612 silly packumentCache full:https://registry.npmjs.org/@jridgewell%2fsource-map cache-miss
1613 silly fetch manifest acorn@^8.15.0
1614 silly packumentCache full:https://registry.npmjs.org/acorn cache-miss
1615 silly fetch manifest commander@^2.20.0
1616 silly packumentCache full:https://registry.npmjs.org/commander cache-hit
1617 silly fetch manifest source-map-support@~0.5.20
1618 silly packumentCache full:https://registry.npmjs.org/source-map-support cache-miss
1619 http cache https://registry.npmjs.org/@jridgewell%2fsource-map 10ms (cache hit)
1620 silly packumentCache full:https://registry.npmjs.org/@jridgewell%2fsource-map set size:45204 disposed:false
1621 http cache https://registry.npmjs.org/source-map-support 10ms (cache hit)
1622 silly packumentCache full:https://registry.npmjs.org/source-map-support set size:125488 disposed:false
1623 http cache https://registry.npmjs.org/acorn 14ms (cache hit)
1624 silly packumentCache full:https://registry.npmjs.org/acorn set size:381366 disposed:false
1625 silly placeDep ROOT ob1@0.84.4 OK for: metro-source-map@0.84.4 want: 0.84.4
1626 silly placeDep ROOT vlq@1.0.1 OK for: metro-source-map@0.84.4 want: ^1.0.0
1627 silly placeDep ROOT braces@3.0.3 OK for: micromatch@4.0.8 want: ^3.0.3
1628 silly fetch manifest fill-range@^7.1.1
1629 silly packumentCache full:https://registry.npmjs.org/fill-range cache-miss
1630 http cache https://registry.npmjs.org/fill-range 6ms (cache hit)
1631 silly packumentCache full:https://registry.npmjs.org/fill-range set size:90162 disposed:false
1632 silly placeDep ROOT fill-range@7.1.1 OK for: braces@3.0.3 want: ^7.1.1
1633 silly fetch manifest to-regex-range@^5.0.1
1634 silly packumentCache full:https://registry.npmjs.org/to-regex-range cache-miss
1635 http cache https://registry.npmjs.org/to-regex-range 9ms (cache hit)
1636 silly packumentCache full:https://registry.npmjs.org/to-regex-range set size:61569 disposed:false
1637 silly placeDep ROOT to-regex-range@5.0.1 OK for: fill-range@7.1.1 want: ^5.0.1
1638 silly fetch manifest is-number@^7.0.0
1639 silly packumentCache full:https://registry.npmjs.org/is-number cache-miss
1640 http cache https://registry.npmjs.org/is-number 10ms (cache hit)
1641 silly packumentCache full:https://registry.npmjs.org/is-number set size:36183 disposed:false
1642 silly placeDep ROOT mime-db@1.54.0 OK for: mime-types@3.0.2 want: ^1.54.0
1643 silly placeDep ROOT brace-expansion@5.0.7 OK for: minimatch@10.2.5 want: ^5.0.5
1644 silly fetch manifest balanced-match@^4.0.2
1645 silly packumentCache full:https://registry.npmjs.org/balanced-match cache-miss
1646 http cache https://registry.npmjs.org/balanced-match 12ms (cache hit)
1647 silly packumentCache full:https://registry.npmjs.org/balanced-match set size:39082 disposed:false
1648 silly placeDep ROOT balanced-match@4.0.4 OK for: brace-expansion@5.0.7 want: ^4.0.2
1649 silly placeDep ROOT ee-first@1.1.1 OK for: on-finished@2.3.0 want: 1.1.1
1650 silly placeDep node_modules/path-scurry lru-cache@11.5.2 OK for: path-scurry@2.0.2 want: ^11.0.0
1651 silly placeDep node_modules/pretty-format ansi-styles@5.2.0 OK for: pretty-format@29.7.0 want: ^5.0.0
1652 silly placeDep ROOT react-is@18.3.1 OK for: pretty-format@29.7.0 want: ^18.0.0
1653 silly placeDep ROOT inherits@2.0.4 OK for: queue@6.0.2 want: ~2.0.3
1654 silly fetch manifest react@^19.2.3
1655 silly packumentCache full:https://registry.npmjs.org/react cache-miss
1656 http cache https://registry.npmjs.org/react 32ms (cache hit)
1657 silly packumentCache full:https://registry.npmjs.org/react set size:6796788 disposed:false
1658 silly fetch manifest @react-native-community/cli@*
1659 silly packumentCache full:https://registry.npmjs.org/@react-native-community%2fcli cache-miss
1660 http cache https://registry.npmjs.org/@react-native-community%2fcli 29ms (cache hit)
1661 silly packumentCache full:https://registry.npmjs.org/@react-native-community%2fcli set size:1038784 disposed:false
1662 silly fetch manifest @react-native/metro-config@0.86.0
1663 silly packumentCache full:https://registry.npmjs.org/@react-native%2fmetro-config cache-miss
1664 http cache https://registry.npmjs.org/@react-native%2fmetro-config 43ms (cache hit)
1665 silly packumentCache full:https://registry.npmjs.org/@react-native%2fmetro-config set size:2287267 disposed:false
1666 silly placeDep ROOT @react-native/assets-registry@0.86.0 OK for: react-native@0.86.0 want: 0.86.0
1667 silly placeDep ROOT @react-native/codegen@0.86.0 OK for: react-native@0.86.0 want: 0.86.0
1668 silly placeDep ROOT @react-native/community-cli-plugin@0.86.0 OK for: react-native@0.86.0 want: 0.86.0
1669 silly placeDep ROOT @react-native/gradle-plugin@0.86.0 OK for: react-native@0.86.0 want: 0.86.0
1670 silly placeDep ROOT @react-native/js-polyfills@0.86.0 OK for: react-native@0.86.0 want: 0.86.0
1671 silly placeDep ROOT @react-native/normalize-colors@0.86.0 OK for: react-native@0.86.0 want: 0.86.0
1672 silly placeDep ROOT @react-native/virtualized-lists@0.86.0 OK for: react-native@0.86.0 want: 0.86.0
1673 silly placeDep ROOT abort-controller@3.0.0 OK for: react-native@0.86.0 want: ^3.0.0
1674 silly placeDep ROOT anser@1.4.10 OK for: react-native@0.86.0 want: ^1.4.9
1675 silly placeDep ROOT ansi-regex@5.0.1 OK for: react-native@0.86.0 want: ^5.0.0
1676 silly placeDep ROOT babel-plugin-syntax-hermes-parser@0.36.0 OK for: react-native@0.86.0 want: 0.36.0
1677 silly placeDep node_modules/react-native commander@12.1.0 OK for: react-native@0.86.0 want: ^12.0.0
1678 silly placeDep ROOT hermes-compiler@250829098.0.14 OK for: react-native@0.86.0 want: 250829098.0.14
1679 silly placeDep ROOT memoize-one@5.2.1 OK for: react-native@0.86.0 want: ^5.0.0
1680 silly placeDep ROOT promise@8.3.0 OK for: react-native@0.86.0 want: ^8.3.0
1681 silly placeDep ROOT react-devtools-core@6.1.5 OK for: react-native@0.86.0 want: ^6.1.5
1682 silly placeDep ROOT regenerator-runtime@0.13.11 OK for: react-native@0.86.0 want: ^0.13.2
1683 silly placeDep ROOT scheduler@0.27.0 OK for: react-native@0.86.0 want: 0.27.0
1684 silly placeDep ROOT stacktrace-parser@0.1.11 OK for: react-native@0.86.0 want: ^0.1.10
1685 silly placeDep ROOT tinyglobby@0.2.17 OK for: react-native@0.86.0 want: ^0.2.15
1686 silly placeDep ROOT whatwg-fetch@3.6.20 OK for: react-native@0.86.0 want: ^3.0.0
1687 silly fetch manifest hermes-parser@0.36.0
1688 silly packumentCache full:https://registry.npmjs.org/hermes-parser cache-hit
1689 silly fetch manifest event-target-shim@^5.0.0
1690 silly packumentCache full:https://registry.npmjs.org/event-target-shim cache-miss
1691 silly fetch manifest hermes-parser@0.36.0
1692 silly packumentCache full:https://registry.npmjs.org/hermes-parser cache-hit
1693 silly fetch manifest asap@~2.0.6
1694 silly packumentCache full:https://registry.npmjs.org/asap cache-miss
1695 silly fetch manifest shell-quote@^1.6.1
1696 silly packumentCache full:https://registry.npmjs.org/shell-quote cache-miss
1697 silly fetch manifest type-fest@^0.7.1
1698 silly packumentCache full:https://registry.npmjs.org/type-fest cache-miss
1699 silly fetch manifest fdir@^6.5.0
1700 silly packumentCache full:https://registry.npmjs.org/fdir cache-miss
1701 http cache https://registry.npmjs.org/asap 23ms (cache hit)
1702 silly packumentCache full:https://registry.npmjs.org/asap set size:30968 disposed:false
1703 http cache https://registry.npmjs.org/event-target-shim 25ms (cache hit)
1704 silly packumentCache full:https://registry.npmjs.org/event-target-shim set size:103601 disposed:false
1705 http cache https://registry.npmjs.org/type-fest 26ms (cache hit)
1706 silly packumentCache full:https://registry.npmjs.org/type-fest set size:566201 disposed:false
1707 http cache https://registry.npmjs.org/shell-quote 32ms (cache hit)
1708 silly packumentCache full:https://registry.npmjs.org/shell-quote set size:72517 disposed:false
1709 http cache https://registry.npmjs.org/fdir 32ms (cache hit)
1710 silly packumentCache full:https://registry.npmjs.org/fdir set size:136182 disposed:false
1711 silly placeDep node_modules/@react-native/codegen hermes-parser@0.36.0 OK for: @react-native/codegen@0.86.0 want: 0.36.0
1712 silly fetch manifest hermes-estree@0.36.0
1713 silly packumentCache full:https://registry.npmjs.org/hermes-estree cache-hit
1714 silly placeDep ROOT @react-native/dev-middleware@0.86.0 OK for: @react-native/community-cli-plugin@0.86.0 want: 0.86.0
1715 silly fetch manifest open@^7.0.3
1716 silly packumentCache full:https://registry.npmjs.org/open cache-miss
1717 silly fetch manifest serve-static@^1.16.2
1718 silly packumentCache full:https://registry.npmjs.org/serve-static cache-miss
1719 silly fetch manifest chrome-launcher@^0.15.2
1720 silly packumentCache full:https://registry.npmjs.org/chrome-launcher cache-miss
1721 silly fetch manifest @isaacs/ttlcache@^1.4.1
1722 silly packumentCache full:https://registry.npmjs.org/@isaacs%2fttlcache cache-miss
1723 silly fetch manifest chromium-edge-launcher@^0.3.0
1724 silly packumentCache full:https://registry.npmjs.org/chromium-edge-launcher cache-miss
1725 silly fetch manifest @react-native/debugger-shell@0.86.0
1726 silly packumentCache full:https://registry.npmjs.org/@react-native%2fdebugger-shell cache-miss
1727 silly fetch manifest @react-native/debugger-frontend@0.86.0
1728 silly packumentCache full:https://registry.npmjs.org/@react-native%2fdebugger-frontend cache-miss
1729 http cache https://registry.npmjs.org/serve-static 56ms (cache hit)
1730 silly packumentCache full:https://registry.npmjs.org/serve-static set size:150391 disposed:false
1731 http cache https://registry.npmjs.org/@isaacs%2fttlcache 58ms (cache hit)
1732 silly packumentCache full:https://registry.npmjs.org/@isaacs%2fttlcache set size:65208 disposed:false
1733 http cache https://registry.npmjs.org/open 60ms (cache hit)
1734 silly packumentCache full:https://registry.npmjs.org/open set size:136392 disposed:false
1735 http cache https://registry.npmjs.org/chrome-launcher 61ms (cache hit)
1736 silly packumentCache full:https://registry.npmjs.org/chrome-launcher set size:131779 disposed:false
1737 http cache https://registry.npmjs.org/@react-native%2fdebugger-shell 63ms (cache hit)
1738 silly packumentCache full:https://registry.npmjs.org/@react-native%2fdebugger-shell set size:918727 disposed:false
1739 http cache https://registry.npmjs.org/chromium-edge-launcher 66ms (cache hit)
1740 silly packumentCache full:https://registry.npmjs.org/chromium-edge-launcher set size:72314 disposed:false
1741 http cache https://registry.npmjs.org/@react-native%2fdebugger-frontend 66ms (cache hit)
1742 silly packumentCache full:https://registry.npmjs.org/@react-native%2fdebugger-frontend set size:1998582 disposed:false
1743 silly placeDep ROOT @isaacs/ttlcache@1.4.1 OK for: @react-native/dev-middleware@0.86.0 want: ^1.4.1
1744 silly placeDep ROOT @react-native/debugger-frontend@0.86.0 OK for: @react-native/dev-middleware@0.86.0 want: 0.86.0
1745 silly placeDep ROOT @react-native/debugger-shell@0.86.0 OK for: @react-native/dev-middleware@0.86.0 want: 0.86.0
1746 silly placeDep ROOT chrome-launcher@0.15.2 OK for: @react-native/dev-middleware@0.86.0 want: ^0.15.2
1747 silly placeDep ROOT chromium-edge-launcher@0.3.0 OK for: @react-native/dev-middleware@0.86.0 want: ^0.3.0
1748 silly placeDep ROOT open@7.4.2 OK for: @react-native/dev-middleware@0.86.0 want: ^7.0.3
1749 silly placeDep ROOT serve-static@1.16.3 OK for: @react-native/dev-middleware@0.86.0 want: ^1.16.2
1750 silly fetch manifest fb-dotslash@0.5.8
1751 silly packumentCache full:https://registry.npmjs.org/fb-dotslash cache-miss
1752 silly fetch manifest is-wsl@^2.2.0
1753 silly packumentCache full:https://registry.npmjs.org/is-wsl cache-miss
1754 silly fetch manifest lighthouse-logger@^1.0.0
1755 silly packumentCache full:https://registry.npmjs.org/lighthouse-logger cache-miss
1756 silly fetch manifest escape-string-regexp@^4.0.0
1757 silly packumentCache full:https://registry.npmjs.org/escape-string-regexp cache-miss
1758 silly fetch manifest is-wsl@^2.2.0
1759 silly packumentCache full:https://registry.npmjs.org/is-wsl cache-miss
1760 silly fetch manifest mkdirp@^1.0.4
1761 silly packumentCache full:https://registry.npmjs.org/mkdirp cache-miss
1762 silly fetch manifest lighthouse-logger@^1.0.0
1763 silly packumentCache full:https://registry.npmjs.org/lighthouse-logger cache-miss
1764 http cache https://registry.npmjs.org/fb-dotslash 24ms (cache hit)
1765 silly packumentCache full:https://registry.npmjs.org/fb-dotslash set size:8646 disposed:false
1766 silly fetch manifest escape-string-regexp@^4.0.0
1767 silly packumentCache full:https://registry.npmjs.org/escape-string-regexp cache-miss
1768 http cache https://registry.npmjs.org/is-wsl 25ms (cache hit)
1769 silly packumentCache full:https://registry.npmjs.org/is-wsl set size:20683 disposed:false
1770 silly fetch manifest is-wsl@^2.1.1
1771 silly packumentCache full:https://registry.npmjs.org/is-wsl cache-hit
1772 silly fetch manifest is-docker@^2.0.0
1773 silly packumentCache full:https://registry.npmjs.org/is-docker cache-miss
1774 http cache https://registry.npmjs.org/mkdirp 23ms (cache hit)
1775 silly packumentCache full:https://registry.npmjs.org/mkdirp set size:116431 disposed:false
1776 silly fetch manifest send@~0.19.1
1777 silly packumentCache full:https://registry.npmjs.org/send cache-hit
1778 silly fetch manifest encodeurl@~2.0.0
1779 silly packumentCache full:https://registry.npmjs.org/encodeurl cache-hit
1780 http cache https://registry.npmjs.org/escape-string-regexp 27ms (cache hit)
1781 silly packumentCache full:https://registry.npmjs.org/escape-string-regexp set size:22244 disposed:false
1782 http cache https://registry.npmjs.org/lighthouse-logger 26ms (cache hit)
1783 silly packumentCache full:https://registry.npmjs.org/lighthouse-logger set size:19412 disposed:false
1784 http cache https://registry.npmjs.org/is-wsl 29ms (cache hit)
1785 silly packumentCache full:https://registry.npmjs.org/is-wsl set size:20683 disposed:false
1786 silly packumentCache full:https://registry.npmjs.org/is-wsl dispose
1787 http cache https://registry.npmjs.org/lighthouse-logger 30ms (cache hit)
1788 silly packumentCache full:https://registry.npmjs.org/lighthouse-logger set size:19412 disposed:false
1789 silly packumentCache full:https://registry.npmjs.org/lighthouse-logger dispose
1790 http cache https://registry.npmjs.org/escape-string-regexp 14ms (cache hit)
1791 silly packumentCache full:https://registry.npmjs.org/escape-string-regexp set size:22244 disposed:false
1792 silly packumentCache full:https://registry.npmjs.org/escape-string-regexp dispose
1793 http cache https://registry.npmjs.org/is-docker 13ms (cache hit)
1794 silly packumentCache full:https://registry.npmjs.org/is-docker set size:23690 disposed:false
1795 silly placeDep node_modules/@react-native/debugger-shell fb-dotslash@0.5.8 OK for: @react-native/debugger-shell@0.86.0 want: 0.5.8
1796 silly placeDep ROOT event-target-shim@5.0.1 OK for: abort-controller@3.0.0 want: ^5.0.0
1797 silly placeDep node_modules/babel-plugin-syntax-hermes-parser hermes-parser@0.36.0 OK for: babel-plugin-syntax-hermes-parser@0.36.0 want: 0.36.0
1798 silly placeDep ROOT escape-string-regexp@4.0.0 OK for: chrome-launcher@0.15.2 want: ^4.0.0
1799 silly placeDep ROOT is-wsl@2.2.0 OK for: chrome-launcher@0.15.2 want: ^2.2.0
1800 silly placeDep ROOT lighthouse-logger@1.4.2 OK for: chrome-launcher@0.15.2 want: ^1.0.0
1801 silly fetch manifest debug@^2.6.9
1802 silly packumentCache full:https://registry.npmjs.org/debug cache-hit
1803 silly fetch manifest marky@^1.2.2
1804 silly packumentCache full:https://registry.npmjs.org/marky cache-miss
1805 http cache https://registry.npmjs.org/marky 5ms (cache hit)
1806 silly packumentCache full:https://registry.npmjs.org/marky set size:45300 disposed:false
1807 silly placeDep ROOT mkdirp@1.0.4 OK for: chromium-edge-launcher@0.3.0 want: ^1.0.4
1808 silly placeDep ROOT is-docker@2.2.1 OK for: is-wsl@2.2.0 want: ^2.0.0
1809 silly placeDep node_modules/lighthouse-logger debug@2.6.9 OK for: lighthouse-logger@1.4.2 want: ^2.6.9
1810 silly placeDep ROOT marky@1.3.0 OK for: lighthouse-logger@1.4.2 want: ^1.2.2
1811 silly placeDep ROOT asap@2.0.6 OK for: promise@8.3.0 want: ~2.0.6
1812 silly placeDep ROOT shell-quote@1.10.0 OK for: react-devtools-core@6.1.5 want: ^1.6.1
1813 silly placeDep node_modules/serve-static encodeurl@2.0.0 OK for: serve-static@1.16.3 want: ~2.0.0
1814 silly placeDep ROOT send@0.19.2 OK for: serve-static@1.16.3 want: ~0.19.1
1815 silly fetch manifest depd@2.0.0
1816 silly packumentCache full:https://registry.npmjs.org/depd cache-miss
1817 silly fetch manifest etag@~1.8.1
1818 silly packumentCache full:https://registry.npmjs.org/etag cache-miss
1819 silly fetch manifest mime@1.6.0
1820 silly packumentCache full:https://registry.npmjs.org/mime cache-miss
1821 silly fetch manifest fresh@~0.5.2
1822 silly packumentCache full:https://registry.npmjs.org/fresh cache-miss
1823 silly fetch manifest destroy@1.2.0
1824 silly packumentCache full:https://registry.npmjs.org/destroy cache-miss
1825 silly fetch manifest statuses@~2.0.2
1826 silly packumentCache full:https://registry.npmjs.org/statuses cache-hit
1827 silly fetch manifest http-errors@~2.0.1
1828 silly packumentCache full:https://registry.npmjs.org/http-errors cache-miss
1829 silly fetch manifest on-finished@~2.4.1
1830 silly packumentCache full:https://registry.npmjs.org/on-finished cache-hit
1831 silly fetch manifest range-parser@~1.2.1
1832 silly packumentCache full:https://registry.npmjs.org/range-parser cache-miss
1833 http cache https://registry.npmjs.org/mime 13ms (cache hit)
1834 silly packumentCache full:https://registry.npmjs.org/mime set size:119236 disposed:false
1835 http cache https://registry.npmjs.org/etag 19ms (cache hit)
1836 silly packumentCache full:https://registry.npmjs.org/etag set size:30032 disposed:false
1837 http cache https://registry.npmjs.org/http-errors 15ms (cache hit)
1838 silly packumentCache full:https://registry.npmjs.org/http-errors set size:71987 disposed:false
1839 http cache https://registry.npmjs.org/depd 26ms (cache hit)
1840 silly packumentCache full:https://registry.npmjs.org/depd set size:40182 disposed:false
1841 http cache https://registry.npmjs.org/range-parser 16ms (cache hit)
1842 silly packumentCache full:https://registry.npmjs.org/range-parser set size:24852 disposed:false
1843 http cache https://registry.npmjs.org/destroy 19ms (cache hit)
1844 silly packumentCache full:https://registry.npmjs.org/destroy set size:15738 disposed:false
1845 http cache https://registry.npmjs.org/fresh 19ms (cache hit)
1846 silly packumentCache full:https://registry.npmjs.org/fresh set size:25427 disposed:false
1847 silly placeDep node_modules/send debug@2.6.9 OK for: send@0.19.2 want: 2.6.9
1848 silly placeDep ROOT depd@2.0.0 OK for: send@0.19.2 want: 2.0.0
1849 silly placeDep ROOT destroy@1.2.0 OK for: send@0.19.2 want: 1.2.0
1850 silly placeDep node_modules/send encodeurl@2.0.0 OK for: send@0.19.2 want: ~2.0.0
1851 silly placeDep ROOT etag@1.8.1 OK for: send@0.19.2 want: ~1.8.1
1852 silly placeDep ROOT fresh@0.5.2 OK for: send@0.19.2 want: ~0.5.2
1853 silly placeDep ROOT http-errors@2.0.1 OK for: send@0.19.2 want: ~2.0.1
1854 silly placeDep ROOT mime@1.6.0 OK for: send@0.19.2 want: 1.6.0
1855 silly placeDep node_modules/send on-finished@2.4.1 OK for: send@0.19.2 want: ~2.4.1
1856 silly placeDep ROOT range-parser@1.2.1 OK for: send@0.19.2 want: ~1.2.1
1857 silly placeDep node_modules/send statuses@2.0.2 OK for: send@0.19.2 want: ~2.0.2
1858 silly fetch manifest setprototypeof@~1.2.0
1859 silly packumentCache full:https://registry.npmjs.org/setprototypeof cache-miss
1860 silly fetch manifest toidentifier@~1.0.1
1861 silly packumentCache full:https://registry.npmjs.org/toidentifier cache-miss
1862 http cache https://registry.npmjs.org/setprototypeof 7ms (cache hit)
1863 silly packumentCache full:https://registry.npmjs.org/setprototypeof set size:14532 disposed:false
1864 http cache https://registry.npmjs.org/toidentifier 8ms (cache hit)
1865 silly packumentCache full:https://registry.npmjs.org/toidentifier set size:12006 disposed:false
1866 silly placeDep ROOT setprototypeof@1.2.0 OK for: http-errors@2.0.1 want: ~1.2.0
1867 silly placeDep node_modules/http-errors statuses@2.0.2 OK for: http-errors@2.0.1 want: ~2.0.2
1868 silly placeDep ROOT toidentifier@1.0.1 OK for: http-errors@2.0.1 want: ~1.0.1
1869 silly placeDep ROOT shebang-regex@3.0.0 OK for: shebang-command@2.0.0 want: ^3.0.0
1870 silly placeDep ROOT type-fest@0.7.1 OK for: stacktrace-parser@0.1.11 want: ^0.7.1
1871 silly placeDep ROOT has-flag@4.0.0 OK for: supports-color@7.2.0 want: ^4.0.0
1872 silly placeDep ROOT @jridgewell/source-map@0.3.11 OK for: terser@5.49.0 want: ^0.3.3
1873 silly placeDep ROOT acorn@8.17.0 OK for: terser@5.49.0 want: ^8.15.0
1874 silly placeDep node_modules/terser commander@2.20.3 OK for: terser@5.49.0 want: ^2.20.0
1875 silly placeDep ROOT source-map-support@0.5.21 OK for: terser@5.49.0 want: ~0.5.20
1876 silly fetch manifest buffer-from@^1.0.0
1877 silly packumentCache full:https://registry.npmjs.org/buffer-from cache-miss
1878 silly fetch manifest source-map@^0.6.0
1879 silly packumentCache full:https://registry.npmjs.org/source-map cache-hit
1880 http cache https://registry.npmjs.org/buffer-from 25ms (cache hit)
1881 silly packumentCache full:https://registry.npmjs.org/buffer-from set size:15463 disposed:false
1882 silly placeDep ROOT buffer-from@1.1.2 OK for: source-map-support@0.5.21 want: ^1.0.0
1883 silly placeDep node_modules/source-map-support source-map@0.6.1 OK for: source-map-support@0.5.21 want: ^0.6.0
1884 silly placeDep node_modules/tinyglobby fdir@6.5.0 OK for: tinyglobby@0.2.17 want: ^6.5.0
1885 silly placeDep node_modules/tinyglobby picomatch@4.0.5 OK for: fdir@6.5.0 want: ^3 || ^4
1886 silly placeDep ROOT is-number@7.0.0 OK for: to-regex-range@5.0.1 want: ^7.0.0
1887 silly placeDep ROOT escalade@3.2.0 OK for: update-browserslist-db@1.2.3 want: ^3.2.0
1888 silly placeDep ROOT makeerror@1.0.12 OK for: walker@1.0.8 want: 1.0.12
1889 silly fetch manifest tmpl@1.0.5
1890 silly packumentCache full:https://registry.npmjs.org/tmpl cache-miss
1891 http cache https://registry.npmjs.org/tmpl 18ms (cache hit)
1892 silly packumentCache full:https://registry.npmjs.org/tmpl set size:7979 disposed:false
1893 silly placeDep ROOT tmpl@1.0.5 OK for: makeerror@1.0.12 want: 1.0.5
1894 silly placeDep ROOT isexe@2.0.0 OK for: which@2.0.2 want: ^2.0.0
1895 silly placeDep ROOT simple-plist@1.3.1 OK for: xcode@3.0.1 want: ^1.1.0
1896 silly placeDep ROOT uuid@7.0.3 OK for: xcode@3.0.1 want: ^7.0.3
1897 silly fetch manifest bplist-parser@0.3.1
1898 silly packumentCache full:https://registry.npmjs.org/bplist-parser cache-hit
1899 silly fetch manifest plist@^3.0.5
1900 silly packumentCache full:https://registry.npmjs.org/plist cache-miss
1901 http cache https://registry.npmjs.org/plist 20ms (cache hit)
1902 silly packumentCache full:https://registry.npmjs.org/plist set size:60755 disposed:false
1903 silly placeDep ROOT bplist-creator@0.1.0 OK for: simple-plist@1.3.1 want: 0.1.0
1904 silly placeDep ROOT bplist-parser@0.3.1 OK for: simple-plist@1.3.1 want: 0.3.1
1905 silly placeDep ROOT plist@3.1.1 OK for: simple-plist@1.3.1 want: ^3.0.5
1906 silly fetch manifest stream-buffers@2.2.x
1907 silly packumentCache full:https://registry.npmjs.org/stream-buffers cache-miss
1908 silly fetch manifest big-integer@1.6.x
1909 silly packumentCache full:https://registry.npmjs.org/big-integer cache-miss
1910 silly fetch manifest @xmldom/xmldom@^0.9.10
1911 silly packumentCache full:https://registry.npmjs.org/@xmldom%2fxmldom cache-hit
1912 http cache https://registry.npmjs.org/stream-buffers 51ms (cache hit)
1913 silly packumentCache full:https://registry.npmjs.org/stream-buffers set size:32945 disposed:false
1914 http cache https://registry.npmjs.org/big-integer 62ms (cache hit)
1915 silly packumentCache full:https://registry.npmjs.org/big-integer set size:205433 disposed:false
1916 silly placeDep ROOT stream-buffers@2.2.0 OK for: bplist-creator@0.1.0 want: 2.2.x
1917 silly placeDep ROOT big-integer@1.6.52 OK for: bplist-parser@0.3.1 want: 1.6.x
1918 silly placeDep node_modules/plist @xmldom/xmldom@0.9.10 OK for: plist@3.1.1 want: ^0.9.10
1919 silly placeDep ROOT sax@1.6.0 OK for: xml2js@0.6.0 want: >=0.6.0
1920 silly placeDep node_modules/xml2js xmlbuilder@11.0.1 OK for: xml2js@0.6.0 want: ~11.0.0
1921 silly placeDep ROOT cliui@8.0.1 OK for: yargs@17.7.3 want: ^8.0.1
1922 silly placeDep ROOT get-caller-file@2.0.5 OK for: yargs@17.7.3 want: ^2.0.5
1923 silly placeDep ROOT require-directory@2.1.1 OK for: yargs@17.7.3 want: ^2.1.1
1924 silly placeDep ROOT string-width@4.2.3 OK for: yargs@17.7.3 want: ^4.2.3
1925 silly placeDep ROOT y18n@5.0.8 OK for: yargs@17.7.3 want: ^5.0.5
1926 silly placeDep ROOT yargs-parser@21.1.1 OK for: yargs@17.7.3 want: ^21.1.1
1927 silly fetch manifest strip-ansi@^6.0.1
1928 silly packumentCache full:https://registry.npmjs.org/strip-ansi cache-miss
1929 silly fetch manifest string-width@^4.2.0
1930 silly packumentCache full:https://registry.npmjs.org/string-width cache-hit
1931 silly fetch manifest strip-ansi@^6.0.1
1932 silly packumentCache full:https://registry.npmjs.org/strip-ansi cache-miss
1933 silly fetch manifest emoji-regex@^8.0.0
1934 silly packumentCache full:https://registry.npmjs.org/emoji-regex cache-miss
1935 silly fetch manifest is-fullwidth-code-point@^3.0.0
1936 silly packumentCache full:https://registry.npmjs.org/is-fullwidth-code-point cache-miss
1937 http cache https://registry.npmjs.org/is-fullwidth-code-point 112ms (cache hit)
1938 silly packumentCache full:https://registry.npmjs.org/is-fullwidth-code-point set size:14578 disposed:false
1939 http cache https://registry.npmjs.org/strip-ansi 114ms (cache hit)
1940 silly packumentCache full:https://registry.npmjs.org/strip-ansi set size:44998 disposed:false
1941 http cache https://registry.npmjs.org/emoji-regex 115ms (cache hit)
1942 silly packumentCache full:https://registry.npmjs.org/emoji-regex set size:89064 disposed:false
1943 http cache https://registry.npmjs.org/strip-ansi 116ms (cache hit)
1944 silly packumentCache full:https://registry.npmjs.org/strip-ansi set size:44998 disposed:false
1945 silly packumentCache full:https://registry.npmjs.org/strip-ansi dispose
1946 silly placeDep ROOT strip-ansi@6.0.1 OK for: cliui@8.0.1 want: ^6.0.1
1947 silly placeDep ROOT wrap-ansi@7.0.0 OK for: cliui@8.0.1 want: ^7.0.0
1948 silly placeDep ROOT emoji-regex@8.0.0 OK for: string-width@4.2.3 want: ^8.0.0
1949 silly placeDep ROOT is-fullwidth-code-point@3.0.0 OK for: string-width@4.2.3 want: ^3.0.0
1950 silly placeDep node_modules/@react-native/codegen hermes-estree@0.36.0 OK for: hermes-parser@0.36.0 want: 0.36.0
1951 silly placeDep node_modules/babel-plugin-syntax-hermes-parser hermes-estree@0.36.0 OK for: hermes-parser@0.36.0 want: 0.36.0
1952 silly placeDep node_modules/connect ms@2.0.0 OK for: debug@2.6.9 want: 2.0.0
1953 silly fetch manifest utf-8-validate@>=5.0.2
1954 silly packumentCache full:https://registry.npmjs.org/utf-8-validate cache-hit
1955 silly fetch manifest @expo/metro-runtime@^57.0.5
1956 silly packumentCache full:https://registry.npmjs.org/@expo%2fmetro-runtime cache-hit
1957 silly fetch manifest expo-constants@^57.0.5
1958 silly packumentCache full:https://registry.npmjs.org/expo-constants cache-miss
1959 http cache https://registry.npmjs.org/expo-constants 26ms (cache hit)
1960 silly packumentCache full:https://registry.npmjs.org/expo-constants set size:1135531 disposed:false
1961 silly fetch manifest expo-font@^57.0.1
1962 silly packumentCache full:https://registry.npmjs.org/expo-font cache-hit
1963 silly placeDep ROOT @expo/code-signing-certificates@0.0.6 OK for: @expo/cli@57.0.8 want: ^0.0.6
1964 silly placeDep ROOT @expo/devcert@1.2.1 OK for: @expo/cli@57.0.8 want: ^1.2.1
1965 silly placeDep ROOT @expo/image-utils@0.11.3 OK for: @expo/cli@57.0.8 want: ^0.11.3
1966 silly placeDep ROOT @expo/inline-modules@0.1.3 OK for: @expo/cli@57.0.8 want: ^0.1.3
1967 silly placeDep ROOT @expo/metro-file-map@57.0.1 OK for: @expo/cli@57.0.8 want: ^57.0.1
1968 silly placeDep ROOT @expo/osascript@2.7.1 OK for: @expo/cli@57.0.8 want: ^2.7.1
1969 silly placeDep ROOT @expo/package-manager@1.13.1 OK for: @expo/cli@57.0.8 want: ^1.13.1
1970 silly placeDep ROOT @expo/prebuild-config@57.0.7 OK for: @expo/cli@57.0.8 want: ^57.0.7
1971 silly placeDep node_modules/expo/node_modules/@expo/cli @expo/router-server@57.0.3 CONFLICT for: @expo/cli@57.0.8 want: ^57.0.3
1972 silly placeDep ROOT expo-server@57.0.1 OK for: @expo/router-server@57.0.3 want: ^57.0.1
1973 silly placeDep ROOT @expo/schema-utils@57.0.2 OK for: @expo/cli@57.0.8 want: ^57.0.2
1974 silly placeDep node_modules/expo @expo/ws-tunnel@2.0.0 OK for: @expo/cli@57.0.8 want: ^2.0.0
1975 silly placeDep node_modules/expo ws@8.21.1 OK for: @expo/ws-tunnel@2.0.0 want: ^8.0.0
1976 silly placeDep ROOT @expo/xcpretty@4.4.4 OK for: @expo/cli@57.0.8 want: ^4.4.4
1977 silly placeDep node_modules/expo accepts@1.3.8 OK for: @expo/cli@57.0.8 want: ^1.3.8
1978 silly placeDep ROOT agent-cli-detector@0.1.2 OK for: @expo/cli@57.0.8 want: ^0.1.2
1979 silly placeDep node_modules/expo ci-info@3.9.0 OK for: @expo/cli@57.0.8 want: ^3.3.0
1980 silly placeDep ROOT compression@1.8.1 OK for: @expo/cli@57.0.8 want: ^1.7.4
1981 silly placeDep ROOT dnssd-advertise@1.1.6 OK for: @expo/cli@57.0.8 want: ^1.1.4
1982 silly placeDep ROOT fetch-nodeshim@0.4.10 OK for: @expo/cli@57.0.8 want: ^0.4.10
1983 silly placeDep ROOT lan-network@0.2.1 OK for: @expo/cli@57.0.8 want: ^0.2.1
1984 silly placeDep ROOT multitars@1.0.0 OK for: @expo/cli@57.0.8 want: ^1.0.0
1985 silly placeDep ROOT node-forge@1.4.0 OK for: @expo/cli@57.0.8 want: ^1.3.3
1986 silly placeDep ROOT npm-package-arg@11.0.3 OK for: @expo/cli@57.0.8 want: ^11.0.0
1987 silly placeDep ROOT ora@3.4.0 OK for: @expo/cli@57.0.8 want: ^3.4.0
1988 silly placeDep node_modules/expo picomatch@4.0.5 OK for: @expo/cli@57.0.8 want: ^4.0.4
1989 silly placeDep ROOT progress@2.0.3 OK for: @expo/cli@57.0.8 want: ^2.0.3
1990 silly placeDep ROOT prompts@2.4.2 OK for: @expo/cli@57.0.8 want: ^2.3.2
1991 silly placeDep ROOT structured-headers@0.4.1 OK for: @expo/cli@57.0.8 want: ^0.4.1
1992 silly placeDep ROOT terminal-link@2.1.1 OK for: @expo/cli@57.0.8 want: ^2.1.1
1993 silly placeDep ROOT toqr@0.1.1 OK for: @expo/cli@57.0.8 want: ^0.1.1
1994 silly placeDep ROOT zod@3.25.76 OK for: @expo/cli@57.0.8 want: ^3.25.76
1995 silly fetch manifest debug@^3.1.0
1996 silly packumentCache full:https://registry.npmjs.org/debug cache-hit
1997 silly fetch manifest @expo/sudo-prompt@^9.3.1
1998 silly packumentCache full:https://registry.npmjs.org/@expo%2fsudo-prompt cache-miss
1999 silly fetch manifest parse-png@^2.1.0
2000 silly packumentCache full:https://registry.npmjs.org/parse-png cache-miss
2001 silly fetch manifest jimp-compact@0.16.1
2002 silly packumentCache full:https://registry.npmjs.org/jimp-compact cache-miss
2003 silly fetch manifest js-yaml@^4.1.0
2004 silly packumentCache full:https://registry.npmjs.org/js-yaml cache-miss
2005 silly fetch manifest mime-types@~2.1.34
2006 silly packumentCache full:https://registry.npmjs.org/mime-types cache-hit
2007 silly fetch manifest negotiator@0.6.3
2008 silly packumentCache full:https://registry.npmjs.org/negotiator cache-hit
2009 silly fetch manifest vary@~1.1.2
2010 silly packumentCache full:https://registry.npmjs.org/vary cache-miss
2011 silly fetch manifest bytes@3.1.2
2012 silly packumentCache full:https://registry.npmjs.org/bytes cache-miss
2013 silly fetch manifest negotiator@~0.6.4
2014 silly packumentCache full:https://registry.npmjs.org/negotiator cache-hit
2015 silly fetch manifest on-headers@~1.1.0
2016 silly packumentCache full:https://registry.npmjs.org/on-headers cache-miss
2017 http cache https://registry.npmjs.org/js-yaml 28ms (cache hit)
2018 silly packumentCache full:https://registry.npmjs.org/js-yaml set size:171743 disposed:false
2019 silly fetch manifest safe-buffer@5.2.1
2020 silly packumentCache full:https://registry.npmjs.org/safe-buffer cache-miss
2021 http cache https://registry.npmjs.org/@expo%2fsudo-prompt 31ms (cache hit)
2022 silly packumentCache full:https://registry.npmjs.org/@expo%2fsudo-prompt set size:8758 disposed:false
2023 silly fetch manifest compressible@~2.0.18
2024 silly packumentCache full:https://registry.npmjs.org/compressible cache-miss
2025 http cache https://registry.npmjs.org/parse-png 32ms (cache hit)
2026 silly packumentCache full:https://registry.npmjs.org/parse-png set size:13026 disposed:false
2027 silly fetch manifest proc-log@^4.0.0
2028 silly packumentCache full:https://registry.npmjs.org/proc-log cache-miss
2029 http cache https://registry.npmjs.org/jimp-compact 33ms (cache hit)
2030 silly packumentCache full:https://registry.npmjs.org/jimp-compact set size:55876 disposed:false
2031 silly fetch manifest hosted-git-info@^7.0.0
2032 silly packumentCache full:https://registry.npmjs.org/hosted-git-info cache-miss
2033 http cache https://registry.npmjs.org/on-headers 22ms (cache hit)
2034 silly packumentCache full:https://registry.npmjs.org/on-headers set size:13226 disposed:false
2035 silly fetch manifest validate-npm-package-name@^5.0.0
2036 silly packumentCache full:https://registry.npmjs.org/validate-npm-package-name cache-miss
2037 http cache https://registry.npmjs.org/vary 28ms (cache hit)
2038 silly packumentCache full:https://registry.npmjs.org/vary set size:15994 disposed:false
2039 silly fetch manifest chalk@^2.4.2
2040 silly packumentCache full:https://registry.npmjs.org/chalk cache-hit
2041 silly fetch manifest wcwidth@^1.0.1
2042 silly packumentCache full:https://registry.npmjs.org/wcwidth cache-miss
2043 http cache https://registry.npmjs.org/bytes 30ms (cache hit)
2044 silly packumentCache full:https://registry.npmjs.org/bytes set size:37018 disposed:false
2045 silly fetch manifest cli-cursor@^2.1.0
2046 silly packumentCache full:https://registry.npmjs.org/cli-cursor cache-miss
2047 http cache https://registry.npmjs.org/proc-log 14ms (cache hit)
2048 silly packumentCache full:https://registry.npmjs.org/proc-log set size:35796 disposed:false
2049 silly fetch manifest strip-ansi@^5.2.0
2050 silly packumentCache full:https://registry.npmjs.org/strip-ansi cache-hit
2051 silly fetch manifest log-symbols@^2.2.0
2052 silly packumentCache full:https://registry.npmjs.org/log-symbols cache-miss
2053 http cache https://registry.npmjs.org/compressible 17ms (cache hit)
2054 silly packumentCache full:https://registry.npmjs.org/compressible set size:61733 disposed:false
2055 silly fetch manifest cli-spinners@^2.0.0
2056 silly packumentCache full:https://registry.npmjs.org/cli-spinners cache-miss
2057 http cache https://registry.npmjs.org/safe-buffer 20ms (cache hit)
2058 silly packumentCache full:https://registry.npmjs.org/safe-buffer set size:41183 disposed:false
2059 silly fetch manifest kleur@^3.0.3
2060 silly packumentCache full:https://registry.npmjs.org/kleur cache-miss
2061 http cache https://registry.npmjs.org/hosted-git-info 19ms (cache hit)
2062 silly packumentCache full:https://registry.npmjs.org/hosted-git-info set size:190140 disposed:false
2063 silly fetch manifest sisteransi@^1.0.5
2064 silly packumentCache full:https://registry.npmjs.org/sisteransi cache-miss
2065 http cache https://registry.npmjs.org/validate-npm-package-name 22ms (cache hit)
2066 silly packumentCache full:https://registry.npmjs.org/validate-npm-package-name set size:51100 disposed:false
2067 silly fetch manifest ansi-escapes@^4.2.1
2068 silly packumentCache full:https://registry.npmjs.org/ansi-escapes cache-miss
2069 http cache https://registry.npmjs.org/wcwidth 20ms (cache hit)
2070 silly packumentCache full:https://registry.npmjs.org/wcwidth set size:5904 disposed:false
2071 silly fetch manifest supports-hyperlinks@^2.0.0
2072 silly packumentCache full:https://registry.npmjs.org/supports-hyperlinks cache-miss
2073 http cache https://registry.npmjs.org/cli-cursor 23ms (cache hit)
2074 silly packumentCache full:https://registry.npmjs.org/cli-cursor set size:18913 disposed:false
2075 http cache https://registry.npmjs.org/cli-spinners 94ms (cache hit)
2076 silly packumentCache full:https://registry.npmjs.org/cli-spinners set size:67473 disposed:false
2077 http cache https://registry.npmjs.org/log-symbols 96ms (cache hit)
2078 silly packumentCache full:https://registry.npmjs.org/log-symbols set size:31977 disposed:false
2079 http cache https://registry.npmjs.org/kleur 94ms (cache hit)
2080 silly packumentCache full:https://registry.npmjs.org/kleur set size:61853 disposed:false
2081 http cache https://registry.npmjs.org/sisteransi 90ms (cache hit)
2082 silly packumentCache full:https://registry.npmjs.org/sisteransi set size:25723 disposed:false
2083 http cache https://registry.npmjs.org/ansi-escapes 91ms (cache hit)
2084 silly packumentCache full:https://registry.npmjs.org/ansi-escapes set size:70915 disposed:false
2085 http cache https://registry.npmjs.org/supports-hyperlinks 88ms (cache hit)
2086 silly packumentCache full:https://registry.npmjs.org/supports-hyperlinks set size:38477 disposed:false
2087 silly placeDep ROOT @expo/sudo-prompt@9.3.2 OK for: @expo/devcert@1.2.1 want: ^9.3.1
2088 silly placeDep node_modules/@expo/devcert debug@3.2.7 OK for: @expo/devcert@1.2.1 want: ^3.1.0
2089 silly placeDep ROOT jimp-compact@0.16.1 OK for: @expo/image-utils@0.11.3 want: 0.16.1
2090 silly placeDep ROOT parse-png@2.1.0 OK for: @expo/image-utils@0.11.3 want: ^2.1.0
2091 silly fetch manifest pngjs@^3.3.0
2092 silly packumentCache full:https://registry.npmjs.org/pngjs cache-miss
2093 http cache https://registry.npmjs.org/pngjs 4ms (cache hit)
2094 silly packumentCache full:https://registry.npmjs.org/pngjs set size:70154 disposed:false
2095 silly placeDep ROOT js-yaml@4.3.0 OK for: @expo/xcpretty@4.4.4 want: ^4.1.0
2096 silly fetch manifest argparse@^2.0.1
2097 silly packumentCache full:https://registry.npmjs.org/argparse cache-miss
2098 http cache https://registry.npmjs.org/argparse 4ms (cache hit)
2099 silly packumentCache full:https://registry.npmjs.org/argparse set size:51348 disposed:false
2100 silly placeDep ROOT bytes@3.1.2 OK for: compression@1.8.1 want: 3.1.2
2101 silly placeDep ROOT compressible@2.0.18 OK for: compression@1.8.1 want: ~2.0.18
2102 silly placeDep node_modules/compression debug@2.6.9 OK for: compression@1.8.1 want: 2.6.9
2103 silly placeDep node_modules/compression negotiator@0.6.4 OK for: compression@1.8.1 want: ~0.6.4
2104 silly placeDep ROOT on-headers@1.1.0 OK for: compression@1.8.1 want: ~1.1.0
2105 silly placeDep ROOT safe-buffer@5.2.1 OK for: compression@1.8.1 want: 5.2.1
2106 silly placeDep ROOT vary@1.1.2 OK for: compression@1.8.1 want: ~1.1.2
2107 silly placeDep ROOT argparse@2.0.1 OK for: js-yaml@4.3.0 want: ^2.0.1
2108 silly placeDep ROOT hosted-git-info@7.0.2 OK for: npm-package-arg@11.0.3 want: ^7.0.0
2109 silly placeDep ROOT proc-log@4.2.0 OK for: npm-package-arg@11.0.3 want: ^4.0.0
2110 silly placeDep ROOT validate-npm-package-name@5.0.1 OK for: npm-package-arg@11.0.3 want: ^5.0.0
2111 silly fetch manifest lru-cache@^10.0.1
2112 silly packumentCache full:https://registry.npmjs.org/lru-cache cache-hit
2113 silly placeDep node_modules/hosted-git-info lru-cache@10.4.3 OK for: hosted-git-info@7.0.2 want: ^10.0.1
2114 silly placeDep node_modules/ora chalk@2.4.2 OK for: ora@3.4.0 want: ^2.4.2
2115 silly placeDep ROOT cli-cursor@2.1.0 OK for: ora@3.4.0 want: ^2.1.0
2116 silly placeDep ROOT cli-spinners@2.9.2 OK for: ora@3.4.0 want: ^2.0.0
2117 silly placeDep ROOT log-symbols@2.2.0 OK for: ora@3.4.0 want: ^2.2.0
2118 silly placeDep node_modules/ora strip-ansi@5.2.0 OK for: ora@3.4.0 want: ^5.2.0
2119 silly placeDep ROOT wcwidth@1.0.1 OK for: ora@3.4.0 want: ^1.0.1
2120 silly fetch manifest ansi-styles@^3.2.1
2121 silly packumentCache full:https://registry.npmjs.org/ansi-styles cache-hit
2122 silly fetch manifest supports-color@^5.3.0
2123 silly packumentCache full:https://registry.npmjs.org/supports-color cache-hit
2124 silly fetch manifest escape-string-regexp@^1.0.5
2125 silly packumentCache full:https://registry.npmjs.org/escape-string-regexp cache-hit
2126 silly fetch manifest restore-cursor@^2.0.0
2127 silly packumentCache full:https://registry.npmjs.org/restore-cursor cache-miss
2128 silly fetch manifest chalk@^2.0.1
2129 silly packumentCache full:https://registry.npmjs.org/chalk cache-hit
2130 silly fetch manifest ansi-regex@^4.1.0
2131 silly packumentCache full:https://registry.npmjs.org/ansi-regex cache-hit
2132 silly fetch manifest defaults@^1.0.3
2133 silly packumentCache full:https://registry.npmjs.org/defaults cache-miss
2134 http cache https://registry.npmjs.org/restore-cursor 57ms (cache hit)
2135 silly packumentCache full:https://registry.npmjs.org/restore-cursor set size:17895 disposed:false
2136 http cache https://registry.npmjs.org/defaults 58ms (cache hit)
2137 silly packumentCache full:https://registry.npmjs.org/defaults set size:18134 disposed:false
2138 silly placeDep ROOT restore-cursor@2.0.0 OK for: cli-cursor@2.1.0 want: ^2.0.0
2139 silly fetch manifest onetime@^2.0.0
2140 silly packumentCache full:https://registry.npmjs.org/onetime cache-miss
2141 silly fetch manifest signal-exit@^3.0.2
2142 silly packumentCache full:https://registry.npmjs.org/signal-exit cache-miss
2143 http cache https://registry.npmjs.org/onetime 33ms (cache hit)
2144 silly packumentCache full:https://registry.npmjs.org/onetime set size:32314 disposed:false
2145 http cache https://registry.npmjs.org/signal-exit 47ms (cache hit)
2146 silly packumentCache full:https://registry.npmjs.org/signal-exit set size:53489 disposed:false
2147 silly placeDep node_modules/log-symbols chalk@2.4.2 OK for: log-symbols@2.2.0 want: ^2.0.1
2148 silly placeDep ROOT pngjs@3.4.0 OK for: parse-png@2.1.0 want: ^3.3.0
2149 silly placeDep ROOT kleur@3.0.3 OK for: prompts@2.4.2 want: ^3.0.3
2150 silly placeDep ROOT sisteransi@1.0.5 OK for: prompts@2.4.2 want: ^1.0.5
2151 silly placeDep ROOT onetime@2.0.1 OK for: restore-cursor@2.0.0 want: ^2.0.0
2152 silly placeDep ROOT signal-exit@3.0.7 OK for: restore-cursor@2.0.0 want: ^3.0.2
2153 silly fetch manifest mimic-fn@^1.0.0
2154 silly packumentCache full:https://registry.npmjs.org/mimic-fn cache-miss
2155 http cache https://registry.npmjs.org/mimic-fn 29ms (cache hit)
2156 silly packumentCache full:https://registry.npmjs.org/mimic-fn set size:22257 disposed:false
2157 silly placeDep ROOT mimic-fn@1.2.0 OK for: onetime@2.0.1 want: ^1.0.0
2158 silly placeDep ROOT ansi-escapes@4.3.2 OK for: terminal-link@2.1.1 want: ^4.2.1
2159 silly placeDep ROOT supports-hyperlinks@2.3.0 OK for: terminal-link@2.1.1 want: ^2.0.0
2160 silly fetch manifest type-fest@^0.21.3
2161 silly packumentCache full:https://registry.npmjs.org/type-fest cache-hit
2162 silly placeDep node_modules/ansi-escapes type-fest@0.21.3 OK for: ansi-escapes@4.3.2 want: ^0.21.3
2163 silly placeDep ROOT defaults@1.0.4 OK for: wcwidth@1.0.1 want: ^1.0.3
2164 silly fetch manifest clone@^1.0.2
2165 silly packumentCache full:https://registry.npmjs.org/clone cache-miss
2166 http cache https://registry.npmjs.org/clone 28ms (cache hit)
2167 silly packumentCache full:https://registry.npmjs.org/clone set size:82973 disposed:false
2168 silly placeDep ROOT clone@1.0.4 OK for: defaults@1.0.4 want: ^1.0.2
2169 silly placeDep node_modules/compression ms@2.0.0 OK for: debug@2.6.9 want: 2.0.0
2170 silly placeDep node_modules/expo hermes-parser@0.36.1 OK for: @expo/metro-config@57.0.5 want: ^0.36.0
2171 silly placeDep ROOT lightningcss@1.32.0 OK for: @expo/metro-config@57.0.5 want: ^1.30.1
2172 silly placeDep ROOT postcss@8.5.19 OK for: @expo/metro-config@57.0.5 want: ^8.5.14
2173 silly fetch manifest hermes-estree@0.36.1
2174 silly packumentCache full:https://registry.npmjs.org/hermes-estree cache-hit
2175 silly fetch manifest detect-libc@^2.0.3
2176 silly packumentCache full:https://registry.npmjs.org/detect-libc cache-miss
2177 silly fetch manifest lightningcss-darwin-x64@1.32.0
2178 silly packumentCache full:https://registry.npmjs.org/lightningcss-darwin-x64 cache-miss
2179 silly fetch manifest lightningcss-linux-x64-gnu@1.32.0
2180 silly packumentCache full:https://registry.npmjs.org/lightningcss-linux-x64-gnu cache-miss
2181 silly fetch manifest lightningcss-win32-x64-msvc@1.32.0
2182 silly packumentCache full:https://registry.npmjs.org/lightningcss-win32-x64-msvc cache-miss
2183 silly fetch manifest lightningcss-win32-arm64-msvc@1.32.0
2184 silly packumentCache full:https://registry.npmjs.org/lightningcss-win32-arm64-msvc cache-miss
2185 silly fetch manifest lightningcss-darwin-arm64@1.32.0
2186 silly packumentCache full:https://registry.npmjs.org/lightningcss-darwin-arm64 cache-miss
2187 silly fetch manifest lightningcss-linux-arm64-gnu@1.32.0
2188 silly packumentCache full:https://registry.npmjs.org/lightningcss-linux-arm64-gnu cache-miss
2189 http cache https://registry.npmjs.org/detect-libc 43ms (cache hit)
2190 silly packumentCache full:https://registry.npmjs.org/detect-libc set size:47861 disposed:false
2191 silly fetch manifest lightningcss-linux-arm-gnueabihf@1.32.0
2192 silly packumentCache full:https://registry.npmjs.org/lightningcss-linux-arm-gnueabihf cache-miss
2193 http cache https://registry.npmjs.org/lightningcss-darwin-x64 45ms (cache hit)
2194 silly packumentCache full:https://registry.npmjs.org/lightningcss-darwin-x64 set size:78694 disposed:false
2195 silly fetch manifest lightningcss-linux-arm64-musl@1.32.0
2196 silly packumentCache full:https://registry.npmjs.org/lightningcss-linux-arm64-musl cache-miss
2197 http cache https://registry.npmjs.org/lightningcss-win32-arm64-msvc 50ms (cache hit)
2198 silly packumentCache full:https://registry.npmjs.org/lightningcss-win32-arm64-msvc set size:26629 disposed:false
2199 silly fetch manifest lightningcss-linux-x64-musl@1.32.0
2200 silly packumentCache full:https://registry.npmjs.org/lightningcss-linux-x64-musl cache-miss
2201 http cache https://registry.npmjs.org/lightningcss-darwin-arm64 61ms (cache hit)
2202 silly packumentCache full:https://registry.npmjs.org/lightningcss-darwin-arm64 set size:79276 disposed:false
2203 silly fetch manifest lightningcss-freebsd-x64@1.32.0
2204 silly packumentCache full:https://registry.npmjs.org/lightningcss-freebsd-x64 cache-miss
2205 http cache https://registry.npmjs.org/lightningcss-linux-x64-gnu 62ms (cache hit)
2206 silly packumentCache full:https://registry.npmjs.org/lightningcss-linux-x64-gnu set size:80105 disposed:false
2207 silly fetch manifest lightningcss-android-arm64@1.32.0
2208 silly packumentCache full:https://registry.npmjs.org/lightningcss-android-arm64 cache-miss
2209 http cache https://registry.npmjs.org/lightningcss-linux-arm64-gnu 61ms (cache hit)
2210 silly packumentCache full:https://registry.npmjs.org/lightningcss-linux-arm64-gnu set size:80669 disposed:false
2211 silly fetch manifest nanoid@^3.3.12
2212 silly packumentCache full:https://registry.npmjs.org/nanoid cache-miss
2213 http cache https://registry.npmjs.org/lightningcss-android-arm64 30ms (cache hit)
2214 silly packumentCache full:https://registry.npmjs.org/lightningcss-android-arm64 set size:7671 disposed:false
2215 silly fetch manifest source-map-js@^1.2.1
2216 silly packumentCache full:https://registry.npmjs.org/source-map-js cache-miss
2217 http cache https://registry.npmjs.org/lightningcss-freebsd-x64 32ms (cache hit)
2218 silly packumentCache full:https://registry.npmjs.org/lightningcss-freebsd-x64 set size:42877 disposed:false
2219 http cache https://registry.npmjs.org/lightningcss-linux-x64-musl 47ms (cache hit)
2220 silly packumentCache full:https://registry.npmjs.org/lightningcss-linux-x64-musl set size:80313 disposed:false
2221 http cache https://registry.npmjs.org/lightningcss-linux-arm64-musl 57ms (cache hit)
2222 silly packumentCache full:https://registry.npmjs.org/lightningcss-linux-arm64-musl set size:80887 disposed:false
2223 http fetch GET 200 https://registry.npmjs.org/lightningcss-win32-x64-msvc 218ms (cache miss)
2224 silly packumentCache full:https://registry.npmjs.org/lightningcss-win32-x64-msvc set size:undefined disposed:false
2225 http fetch GET 200 https://registry.npmjs.org/lightningcss-linux-arm-gnueabihf 730ms (cache miss)
2226 silly packumentCache full:https://registry.npmjs.org/lightningcss-linux-arm-gnueabihf set size:undefined disposed:false
2227 http fetch GET 200 https://registry.npmjs.org/source-map-js 681ms (cache miss)
2228 silly packumentCache full:https://registry.npmjs.org/source-map-js set size:undefined disposed:false
2229 http fetch GET 200 https://registry.npmjs.org/nanoid 867ms (cache miss)
2230 silly packumentCache full:https://registry.npmjs.org/nanoid set size:undefined disposed:false
2231 silly placeDep ROOT detect-libc@2.1.2 OK for: lightningcss@1.32.0 want: ^2.0.3
2232 silly placeDep ROOT lightningcss-android-arm64@1.32.0 OK for: lightningcss@1.32.0 want: 1.32.0
2233 silly placeDep ROOT lightningcss-darwin-arm64@1.32.0 OK for: lightningcss@1.32.0 want: 1.32.0
2234 silly placeDep ROOT lightningcss-darwin-x64@1.32.0 OK for: lightningcss@1.32.0 want: 1.32.0
2235 silly placeDep ROOT lightningcss-freebsd-x64@1.32.0 OK for: lightningcss@1.32.0 want: 1.32.0
2236 silly placeDep ROOT lightningcss-linux-arm-gnueabihf@1.32.0 OK for: lightningcss@1.32.0 want: 1.32.0
2237 silly placeDep ROOT lightningcss-linux-arm64-gnu@1.32.0 OK for: lightningcss@1.32.0 want: 1.32.0
2238 silly placeDep ROOT lightningcss-linux-arm64-musl@1.32.0 OK for: lightningcss@1.32.0 want: 1.32.0
2239 silly placeDep ROOT lightningcss-linux-x64-gnu@1.32.0 OK for: lightningcss@1.32.0 want: 1.32.0
2240 silly placeDep ROOT lightningcss-linux-x64-musl@1.32.0 OK for: lightningcss@1.32.0 want: 1.32.0
2241 silly placeDep ROOT lightningcss-win32-arm64-msvc@1.32.0 OK for: lightningcss@1.32.0 want: 1.32.0
2242 silly placeDep ROOT lightningcss-win32-x64-msvc@1.32.0 OK for: lightningcss@1.32.0 want: 1.32.0
2243 silly placeDep ROOT nanoid@3.3.16 OK for: postcss@8.5.19 want: ^3.3.12
2244 silly placeDep ROOT source-map-js@1.2.1 OK for: postcss@8.5.19 want: ^1.2.1
2245 silly placeDep node_modules/expo mime-types@2.1.35 OK for: accepts@1.3.8 want: ~2.1.34
2246 silly placeDep node_modules/expo negotiator@0.6.3 OK for: accepts@1.3.8 want: 0.6.3
2247 silly fetch manifest mime-db@1.52.0
2248 silly packumentCache full:https://registry.npmjs.org/mime-db cache-hit
2249 silly fetch manifest @babel/core@^7.0.0-0
2250 silly packumentCache full:https://registry.npmjs.org/@babel%2fcore cache-hit
2251 silly fetch manifest @babel/core@^7.12.0
2252 silly packumentCache full:https://registry.npmjs.org/@babel%2fcore cache-hit
2253 silly placeDep ROOT @babel/plugin-proposal-decorators@7.29.7 OK for: babel-preset-expo@57.0.3 want: ^7.12.9
2254 silly placeDep ROOT @babel/plugin-proposal-export-default-from@7.29.7 OK for: babel-preset-expo@57.0.3 want: ^7.24.7
2255 silly placeDep ROOT @babel/plugin-syntax-dynamic-import@7.8.3 OK for: babel-preset-expo@57.0.3 want: ^7.8.3
2256 silly placeDep ROOT @babel/plugin-syntax-export-default-from@7.29.7 OK for: babel-preset-expo@57.0.3 want: ^7.24.7
2257 silly placeDep ROOT @babel/plugin-syntax-nullish-coalescing-operator@7.8.3 OK for: babel-preset-expo@57.0.3 want: ^7.8.3
2258 silly placeDep ROOT @babel/plugin-syntax-optional-chaining@7.8.3 OK for: babel-preset-expo@57.0.3 want: ^7.8.3
2259 silly placeDep ROOT @babel/plugin-transform-async-generator-functions@7.29.7 OK for: babel-preset-expo@57.0.3 want: ^7.25.4
2260 silly placeDep ROOT @babel/plugin-transform-async-to-generator@7.29.7 OK for: babel-preset-expo@57.0.3 want: ^7.24.7
2261 silly placeDep ROOT @babel/plugin-transform-block-scoping@7.29.7 OK for: babel-preset-expo@57.0.3 want: ^7.25.0
2262 silly placeDep ROOT @babel/plugin-transform-class-properties@7.29.7 OK for: babel-preset-expo@57.0.3 want: ^7.25.4
2263 silly placeDep ROOT @babel/plugin-transform-class-static-block@7.29.7 OK for: babel-preset-expo@57.0.3 want: ^7.27.1
2264 silly placeDep ROOT @babel/plugin-transform-classes@7.29.7 OK for: babel-preset-expo@57.0.3 want: ^7.25.4
2265 silly placeDep ROOT @babel/plugin-transform-destructuring@7.29.7 OK for: babel-preset-expo@57.0.3 want: ^7.24.8
2266 silly placeDep ROOT @babel/plugin-transform-export-namespace-from@7.29.7 OK for: babel-preset-expo@57.0.3 want: ^7.25.9
2267 silly placeDep ROOT @babel/plugin-transform-flow-strip-types@7.29.7 OK for: babel-preset-expo@57.0.3 want: ^7.25.2
2268 silly placeDep ROOT @babel/plugin-transform-for-of@7.29.7 OK for: babel-preset-expo@57.0.3 want: ^7.24.7
2269 silly placeDep ROOT @babel/plugin-transform-logical-assignment-operators@7.29.7 OK for: babel-preset-expo@57.0.3 want: ^7.24.7
2270 silly placeDep ROOT @babel/plugin-transform-named-capturing-groups-regex@7.29.7 OK for: babel-preset-expo@57.0.3 want: ^7.24.7
2271 silly placeDep ROOT @babel/plugin-transform-nullish-coalescing-operator@7.29.7 OK for: babel-preset-expo@57.0.3 want: ^7.24.7
2272 silly placeDep ROOT @babel/plugin-transform-object-rest-spread@7.29.7 OK for: babel-preset-expo@57.0.3 want: ^7.24.7
2273 silly placeDep ROOT @babel/plugin-transform-optional-catch-binding@7.29.7 OK for: babel-preset-expo@57.0.3 want: ^7.24.7
2274 silly placeDep ROOT @babel/plugin-transform-optional-chaining@7.29.7 OK for: babel-preset-expo@57.0.3 want: ^7.24.8
2275 silly placeDep ROOT @babel/plugin-transform-parameters@7.29.7 OK for: babel-preset-expo@57.0.3 want: ^7.24.7
2276 silly placeDep ROOT @babel/plugin-transform-private-methods@7.29.7 OK for: babel-preset-expo@57.0.3 want: ^7.24.7
2277 silly placeDep ROOT @babel/plugin-transform-private-property-in-object@7.29.7 OK for: babel-preset-expo@57.0.3 want: ^7.24.7
2278 silly placeDep ROOT @babel/plugin-transform-react-display-name@7.29.7 OK for: babel-preset-expo@57.0.3 want: ^7.24.7
2279 silly placeDep ROOT @babel/plugin-transform-react-jsx@7.29.7 OK for: babel-preset-expo@57.0.3 want: ^7.28.6
2280 silly placeDep ROOT @babel/plugin-transform-react-jsx-development@7.29.7 OK for: babel-preset-expo@57.0.3 want: ^7.27.1
2281 silly placeDep ROOT @babel/plugin-transform-react-pure-annotations@7.29.7 OK for: babel-preset-expo@57.0.3 want: ^7.27.1
2282 silly placeDep ROOT @babel/plugin-transform-runtime@7.29.7 OK for: babel-preset-expo@57.0.3 want: ^7.24.7
2283 silly placeDep ROOT @babel/plugin-transform-typescript@7.29.7 OK for: babel-preset-expo@57.0.3 want: ^7.25.2
2284 silly placeDep ROOT @babel/plugin-transform-unicode-regex@7.29.7 OK for: babel-preset-expo@57.0.3 want: ^7.24.7
2285 silly placeDep ROOT @babel/preset-typescript@7.29.7 OK for: babel-preset-expo@57.0.3 want: ^7.23.0
2286 silly placeDep ROOT @react-native/babel-plugin-codegen@0.86.0 OK for: babel-preset-expo@57.0.3 want: 0.86.0
2287 silly placeDep ROOT babel-plugin-react-compiler@1.0.0 OK for: babel-preset-expo@57.0.3 want: ^1.0.0
2288 silly placeDep ROOT babel-plugin-react-native-web@0.21.2 OK for: babel-preset-expo@57.0.3 want: ~0.21.0
2289 silly placeDep ROOT babel-plugin-transform-flow-enums@0.0.2 OK for: babel-preset-expo@57.0.3 want: ^0.0.2
2290 silly fetch manifest @babel/plugin-syntax-decorators@^7.29.7
2291 silly packumentCache full:https://registry.npmjs.org/@babel%2fplugin-syntax-decorators cache-miss
2292 silly fetch manifest @babel/helper-create-class-features-plugin@^7.29.7
2293 silly packumentCache full:https://registry.npmjs.org/@babel%2fhelper-create-class-features-plugin cache-miss
2294 silly fetch manifest @babel/helper-remap-async-to-generator@^7.29.7
2295 silly packumentCache full:https://registry.npmjs.org/@babel%2fhelper-remap-async-to-generator cache-miss
2296 silly fetch manifest @babel/helper-remap-async-to-generator@^7.29.7
2297 silly packumentCache full:https://registry.npmjs.org/@babel%2fhelper-remap-async-to-generator cache-miss
2298 silly fetch manifest @babel/helper-create-class-features-plugin@^7.29.7
2299 silly packumentCache full:https://registry.npmjs.org/@babel%2fhelper-create-class-features-plugin cache-miss
2300 silly fetch manifest @babel/helper-create-class-features-plugin@^7.29.7
2301 silly packumentCache full:https://registry.npmjs.org/@babel%2fhelper-create-class-features-plugin cache-miss
2302 silly fetch manifest @babel/helper-replace-supers@^7.29.7
2303 silly packumentCache full:https://registry.npmjs.org/@babel%2fhelper-replace-supers cache-miss
2304 http fetch GET 200 https://registry.npmjs.org/@babel%2fhelper-remap-async-to-generator 290ms (cache miss)
2305 silly packumentCache full:https://registry.npmjs.org/@babel%2fhelper-remap-async-to-generator set size:undefined disposed:false
2306 silly fetch manifest @babel/helper-annotate-as-pure@^7.29.7
2307 silly packumentCache full:https://registry.npmjs.org/@babel%2fhelper-annotate-as-pure cache-miss
2308 http fetch GET 200 https://registry.npmjs.org/@babel%2fhelper-remap-async-to-generator 296ms (cache miss)
2309 silly packumentCache full:https://registry.npmjs.org/@babel%2fhelper-remap-async-to-generator set size:undefined disposed:false
2310 silly fetch manifest @babel/plugin-syntax-flow@^7.29.7
2311 silly packumentCache full:https://registry.npmjs.org/@babel%2fplugin-syntax-flow cache-miss
2312 http fetch GET 200 https://registry.npmjs.org/@babel%2fhelper-replace-supers 414ms (cache miss)
2313 silly packumentCache full:https://registry.npmjs.org/@babel%2fhelper-replace-supers set size:undefined disposed:false
2314 silly fetch manifest @babel/helper-skip-transparent-expression-wrappers@^7.29.7
2315 silly packumentCache full:https://registry.npmjs.org/@babel%2fhelper-skip-transparent-expression-wrappers cache-miss
2316 http fetch GET 200 https://registry.npmjs.org/@babel%2fplugin-syntax-decorators 424ms (cache miss)
2317 silly packumentCache full:https://registry.npmjs.org/@babel%2fplugin-syntax-decorators set size:undefined disposed:false
2318 silly fetch manifest @babel/helper-create-regexp-features-plugin@^7.29.7
2319 silly packumentCache full:https://registry.npmjs.org/@babel%2fhelper-create-regexp-features-plugin cache-miss
2320 http fetch GET 200 https://registry.npmjs.org/@babel%2fhelper-annotate-as-pure 737ms (cache miss)
2321 silly packumentCache full:https://registry.npmjs.org/@babel%2fhelper-annotate-as-pure set size:undefined disposed:false
2322 silly fetch manifest @babel/plugin-transform-parameters@^7.29.7
2323 silly packumentCache full:https://registry.npmjs.org/@babel%2fplugin-transform-parameters cache-hit
2324 silly fetch manifest @babel/helper-skip-transparent-expression-wrappers@^7.29.7
2325 silly packumentCache full:https://registry.npmjs.org/@babel%2fhelper-skip-transparent-expression-wrappers cache-miss
2326 http fetch GET 200 https://registry.npmjs.org/@babel%2fplugin-syntax-flow 1489ms (cache miss)
2327 silly packumentCache full:https://registry.npmjs.org/@babel%2fplugin-syntax-flow set size:undefined disposed:false
2328 silly fetch manifest @babel/helper-create-class-features-plugin@^7.29.7
2329 silly packumentCache full:https://registry.npmjs.org/@babel%2fhelper-create-class-features-plugin cache-miss
2330 http fetch GET 200 https://registry.npmjs.org/@babel%2fhelper-skip-transparent-expression-wrappers 1418ms (cache miss)
2331 silly packumentCache full:https://registry.npmjs.org/@babel%2fhelper-skip-transparent-expression-wrappers set size:undefined disposed:false
2332 silly fetch manifest @babel/helper-create-class-features-plugin@^7.29.7
2333 silly packumentCache full:https://registry.npmjs.org/@babel%2fhelper-create-class-features-plugin cache-miss
2334 http fetch GET 200 https://registry.npmjs.org/@babel%2fhelper-create-regexp-features-plugin 1444ms (cache miss)
2335 silly packumentCache full:https://registry.npmjs.org/@babel%2fhelper-create-regexp-features-plugin set size:undefined disposed:false
2336 silly fetch manifest @babel/plugin-syntax-jsx@^7.29.7
2337 silly packumentCache full:https://registry.npmjs.org/@babel%2fplugin-syntax-jsx cache-miss
2338 http fetch GET 200 https://registry.npmjs.org/@babel%2fhelper-create-class-features-plugin 1879ms (cache miss)
2339 silly packumentCache full:https://registry.npmjs.org/@babel%2fhelper-create-class-features-plugin set size:undefined disposed:false
2340 silly fetch manifest babel-plugin-polyfill-corejs2@^0.4.14
2341 silly packumentCache full:https://registry.npmjs.org/babel-plugin-polyfill-corejs2 cache-miss
2342 http fetch GET 200 https://registry.npmjs.org/@babel%2fhelper-create-class-features-plugin 1887ms (cache miss)
2343 silly packumentCache full:https://registry.npmjs.org/@babel%2fhelper-create-class-features-plugin set size:undefined disposed:false
2344 silly fetch manifest babel-plugin-polyfill-corejs3@^0.13.0
2345 silly packumentCache full:https://registry.npmjs.org/babel-plugin-polyfill-corejs3 cache-miss
2346 http fetch GET 200 https://registry.npmjs.org/@babel%2fhelper-create-class-features-plugin 1890ms (cache miss)
2347 silly packumentCache full:https://registry.npmjs.org/@babel%2fhelper-create-class-features-plugin set size:undefined disposed:false
2348 silly fetch manifest babel-plugin-polyfill-regenerator@^0.6.5
2349 silly packumentCache full:https://registry.npmjs.org/babel-plugin-polyfill-regenerator cache-miss
2350 http fetch GET 200 https://registry.npmjs.org/@babel%2fhelper-skip-transparent-expression-wrappers 861ms (cache miss)
2351 silly packumentCache full:https://registry.npmjs.org/@babel%2fhelper-skip-transparent-expression-wrappers set size:undefined disposed:false
2352 silly fetch manifest @babel/plugin-syntax-typescript@^7.29.7
2353 silly packumentCache full:https://registry.npmjs.org/@babel%2fplugin-syntax-typescript cache-miss
2354 http fetch GET 200 https://registry.npmjs.org/@babel%2fhelper-create-class-features-plugin 270ms (cache miss)
2355 silly packumentCache full:https://registry.npmjs.org/@babel%2fhelper-create-class-features-plugin set size:undefined disposed:false
2356 silly fetch manifest @babel/plugin-syntax-jsx@^7.29.7
2357 silly packumentCache full:https://registry.npmjs.org/@babel%2fplugin-syntax-jsx cache-miss
2358 http fetch GET 200 https://registry.npmjs.org/babel-plugin-polyfill-regenerator 172ms (cache miss)
2359 silly packumentCache full:https://registry.npmjs.org/babel-plugin-polyfill-regenerator set size:undefined disposed:false
2360 silly fetch manifest @babel/plugin-syntax-flow@^7.12.1
2361 silly packumentCache full:https://registry.npmjs.org/@babel%2fplugin-syntax-flow cache-miss
2362 http fetch GET 200 https://registry.npmjs.org/babel-plugin-polyfill-corejs3 179ms (cache miss)
2363 silly packumentCache full:https://registry.npmjs.org/babel-plugin-polyfill-corejs3 set size:undefined disposed:false
2364 http cache https://registry.npmjs.org/@babel%2fplugin-syntax-flow 10ms (cache hit)
2365 silly packumentCache full:https://registry.npmjs.org/@babel%2fplugin-syntax-flow set size:201006 disposed:false
2366 http fetch GET 200 https://registry.npmjs.org/@babel%2fplugin-syntax-typescript 204ms (cache miss)
2367 silly packumentCache full:https://registry.npmjs.org/@babel%2fplugin-syntax-typescript set size:undefined disposed:false
2368 http fetch GET 200 https://registry.npmjs.org/@babel%2fhelper-create-class-features-plugin 320ms (cache miss)
2369 silly packumentCache full:https://registry.npmjs.org/@babel%2fhelper-create-class-features-plugin set size:undefined disposed:false
2370 http fetch GET 200 https://registry.npmjs.org/babel-plugin-polyfill-corejs2 278ms (cache miss)
2371 silly packumentCache full:https://registry.npmjs.org/babel-plugin-polyfill-corejs2 set size:undefined disposed:false
2372 http fetch GET 200 https://registry.npmjs.org/@babel%2fplugin-syntax-jsx 462ms (cache miss)
2373 silly packumentCache full:https://registry.npmjs.org/@babel%2fplugin-syntax-jsx set size:undefined disposed:false
2374 http fetch GET 200 https://registry.npmjs.org/@babel%2fplugin-syntax-jsx 288ms (cache miss)
2375 silly packumentCache full:https://registry.npmjs.org/@babel%2fplugin-syntax-jsx set size:undefined disposed:false
2376 silly placeDep ROOT @babel/helper-create-class-features-plugin@7.29.7 OK for: @babel/plugin-proposal-decorators@7.29.7 want: ^7.29.7
2377 silly placeDep ROOT @babel/plugin-syntax-decorators@7.29.7 OK for: @babel/plugin-proposal-decorators@7.29.7 want: ^7.29.7
2378 silly fetch manifest @babel/helper-optimise-call-expression@^7.29.7
2379 silly packumentCache full:https://registry.npmjs.org/@babel%2fhelper-optimise-call-expression cache-miss
2380 silly fetch manifest @babel/helper-member-expression-to-functions@^7.29.7
2381 silly packumentCache full:https://registry.npmjs.org/@babel%2fhelper-member-expression-to-functions cache-miss
2382 http fetch GET 200 https://registry.npmjs.org/@babel%2fhelper-member-expression-to-functions 664ms (cache miss)
2383 silly packumentCache full:https://registry.npmjs.org/@babel%2fhelper-member-expression-to-functions set size:undefined disposed:false
2384 http fetch GET 200 https://registry.npmjs.org/@babel%2fhelper-optimise-call-expression 666ms (cache miss)
2385 silly packumentCache full:https://registry.npmjs.org/@babel%2fhelper-optimise-call-expression set size:undefined disposed:false
2386 silly placeDep ROOT @babel/helper-annotate-as-pure@7.29.7 OK for: @babel/helper-create-class-features-plugin@7.29.7 want: ^7.29.7
2387 silly placeDep ROOT @babel/helper-member-expression-to-functions@7.29.7 OK for: @babel/helper-create-class-features-plugin@7.29.7 want: ^7.29.7
2388 silly placeDep ROOT @babel/helper-optimise-call-expression@7.29.7 OK for: @babel/helper-create-class-features-plugin@7.29.7 want: ^7.29.7
2389 silly placeDep ROOT @babel/helper-replace-supers@7.29.7 OK for: @babel/helper-create-class-features-plugin@7.29.7 want: ^7.29.7
2390 silly placeDep ROOT @babel/helper-skip-transparent-expression-wrappers@7.29.7 OK for: @babel/helper-create-class-features-plugin@7.29.7 want: ^7.29.7
2391 silly placeDep node_modules/@babel/helper-create-class-features-plugin semver@6.3.1 OK for: @babel/helper-create-class-features-plugin@7.29.7 want: ^6.3.1
2392 silly placeDep ROOT @babel/helper-remap-async-to-generator@7.29.7 OK for: @babel/plugin-transform-async-generator-functions@7.29.7 want: ^7.29.7
2393 silly fetch manifest @babel/helper-wrap-function@^7.29.7
2394 silly packumentCache full:https://registry.npmjs.org/@babel%2fhelper-wrap-function cache-miss
2395 http fetch GET 200 https://registry.npmjs.org/@babel%2fhelper-wrap-function 195ms (cache miss)
2396 silly packumentCache full:https://registry.npmjs.org/@babel%2fhelper-wrap-function set size:undefined disposed:false
2397 silly placeDep ROOT @babel/helper-wrap-function@7.29.7 OK for: @babel/helper-remap-async-to-generator@7.29.7 want: ^7.29.7
2398 silly placeDep ROOT @babel/plugin-syntax-flow@7.29.7 OK for: @babel/plugin-transform-flow-strip-types@7.29.7 want: ^7.29.7
2399 silly placeDep ROOT @babel/helper-create-regexp-features-plugin@7.29.7 OK for: @babel/plugin-transform-named-capturing-groups-regex@7.29.7 want: ^7.29.7
2400 silly fetch manifest regexpu-core@^6.3.1
2401 silly packumentCache full:https://registry.npmjs.org/regexpu-core cache-miss
2402 http fetch GET 200 https://registry.npmjs.org/regexpu-core 246ms (cache miss)
2403 silly packumentCache full:https://registry.npmjs.org/regexpu-core set size:undefined disposed:false
2404 silly placeDep ROOT regexpu-core@6.4.0 OK for: @babel/helper-create-regexp-features-plugin@7.29.7 want: ^6.3.1
2405 silly placeDep node_modules/@babel/helper-create-regexp-features-plugin semver@6.3.1 OK for: @babel/helper-create-regexp-features-plugin@7.29.7 want: ^6.3.1
2406 silly fetch manifest regenerate@^1.4.2
2407 silly packumentCache full:https://registry.npmjs.org/regenerate cache-miss
2408 silly fetch manifest regenerate-unicode-properties@^10.2.2
2409 silly packumentCache full:https://registry.npmjs.org/regenerate-unicode-properties cache-miss
2410 silly fetch manifest regjsgen@^0.8.0
2411 silly packumentCache full:https://registry.npmjs.org/regjsgen cache-miss
2412 silly fetch manifest regjsparser@^0.13.0
2413 silly packumentCache full:https://registry.npmjs.org/regjsparser cache-miss
2414 silly fetch manifest unicode-match-property-ecmascript@^2.0.0
2415 silly packumentCache full:https://registry.npmjs.org/unicode-match-property-ecmascript cache-miss
2416 silly fetch manifest unicode-match-property-value-ecmascript@^2.2.1
2417 silly packumentCache full:https://registry.npmjs.org/unicode-match-property-value-ecmascript cache-miss
2418 http fetch GET 200 https://registry.npmjs.org/regjsparser 547ms (cache miss)
2419 silly packumentCache full:https://registry.npmjs.org/regjsparser set size:undefined disposed:false
2420 http fetch GET 200 https://registry.npmjs.org/unicode-match-property-value-ecmascript 563ms (cache miss)
2421 silly packumentCache full:https://registry.npmjs.org/unicode-match-property-value-ecmascript set size:undefined disposed:false
2422 http fetch GET 200 https://registry.npmjs.org/unicode-match-property-ecmascript 565ms (cache miss)
2423 silly packumentCache full:https://registry.npmjs.org/unicode-match-property-ecmascript set size:undefined disposed:false
2424 http fetch GET 200 https://registry.npmjs.org/regenerate 579ms (cache miss)
2425 silly packumentCache full:https://registry.npmjs.org/regenerate set size:undefined disposed:false
2426 http fetch GET 200 https://registry.npmjs.org/regjsgen 580ms (cache miss)
2427 silly packumentCache full:https://registry.npmjs.org/regjsgen set size:undefined disposed:false
2428 http fetch GET 200 https://registry.npmjs.org/regenerate-unicode-properties 587ms (cache miss)
2429 silly packumentCache full:https://registry.npmjs.org/regenerate-unicode-properties set size:undefined disposed:false
2430 silly placeDep ROOT @babel/plugin-syntax-jsx@7.29.7 OK for: @babel/plugin-transform-react-jsx@7.29.7 want: ^7.29.7
2431 silly placeDep ROOT babel-plugin-polyfill-corejs2@0.4.17 OK for: @babel/plugin-transform-runtime@7.29.7 want: ^0.4.14
2432 silly placeDep ROOT babel-plugin-polyfill-corejs3@0.13.0 OK for: @babel/plugin-transform-runtime@7.29.7 want: ^0.13.0
2433 silly placeDep ROOT babel-plugin-polyfill-regenerator@0.6.8 OK for: @babel/plugin-transform-runtime@7.29.7 want: ^0.6.5
2434 silly placeDep node_modules/@babel/plugin-transform-runtime semver@6.3.1 OK for: @babel/plugin-transform-runtime@7.29.7 want: ^6.3.1
2435 silly fetch manifest @babel/helper-define-polyfill-provider@^0.6.8
2436 silly packumentCache full:https://registry.npmjs.org/@babel%2fhelper-define-polyfill-provider cache-miss
2437 silly fetch manifest core-js-compat@^3.43.0
2438 silly packumentCache full:https://registry.npmjs.org/core-js-compat cache-miss
2439 silly fetch manifest @babel/helper-define-polyfill-provider@^0.6.5
2440 silly packumentCache full:https://registry.npmjs.org/@babel%2fhelper-define-polyfill-provider cache-miss
2441 silly fetch manifest @babel/helper-define-polyfill-provider@^0.6.8
2442 silly packumentCache full:https://registry.npmjs.org/@babel%2fhelper-define-polyfill-provider cache-miss
2443 http fetch GET 200 https://registry.npmjs.org/@babel%2fhelper-define-polyfill-provider 193ms (cache miss)
2444 silly packumentCache full:https://registry.npmjs.org/@babel%2fhelper-define-polyfill-provider set size:undefined disposed:false
2445 http fetch GET 200 https://registry.npmjs.org/@babel%2fhelper-define-polyfill-provider 193ms (cache miss)
2446 silly packumentCache full:https://registry.npmjs.org/@babel%2fhelper-define-polyfill-provider set size:undefined disposed:false
2447 http fetch GET 200 https://registry.npmjs.org/@babel%2fhelper-define-polyfill-provider 209ms (cache miss)
2448 silly packumentCache full:https://registry.npmjs.org/@babel%2fhelper-define-polyfill-provider set size:undefined disposed:false
2449 http fetch GET 200 https://registry.npmjs.org/core-js-compat 366ms (cache miss)
2450 silly packumentCache full:https://registry.npmjs.org/core-js-compat set size:undefined disposed:false
2451 silly placeDep ROOT @babel/plugin-syntax-typescript@7.29.7 OK for: @babel/plugin-transform-typescript@7.29.7 want: ^7.29.7
2452 silly fetch manifest @babel/core@^7.4.0 || ^8.0.0-0 <8.0.0
2453 silly packumentCache full:https://registry.npmjs.org/@babel%2fcore cache-hit
2454 silly placeDep ROOT @babel/helper-define-polyfill-provider@0.6.8 OK for: babel-plugin-polyfill-corejs2@0.4.17 want: ^0.6.8
2455 silly placeDep node_modules/babel-plugin-polyfill-corejs2 semver@6.3.1 OK for: babel-plugin-polyfill-corejs2@0.4.17 want: ^6.3.1
2456 silly fetch manifest resolve@^1.22.11
2457 silly packumentCache full:https://registry.npmjs.org/resolve cache-miss
2458 silly fetch manifest lodash.debounce@^4.0.8
2459 silly packumentCache full:https://registry.npmjs.org/lodash.debounce cache-miss
2460 http fetch GET 200 https://registry.npmjs.org/resolve 180ms (cache miss)
2461 silly packumentCache full:https://registry.npmjs.org/resolve set size:undefined disposed:false
2462 http fetch GET 200 https://registry.npmjs.org/lodash.debounce 484ms (cache miss)
2463 silly packumentCache full:https://registry.npmjs.org/lodash.debounce set size:undefined disposed:false
2464 silly placeDep ROOT lodash.debounce@4.0.8 OK for: @babel/helper-define-polyfill-provider@0.6.8 want: ^4.0.8
2465 silly placeDep ROOT resolve@1.22.12 OK for: @babel/helper-define-polyfill-provider@0.6.8 want: ^1.22.11
2466 silly fetch manifest es-errors@^1.3.0
2467 silly packumentCache full:https://registry.npmjs.org/es-errors cache-miss
2468 silly fetch manifest path-parse@^1.0.7
2469 silly packumentCache full:https://registry.npmjs.org/path-parse cache-miss
2470 silly fetch manifest is-core-module@^2.16.1
2471 silly packumentCache full:https://registry.npmjs.org/is-core-module cache-miss
2472 silly fetch manifest supports-preserve-symlinks-flag@^1.0.0
2473 silly packumentCache full:https://registry.npmjs.org/supports-preserve-symlinks-flag cache-miss
2474 http fetch GET 200 https://registry.npmjs.org/es-errors 182ms (cache miss)
2475 silly packumentCache full:https://registry.npmjs.org/es-errors set size:undefined disposed:false
2476 http fetch GET 200 https://registry.npmjs.org/supports-preserve-symlinks-flag 183ms (cache miss)
2477 silly packumentCache full:https://registry.npmjs.org/supports-preserve-symlinks-flag set size:undefined disposed:false
2478 http fetch GET 200 https://registry.npmjs.org/is-core-module 185ms (cache miss)
2479 silly packumentCache full:https://registry.npmjs.org/is-core-module set size:undefined disposed:false
2480 http fetch GET 200 https://registry.npmjs.org/path-parse 186ms (cache miss)
2481 silly packumentCache full:https://registry.npmjs.org/path-parse set size:undefined disposed:false
2482 silly placeDep ROOT core-js-compat@3.49.0 OK for: babel-plugin-polyfill-corejs3@0.13.0 want: ^3.43.0
2483 silly placeDep ROOT regenerate@1.4.2 OK for: regexpu-core@6.4.0 want: ^1.4.2
2484 silly placeDep ROOT regenerate-unicode-properties@10.2.2 OK for: regexpu-core@6.4.0 want: ^10.2.2
2485 silly placeDep ROOT regjsgen@0.8.0 OK for: regexpu-core@6.4.0 want: ^0.8.0
2486 silly placeDep ROOT regjsparser@0.13.2 OK for: regexpu-core@6.4.0 want: ^0.13.0
2487 silly placeDep ROOT unicode-match-property-ecmascript@2.0.0 OK for: regexpu-core@6.4.0 want: ^2.0.0
2488 silly placeDep ROOT unicode-match-property-value-ecmascript@2.2.1 OK for: regexpu-core@6.4.0 want: ^2.2.1
2489 silly fetch manifest unicode-canonical-property-names-ecmascript@^2.0.0
2490 silly packumentCache full:https://registry.npmjs.org/unicode-canonical-property-names-ecmascript cache-miss
2491 silly fetch manifest unicode-property-aliases-ecmascript@^2.0.0
2492 silly packumentCache full:https://registry.npmjs.org/unicode-property-aliases-ecmascript cache-miss
2493 http fetch GET 200 https://registry.npmjs.org/unicode-property-aliases-ecmascript 142ms (cache miss)
2494 silly packumentCache full:https://registry.npmjs.org/unicode-property-aliases-ecmascript set size:undefined disposed:false
2495 http fetch GET 200 https://registry.npmjs.org/unicode-canonical-property-names-ecmascript 158ms (cache miss)
2496 silly packumentCache full:https://registry.npmjs.org/unicode-canonical-property-names-ecmascript set size:undefined disposed:false
2497 silly placeDep ROOT es-errors@1.3.0 OK for: resolve@1.22.12 want: ^1.3.0
2498 silly placeDep ROOT is-core-module@2.16.2 OK for: resolve@1.22.12 want: ^2.16.1
2499 silly placeDep ROOT path-parse@1.0.7 OK for: resolve@1.22.12 want: ^1.0.7
2500 silly placeDep ROOT supports-preserve-symlinks-flag@1.0.0 OK for: resolve@1.22.12 want: ^1.0.0
2501 silly fetch manifest hasown@^2.0.3
2502 silly packumentCache full:https://registry.npmjs.org/hasown cache-miss
2503 http fetch GET 200 https://registry.npmjs.org/hasown 173ms (cache miss)
2504 silly packumentCache full:https://registry.npmjs.org/hasown set size:undefined disposed:false
2505 silly placeDep ROOT hasown@2.0.4 OK for: is-core-module@2.16.2 want: ^2.0.3
2506 silly fetch manifest function-bind@^1.1.2
2507 silly packumentCache full:https://registry.npmjs.org/function-bind cache-miss
2508 http fetch GET 200 https://registry.npmjs.org/function-bind 138ms (cache miss)
2509 silly packumentCache full:https://registry.npmjs.org/function-bind set size:undefined disposed:false
2510 silly placeDep ROOT function-bind@1.1.2 OK for: hasown@2.0.4 want: ^1.1.2
2511 silly placeDep ROOT unicode-canonical-property-names-ecmascript@2.0.1 OK for: unicode-match-property-ecmascript@2.0.0 want: ^2.0.0
2512 silly placeDep ROOT unicode-property-aliases-ecmascript@2.2.0 OK for: unicode-match-property-ecmascript@2.0.0 want: ^2.0.0
2513 silly placeDep ROOT fontfaceobserver@2.3.0 OK for: expo-font@57.0.1 want: ^2.1.0
2514 silly placeDep node_modules/expo hermes-estree@0.36.1 OK for: hermes-parser@0.36.1 want: 0.36.1
2515 silly placeDep node_modules/expo mime-db@1.52.0 OK for: mime-types@2.1.35 want: 1.52.0
2516 silly placeDep node_modules/finalhandler ms@2.0.0 OK for: debug@2.6.9 want: 2.0.0
2517 silly placeDep node_modules/lighthouse-logger ms@2.0.0 OK for: debug@2.6.9 want: 2.0.0
2518 silly placeDep node_modules/log-symbols ansi-styles@3.2.1 OK for: chalk@2.4.2 want: ^3.2.1
2519 silly placeDep node_modules/log-symbols escape-string-regexp@1.0.5 OK for: chalk@2.4.2 want: ^1.0.5
2520 silly placeDep node_modules/log-symbols supports-color@5.5.0 OK for: chalk@2.4.2 want: ^5.3.0
2521 silly fetch manifest color-convert@^1.9.0
2522 silly packumentCache full:https://registry.npmjs.org/color-convert cache-hit
2523 silly fetch manifest has-flag@^3.0.0
2524 silly packumentCache full:https://registry.npmjs.org/has-flag cache-hit
2525 silly placeDep node_modules/log-symbols color-convert@1.9.3 OK for: ansi-styles@3.2.1 want: ^1.9.0
2526 silly fetch manifest color-name@1.1.3
2527 silly packumentCache full:https://registry.npmjs.org/color-name cache-hit
2528 silly placeDep node_modules/log-symbols color-name@1.1.3 OK for: color-convert@1.9.3 want: 1.1.3
2529 silly placeDep node_modules/log-symbols has-flag@3.0.0 OK for: supports-color@5.5.0 want: ^3.0.0
2530 silly placeDep node_modules/ora ansi-styles@3.2.1 OK for: chalk@2.4.2 want: ^3.2.1
2531 silly placeDep node_modules/ora escape-string-regexp@1.0.5 OK for: chalk@2.4.2 want: ^1.0.5
2532 silly placeDep node_modules/ora supports-color@5.5.0 OK for: chalk@2.4.2 want: ^5.3.0
2533 silly placeDep node_modules/ora color-convert@1.9.3 OK for: ansi-styles@3.2.1 want: ^1.9.0
2534 silly placeDep node_modules/ora color-name@1.1.3 OK for: color-convert@1.9.3 want: 1.1.3
2535 silly placeDep node_modules/ora ansi-regex@4.1.1 OK for: strip-ansi@5.2.0 want: ^4.1.0
2536 silly placeDep node_modules/ora has-flag@3.0.0 OK for: supports-color@5.5.0 want: ^3.0.0
2537 silly placeDep node_modules/send/node_modules/debug ms@2.0.0 OK for: debug@2.6.9 want: 2.0.0
2538 silly reify mark retired [
2538 silly reify   'C:\\Users\\emmanuel.mwinama\\Code\\Farmis\\mobile\\node_modules\\fb-dotslash'
2538 silly reify ]
2539 silly reify moves {
2539 silly reify   'C:\\Users\\emmanuel.mwinama\\Code\\Farmis\\mobile\\node_modules\\fb-dotslash': 'C:\\Users\\emmanuel.mwinama\\Code\\Farmis\\mobile\\node_modules\\.fb-dotslash-TU9XVv54'
2539 silly reify }
2540 silly audit bulk request {
2540 silly audit   '@types/react': [ '19.2.17' ],
2540 silly audit   expo: [ '57.0.6' ],
2540 silly audit   react: [ '19.2.3' ],
2540 silly audit   'react-native': [ '0.86.0' ],
2540 silly audit   'expo-secure-store': [ '57.0.1' ],
2540 silly audit   'expo-status-bar': [ '57.0.1' ],
2540 silly audit   typescript: [ '6.0.3' ],
2540 silly audit   csstype: [ '3.2.3' ],
2540 silly audit   '@babel/runtime': [ '7.29.7' ],
2540 silly audit   '@expo/cli': [ '57.0.8' ],
2540 silly audit   '@expo/config': [ '57.0.5' ],
2540 silly audit   '@expo/config-plugins': [ '57.0.5' ],
2540 silly audit   '@expo/devtools': [ '57.0.1' ],
2540 silly audit   '@expo/dom-webview': [ '57.0.1' ],
2540 silly audit   '@expo/fingerprint': [ '0.20.5' ],
2540 silly audit   '@expo/local-build-cache-provider': [ '57.0.4' ],
2540 silly audit   '@expo/log-box': [ '57.0.1' ],
2540 silly audit   '@expo/metro': [ '56.0.0' ],
2540 silly audit   '@expo/metro-config': [ '57.0.5' ],
2540 silly audit   '@ungap/structured-clone': [ '1.3.3' ],
2540 silly audit   'babel-preset-expo': [ '57.0.3' ],
2540 silly audit   'react-refresh': [ '0.14.2' ],
2540 silly audit   'expo-asset': [ '57.0.5' ],
2540 silly audit   'expo-constants': [ '57.0.5' ],
2540 silly audit   'expo-file-system': [ '57.0.1' ],
2540 silly audit   'expo-font': [ '57.0.1' ],
2540 silly audit   'expo-keep-awake': [ '57.0.1' ],
2540 silly audit   'expo-modules-autolinking': [ '57.0.7' ],
2540 silly audit   'expo-modules-core': [ '57.0.5' ],
2540 silly audit   'pretty-format': [ '29.7.0' ],
2540 silly audit   'whatwg-url-minimum': [ '0.1.2' ],
2540 silly audit   '@expo/config-types': [ '57.0.2' ],
2540 silly audit   '@expo/json-file': [ '11.0.1' ],
2540 silly audit   '@expo/require-utils': [ '57.0.3' ],
2540 silly audit   deepmerge: [ '4.3.1' ],
2540 silly audit   getenv: [ '2.0.0' ],
2540 silly audit   glob: [ '13.0.6' ],
2540 silly audit   'resolve-workspace-root': [ '2.0.1' ],
2540 silly audit   semver: [ '7.8.5', '6.3.1' ],
2540 silly audit   slugify: [ '1.6.9' ],
2540 silly audit   '@expo/plist': [ '0.8.1' ],
2540 silly audit   '@expo/sdk-runtime-versions': [ '1.0.0' ],
2540 silly audit   chalk: [ '4.1.2', '2.4.2' ],
2540 silly audit   debug: [ '4.4.3', '2.6.9', '3.2.7' ],
2540 silly audit   xcode: [ '3.0.1' ],
2540 silly audit   xml2js: [ '0.6.0' ],
2540 silly audit   '@expo/env': [ '2.4.2' ],
2540 silly audit   '@expo/spawn-async': [ '1.8.0' ],
2540 silly audit   arg: [ '5.0.2' ],
2540 silly audit   ignore: [ '5.3.2' ],
2540 silly audit   minimatch: [ '10.2.5' ],
2540 silly audit   'resolve-from': [ '5.0.0' ],
2540 silly audit   '@babel/code-frame': [ '7.29.7' ],
2540 silly audit   json5: [ '2.2.3' ],
2540 silly audit   '@babel/helper-validator-identifier': [ '7.29.7' ],
2540 silly audit   'js-tokens': [ '4.0.0' ],
2540 silly audit   picocolors: [ '1.1.1' ],
2540 silly audit   metro: [ '0.84.4' ],
2540 silly audit   'metro-babel-transformer': [ '0.84.4' ],
2540 silly audit   'metro-cache': [ '0.84.4' ],
2540 silly audit   'metro-cache-key': [ '0.84.4' ],
2540 silly audit   'metro-config': [ '0.84.4' ],
2540 silly audit   'metro-core': [ '0.84.4' ],
2540 silly audit   'metro-file-map': [ '0.84.4' ],
2540 silly audit   'metro-minify-terser': [ '0.84.4' ],
2540 silly audit   'metro-resolver': [ '0.84.4' ],
2540 silly audit   'metro-runtime': [ '0.84.4' ],
2540 silly audit   'metro-source-map': [ '0.84.4' ],
2540 silly audit   'metro-symbolicate': [ '0.84.4' ],
2540 silly audit   'metro-transform-plugins': [ '0.84.4' ],
2540 silly audit   'metro-transform-worker': [ '0.84.4' ],
2540 silly audit   '@xmldom/xmldom': [ '0.8.13', '0.9.10' ],
2540 silly audit   'base64-js': [ '1.5.1' ],
2540 silly audit   xmlbuilder: [ '15.1.1', '11.0.1' ],
2540 silly audit   '@babel/core': [ '7.29.7' ],
2540 silly audit   '@babel/plugin-transform-modules-commonjs': [ '7.29.7' ],
2540 silly audit   '@babel/generator': [ '7.29.7' ],
2540 silly audit   '@babel/helper-compilation-targets': [ '7.29.7' ],
2540 silly audit   '@babel/helper-module-transforms': [ '7.29.7' ],
2540 silly audit   '@babel/helpers': [ '7.29.7' ],
2540 silly audit   '@babel/parser': [ '7.29.7' ],
2540 silly audit   '@babel/template': [ '7.29.7' ],
2540 silly audit   '@babel/traverse': [ '7.29.7' ],
2540 silly audit   '@babel/types': [ '7.29.7' ],
2540 silly audit   '@jridgewell/remapping': [ '2.3.5' ],
2540 silly audit   'convert-source-map': [ '2.0.0' ],
2540 silly audit   gensync: [ '1.0.0-beta.2' ],
2540 silly audit   '@jridgewell/gen-mapping': [ '0.3.13' ],
2540 silly audit   '@jridgewell/trace-mapping': [ '0.3.31' ],
2540 silly audit   jsesc: [ '3.1.0' ],
2540 silly audit   '@babel/compat-data': [ '7.29.7' ],
2540 silly audit   '@babel/helper-validator-option': [ '7.29.7' ],
2540 silly audit   browserslist: [ '4.28.6' ],
2540 silly audit   'lru-cache': [ '5.1.1', '11.5.2', '10.4.3' ],
2540 silly audit   '@babel/helper-module-imports': [ '7.29.7' ],
2540 silly audit   '@babel/helper-plugin-utils': [ '7.29.7' ],
2540 silly audit   '@babel/helper-globals': [ '7.29.7' ],
2540 silly audit   '@babel/helper-string-parser': [ '7.29.7' ],
2540 silly audit   'cross-spawn': [ '7.0.6' ],
2540 silly audit   '@jridgewell/sourcemap-codec': [ '1.5.5' ],
2540 silly audit   '@jridgewell/resolve-uri': [ '3.1.2' ],
2540 silly audit   'baseline-browser-mapping': [ '2.10.43' ],
2540 silly audit   'caniuse-lite': [ '1.0.30001805' ],
2540 silly audit   'electron-to-chromium': [ '1.5.392' ],
2540 silly audit   'node-releases': [ '2.0.51' ],
2540 silly audit   'update-browserslist-db': [ '1.2.3' ],
2540 silly audit   'ansi-styles': [ '4.3.0', '5.2.0', '3.2.1' ],
2540 silly audit   'supports-color': [ '7.2.0', '8.1.1', '5.5.0' ],
2540 silly audit   'color-convert': [ '2.0.1', '1.9.3' ],
2540 silly audit   'color-name': [ '1.1.4', '1.1.3' ],
2540 silly audit   'path-key': [ '3.1.1' ],
2540 silly audit   'shebang-command': [ '2.0.0' ],
2540 silly audit   which: [ '2.0.2' ],
2540 silly audit   ms: [ '2.1.3', '2.0.0' ],
2540 silly audit   commander: [ '7.2.0', '12.1.0', '2.20.3' ],
2540 silly audit   '@expo/expo-modules-macros-plugin': [ '0.6.1' ],
2540 silly audit   'expo-modules-jsi': [ '57.0.3' ],
2540 silly audit   invariant: [ '2.2.4' ],
2540 silly audit   minipass: [ '7.1.3' ],
2540 silly audit   'path-scurry': [ '2.0.2' ],
2540 silly audit   'loose-envify': [ '1.4.0' ],
2540 silly audit   yallist: [ '3.1.1' ],
2540 silly audit   accepts: [ '2.0.0', '1.3.8' ],
2540 silly audit   'ci-info': [ '2.0.0', '3.9.0' ],
2540 silly audit   connect: [ '3.7.0' ],
2540 silly audit   'error-stack-parser': [ '2.1.4' ],
2540 silly audit   'flow-enums-runtime': [ '0.0.6' ],
2540 silly audit   'graceful-fs': [ '4.2.11' ],
2540 silly audit   'hermes-parser': [ '0.35.0', '0.36.0', '0.36.1' ],
2540 silly audit   'image-size': [ '1.2.1' ],
2540 silly audit   'jest-worker': [ '29.7.0' ],
2540 silly audit   'jsc-safe-url': [ '0.2.4' ],
2540 silly audit   'lodash.throttle': [ '4.1.1' ],
2540 silly audit   'mime-types': [ '3.0.2', '2.1.35' ],
2540 silly audit   nullthrows: [ '1.1.1' ],
2540 silly audit   'serialize-error': [ '2.1.0' ],
2540 silly audit   'source-map': [ '0.5.7', '0.6.1' ],
2540 silly audit   throat: [ '5.0.0' ],
2540 silly audit   ws: [ '7.5.12', '8.21.1' ],
2540 silly audit   yargs: [ '17.7.3' ],
2540 silly audit   negotiator: [ '1.0.0', '0.6.4', '0.6.3' ],
2540 silly audit   finalhandler: [ '1.1.2' ],
2540 silly audit   parseurl: [ '1.3.3' ],
2540 silly audit   'utils-merge': [ '1.0.1' ],
2540 silly audit   stackframe: [ '1.3.4' ],
2540 silly audit   encodeurl: [ '1.0.2', '2.0.0' ],
2540 silly audit   'escape-html': [ '1.0.3' ],
2540 silly audit   'on-finished': [ '2.3.0', '2.4.1' ],
2540 silly audit   statuses: [ '1.5.0', '2.0.2' ],
2540 silly audit   unpipe: [ '1.0.0' ],
2540 silly audit   'hermes-estree': [ '0.35.0', '0.36.0', '0.36.1' ],
2540 silly audit   queue: [ '6.0.2' ],
2540 silly audit   '@types/node': [ '26.1.1' ],
2540 silly audit   'jest-util': [ '29.7.0' ],
2540 silly audit   'merge-stream': [ '2.0.0' ],
2540 silly audit   'undici-types': [ '8.3.0' ],
2540 silly audit   '@jest/types': [ '29.6.3' ],
2540 silly audit   picomatch: [ '2.3.2', '4.0.5' ],
2540 silly audit   '@jest/schemas': [ '29.6.3' ],
2540 silly audit   '@types/istanbul-lib-coverage': [ '2.0.6' ],
2540 silly audit   '@types/istanbul-reports': [ '3.0.4' ],
2540 silly audit   '@types/yargs': [ '17.0.35' ],
2540 silly audit   '@sinclair/typebox': [ '0.27.10' ],
2540 silly audit   '@types/istanbul-lib-report': [ '3.0.3' ],
2540 silly audit   '@types/yargs-parser': [ '21.0.3' ],
2540 silly audit   'exponential-backoff': [ '3.1.3' ],
2540 silly audit   'https-proxy-agent': [ '7.0.6' ],
2540 silly audit   'agent-base': [ '7.1.4' ],
2540 silly audit   'jest-validate': [ '29.7.0' ],
2540 silly audit   yaml: [ '2.9.0' ],
2540 silly audit   camelcase: [ '6.3.0' ],
2540 silly audit   'jest-get-type': [ '29.6.3' ],
2540 silly audit   leven: [ '3.1.0' ],
2540 silly audit   'fb-watchman': [ '2.0.2' ],
2540 silly audit   micromatch: [ '4.0.8' ],
2540 silly audit   walker: [ '1.0.8' ],
2540 silly audit   bser: [ '2.1.1' ],
2540 silly audit   'node-int64': [ '0.4.0' ],
2540 silly audit   terser: [ '5.49.0' ],
2540 silly audit   ob1: [ '0.84.4' ],
2540 silly audit   vlq: [ '1.0.1' ],
2540 silly audit   braces: [ '3.0.3' ],
2540 silly audit   'fill-range': [ '7.1.1' ],
2540 silly audit   'to-regex-range': [ '5.0.1' ],
2540 silly audit   'mime-db': [ '1.54.0', '1.52.0' ],
2540 silly audit   'brace-expansion': [ '5.0.7' ],
2540 silly audit   'balanced-match': [ '4.0.4' ],
2540 silly audit   'ee-first': [ '1.1.1' ],
2540 silly audit   'react-is': [ '18.3.1' ],
2540 silly audit   inherits: [ '2.0.4' ],
2540 silly audit   '@react-native/assets-registry': [ '0.86.0' ],
2540 silly audit   '@react-native/codegen': [ '0.86.0' ],
2540 silly audit   '@react-native/community-cli-plugin': [ '0.86.0' ],
2540 silly audit   '@react-native/gradle-plugin': [ '0.86.0' ],
2540 silly audit   '@react-native/js-polyfills': [ '0.86.0' ],
2540 silly audit   '@react-native/normalize-colors': [ '0.86.0' ],
2540 silly audit   '@react-native/virtualized-lists': [ '0.86.0' ],
2540 silly audit   'abort-controller': [ '3.0.0' ],
2540 silly audit   anser: [ '1.4.10' ],
2540 silly audit   'ansi-regex': [ '5.0.1', '4.1.1' ],
2540 silly audit   'babel-plugin-syntax-hermes-parser': [ '0.36.0' ],
2540 silly audit   'hermes-compiler': [ '250829098.0.14' ],
2540 silly audit   'memoize-one': [ '5.2.1' ],
2540 silly audit   promise: [ '8.3.0' ],
2540 silly audit   'react-devtools-core': [ '6.1.5' ],
2540 silly audit   'regenerator-runtime': [ '0.13.11' ],
2540 silly audit   scheduler: [ '0.27.0' ],
2540 silly audit   'stacktrace-parser': [ '0.1.11' ],
2540 silly audit   tinyglobby: [ '0.2.17' ],
2540 silly audit   'whatwg-fetch': [ '3.6.20' ],
2540 silly audit   '@react-native/dev-middleware': [ '0.86.0' ],
2540 silly audit   '@isaacs/ttlcache': [ '1.4.1' ],
2540 silly audit   '@react-native/debugger-frontend': [ '0.86.0' ],
2540 silly audit   '@react-native/debugger-shell': [ '0.86.0' ],
2540 silly audit   'chrome-launcher': [ '0.15.2' ],
2540 silly audit   'chromium-edge-launcher': [ '0.3.0' ],
2540 silly audit   open: [ '7.4.2' ],
2540 silly audit   'serve-static': [ '1.16.3' ],
2540 silly audit   'fb-dotslash': [ '0.5.8' ],
2540 silly audit   'event-target-shim': [ '5.0.1' ],
2540 silly audit   'escape-string-regexp': [ '4.0.0', '1.0.5' ],
2540 silly audit   'is-wsl': [ '2.2.0' ],
2540 silly audit   'lighthouse-logger': [ '1.4.2' ],
2540 silly audit   mkdirp: [ '1.0.4' ],
2540 silly audit   'is-docker': [ '2.2.1' ],
2540 silly audit   marky: [ '1.3.0' ],
2540 silly audit   asap: [ '2.0.6' ],
2540 silly audit   'shell-quote': [ '1.10.0' ],
2540 silly audit   send: [ '0.19.2' ],
2540 silly audit   depd: [ '2.0.0' ],
2540 silly audit   destroy: [ '1.2.0' ],
2540 silly audit   etag: [ '1.8.1' ],
2540 silly audit   fresh: [ '0.5.2' ],
2540 silly audit   'http-errors': [ '2.0.1' ],
2540 silly audit   mime: [ '1.6.0' ],
2540 silly audit   'range-parser': [ '1.2.1' ],
2540 silly audit   setprototypeof: [ '1.2.0' ],
2540 silly audit   toidentifier: [ '1.0.1' ],
2540 silly audit   'shebang-regex': [ '3.0.0' ],
2540 silly audit   'type-fest': [ '0.7.1', '0.21.3' ],
2540 silly audit   'has-flag': [ '4.0.0', '3.0.0' ],
2540 silly audit   '@jridgewell/source-map': [ '0.3.11' ],
2540 silly audit   acorn: [ '8.17.0' ],
2540 silly audit   'source-map-support': [ '0.5.21' ],
2540 silly audit   'buffer-from': [ '1.1.2' ],
2540 silly audit   fdir: [ '6.5.0' ],
2540 silly audit   'is-number': [ '7.0.0' ],
2540 silly audit   escalade: [ '3.2.0' ],
2540 silly audit   makeerror: [ '1.0.12' ],
2540 silly audit   tmpl: [ '1.0.5' ],
2540 silly audit   isexe: [ '2.0.0' ],
2540 silly audit   'simple-plist': [ '1.3.1' ],
2540 silly audit   uuid: [ '7.0.3' ],
2540 silly audit   'bplist-creator': [ '0.1.0' ],
2540 silly audit   'bplist-parser': [ '0.3.1' ],
2540 silly audit   plist: [ '3.1.1' ],
2540 silly audit   'stream-buffers': [ '2.2.0' ],
2540 silly audit   'big-integer': [ '1.6.52' ],
2540 silly audit   sax: [ '1.6.0' ],
2540 silly audit   cliui: [ '8.0.1' ],
2540 silly audit   'get-caller-file': [ '2.0.5' ],
2540 silly audit   'require-directory': [ '2.1.1' ],
2540 silly audit   'string-width': [ '4.2.3' ],
2540 silly audit   y18n: [ '5.0.8' ],
2540 silly audit   'yargs-parser': [ '21.1.1' ],
2540 silly audit   'strip-ansi': [ '6.0.1', '5.2.0' ],
2540 silly audit   'wrap-ansi': [ '7.0.0' ],
2540 silly audit   'emoji-regex': [ '8.0.0' ],
2540 silly audit   'is-fullwidth-code-point': [ '3.0.0' ],
2540 silly audit   '@expo/code-signing-certificates': [ '0.0.6' ],
2540 silly audit   '@expo/devcert': [ '1.2.1' ],
2540 silly audit   '@expo/image-utils': [ '0.11.3' ],
2540 silly audit   '@expo/inline-modules': [ '0.1.3' ],
2540 silly audit   '@expo/metro-file-map': [ '57.0.1' ],
2540 silly audit   '@expo/osascript': [ '2.7.1' ],
2540 silly audit   '@expo/package-manager': [ '1.13.1' ],
2540 silly audit   '@expo/prebuild-config': [ '57.0.7' ],
2540 silly audit   '@expo/router-server': [ '57.0.3' ],
2540 silly audit   'expo-server': [ '57.0.1' ],
2540 silly audit   '@expo/schema-utils': [ '57.0.2' ],
2540 silly audit   '@expo/ws-tunnel': [ '2.0.0' ],
2540 silly audit   '@expo/xcpretty': [ '4.4.4' ],
2540 silly audit   'agent-cli-detector': [ '0.1.2' ],
2540 silly audit   compression: [ '1.8.1' ],
2540 silly audit   'dnssd-advertise': [ '1.1.6' ],
2540 silly audit   'fetch-nodeshim': [ '0.4.10' ],
2540 silly audit   'lan-network': [ '0.2.1' ],
2540 silly audit   multitars: [ '1.0.0' ],
2540 silly audit   'node-forge': [ '1.4.0' ],
2540 silly audit   'npm-package-arg': [ '11.0.3' ],
2540 silly audit   ora: [ '3.4.0' ],
2540 silly audit   progress: [ '2.0.3' ],
2540 silly audit   prompts: [ '2.4.2' ],
2540 silly audit   'structured-headers': [ '0.4.1' ],
2540 silly audit   'terminal-link': [ '2.1.1' ],
2540 silly audit   toqr: [ '0.1.1' ],
2540 silly audit   zod: [ '3.25.76' ],
2540 silly audit   '@expo/sudo-prompt': [ '9.3.2' ],
2540 silly audit   'jimp-compact': [ '0.16.1' ],
2540 silly audit   'parse-png': [ '2.1.0' ],
2540 silly audit   'js-yaml': [ '4.3.0' ],
2540 silly audit   bytes: [ '3.1.2' ],
2540 silly audit   compressible: [ '2.0.18' ],
2540 silly audit   'on-headers': [ '1.1.0' ],
2540 silly audit   'safe-buffer': [ '5.2.1' ],
2540 silly audit   vary: [ '1.1.2' ],
2540 silly audit   argparse: [ '2.0.1' ],
2540 silly audit   'hosted-git-info': [ '7.0.2' ],
2540 silly audit   'proc-log': [ '4.2.0' ],
2540 silly audit   'validate-npm-package-name': [ '5.0.1' ],
2540 silly audit   'cli-cursor': [ '2.1.0' ],
2540 silly audit   'cli-spinners': [ '2.9.2' ],
2540 silly audit   'log-symbols': [ '2.2.0' ],
2540 silly audit   wcwidth: [ '1.0.1' ],
2540 silly audit   'restore-cursor': [ '2.0.0' ],
2540 silly audit   pngjs: [ '3.4.0' ],
2540 silly audit   kleur: [ '3.0.3' ],
2540 silly audit   sisteransi: [ '1.0.5' ],
2540 silly audit   onetime: [ '2.0.1' ],
2540 silly audit   'signal-exit': [ '3.0.7' ],
2540 silly audit   'mimic-fn': [ '1.2.0' ],
2540 silly audit   'ansi-escapes': [ '4.3.2' ],
2540 silly audit   'supports-hyperlinks': [ '2.3.0' ],
2540 silly audit   defaults: [ '1.0.4' ],
2540 silly audit   clone: [ '1.0.4' ],
2540 silly audit   lightningcss: [ '1.32.0' ],
2540 silly audit   postcss: [ '8.5.19' ],
2540 silly audit   'detect-libc': [ '2.1.2' ],
2540 silly audit   'lightningcss-android-arm64': [ '1.32.0' ],
2540 silly audit   'lightningcss-darwin-arm64': [ '1.32.0' ],
2540 silly audit   'lightningcss-darwin-x64': [ '1.32.0' ],
2540 silly audit   'lightningcss-freebsd-x64': [ '1.32.0' ],
2540 silly audit   'lightningcss-linux-arm-gnueabihf': [ '1.32.0' ],
2540 silly audit   'lightningcss-linux-arm64-gnu': [ '1.32.0' ],
2540 silly audit   'lightningcss-linux-arm64-musl': [ '1.32.0' ],
2540 silly audit   'lightningcss-linux-x64-gnu': [ '1.32.0' ],
2540 silly audit   'lightningcss-linux-x64-musl': [ '1.32.0' ],
2540 silly audit   'lightningcss-win32-arm64-msvc': [ '1.32.0' ],
2540 silly audit   'lightningcss-win32-x64-msvc': [ '1.32.0' ],
2540 silly audit   nanoid: [ '3.3.16' ],
2540 silly audit   'source-map-js': [ '1.2.1' ],
2540 silly audit   '@babel/plugin-proposal-decorators': [ '7.29.7' ],
2540 silly audit   '@babel/plugin-proposal-export-default-from': [ '7.29.7' ],
2540 silly audit   '@babel/plugin-syntax-dynamic-import': [ '7.8.3' ],
2540 silly audit   '@babel/plugin-syntax-export-default-from': [ '7.29.7' ],
2540 silly audit   '@babel/plugin-syntax-nullish-coalescing-operator': [ '7.8.3' ],
2540 silly audit   '@babel/plugin-syntax-optional-chaining': [ '7.8.3' ],
2540 silly audit   '@babel/plugin-transform-async-generator-functions': [ '7.29.7' ],
2540 silly audit   '@babel/plugin-transform-async-to-generator': [ '7.29.7' ],
2540 silly audit   '@babel/plugin-transform-block-scoping': [ '7.29.7' ],
2540 silly audit   '@babel/plugin-transform-class-properties': [ '7.29.7' ],
2540 silly audit   '@babel/plugin-transform-class-static-block': [ '7.29.7' ],
2540 silly audit   '@babel/plugin-transform-classes': [ '7.29.7' ],
2540 silly audit   '@babel/plugin-transform-destructuring': [ '7.29.7' ],
2540 silly audit   '@babel/plugin-transform-export-namespace-from': [ '7.29.7' ],
2540 silly audit   '@babel/plugin-transform-flow-strip-types': [ '7.29.7' ],
2540 silly audit   '@babel/plugin-transform-for-of': [ '7.29.7' ],
2540 silly audit   '@babel/plugin-transform-logical-assignment-operators': [ '7.29.7' ],
2540 silly audit   '@babel/plugin-transform-named-capturing-groups-regex': [ '7.29.7' ],
2540 silly audit   '@babel/plugin-transform-nullish-coalescing-operator': [ '7.29.7' ],
2540 silly audit   '@babel/plugin-transform-object-rest-spread': [ '7.29.7' ],
2540 silly audit   '@babel/plugin-transform-optional-catch-binding': [ '7.29.7' ],
2540 silly audit   '@babel/plugin-transform-optional-chaining': [ '7.29.7' ],
2540 silly audit   '@babel/plugin-transform-parameters': [ '7.29.7' ],
2540 silly audit   '@babel/plugin-transform-private-methods': [ '7.29.7' ],
2540 silly audit   '@babel/plugin-transform-private-property-in-object': [ '7.29.7' ],
2540 silly audit   '@babel/plugin-transform-react-display-name': [ '7.29.7' ],
2540 silly audit   '@babel/plugin-transform-react-jsx': [ '7.29.7' ],
2540 silly audit   '@babel/plugin-transform-react-jsx-development': [ '7.29.7' ],
2540 silly audit   '@babel/plugin-transform-react-pure-annotations': [ '7.29.7' ],
2540 silly audit   '@babel/plugin-transform-runtime': [ '7.29.7' ],
2540 silly audit   '@babel/plugin-transform-typescript': [ '7.29.7' ],
2540 silly audit   '@babel/plugin-transform-unicode-regex': [ '7.29.7' ],
2540 silly audit   '@babel/preset-typescript': [ '7.29.7' ],
2540 silly audit   '@react-native/babel-plugin-codegen': [ '0.86.0' ],
2540 silly audit   'babel-plugin-react-compiler': [ '1.0.0' ],
2540 silly audit   'babel-plugin-react-native-web': [ '0.21.2' ],
2540 silly audit   'babel-plugin-transform-flow-enums': [ '0.0.2' ],
2540 silly audit   '@babel/helper-create-class-features-plugin': [ '7.29.7' ],
2540 silly audit   '@babel/plugin-syntax-decorators': [ '7.29.7' ],
2540 silly audit   '@babel/helper-annotate-as-pure': [ '7.29.7' ],
2540 silly audit   '@babel/helper-member-expression-to-functions': [ '7.29.7' ],
2540 silly audit   '@babel/helper-optimise-call-expression': [ '7.29.7' ],
2540 silly audit   '@babel/helper-replace-supers': [ '7.29.7' ],
2540 silly audit   '@babel/helper-skip-transparent-expression-wrappers': [ '7.29.7' ],
2540 silly audit   '@babel/helper-remap-async-to-generator': [ '7.29.7' ],
2540 silly audit   '@babel/helper-wrap-function': [ '7.29.7' ],
2540 silly audit   '@babel/plugin-syntax-flow': [ '7.29.7' ],
2540 silly audit   '@babel/helper-create-regexp-features-plugin': [ '7.29.7' ],
2540 silly audit   'regexpu-core': [ '6.4.0' ],
2540 silly audit   '@babel/plugin-syntax-jsx': [ '7.29.7' ],
2540 silly audit   'babel-plugin-polyfill-corejs2': [ '0.4.17' ],
2540 silly audit   'babel-plugin-polyfill-corejs3': [ '0.13.0' ],
2540 silly audit   'babel-plugin-polyfill-regenerator': [ '0.6.8' ],
2540 silly audit   '@babel/plugin-syntax-typescript': [ '7.29.7' ],
2540 silly audit   '@babel/helper-define-polyfill-provider': [ '0.6.8' ],
2540 silly audit   'lodash.debounce': [ '4.0.8' ],
2540 silly audit   resolve: [ '1.22.12' ],
2540 silly audit   'core-js-compat': [ '3.49.0' ],
2540 silly audit   regenerate: [ '1.4.2' ],
2540 silly audit   'regenerate-unicode-properties': [ '10.2.2' ],
2540 silly audit   regjsgen: [ '0.8.0' ],
2540 silly audit   regjsparser: [ '0.13.2' ],
2540 silly audit   'unicode-match-property-ecmascript': [ '2.0.0' ],
2540 silly audit   'unicode-match-property-value-ecmascript': [ '2.2.1' ],
2540 silly audit   'es-errors': [ '1.3.0' ],
2540 silly audit   'is-core-module': [ '2.16.2' ],
2540 silly audit   'path-parse': [ '1.0.7' ],
2540 silly audit   'supports-preserve-symlinks-flag': [ '1.0.0' ],
2540 silly audit   hasown: [ '2.0.4' ],
2540 silly audit   'function-bind': [ '1.1.2' ],
2540 silly audit   'unicode-canonical-property-names-ecmascript': [ '2.0.1' ],
2540 silly audit   'unicode-property-aliases-ecmascript': [ '2.2.0' ],
2540 silly audit   fontfaceobserver: [ '2.3.0' ]
2540 silly audit }
2541 http cache function-bind@https://registry.npmjs.org/function-bind/-/function-bind-1.1.2.tgz 0ms (cache hit)
2542 http cache fontfaceobserver@https://registry.npmjs.org/fontfaceobserver/-/fontfaceobserver-2.3.0.tgz 0ms (cache hit)
2543 http cache unicode-property-aliases-ecmascript@https://registry.npmjs.org/unicode-property-aliases-ecmascript/-/unicode-property-aliases-ecmascript-2.2.0.tgz 1ms (cache hit)
2544 http cache supports-preserve-symlinks-flag@https://registry.npmjs.org/supports-preserve-symlinks-flag/-/supports-preserve-symlinks-flag-1.0.0.tgz 0ms (cache hit)
2545 http cache path-parse@https://registry.npmjs.org/path-parse/-/path-parse-1.0.7.tgz 0ms (cache hit)
2546 http cache is-core-module@https://registry.npmjs.org/is-core-module/-/is-core-module-2.16.2.tgz 0ms (cache hit)
2547 http cache unicode-match-property-value-ecmascript@https://registry.npmjs.org/unicode-match-property-value-ecmascript/-/unicode-match-property-value-ecmascript-2.2.1.tgz 0ms (cache hit)
2548 http cache es-errors@https://registry.npmjs.org/es-errors/-/es-errors-1.3.0.tgz 0ms (cache hit)
2549 http cache unicode-match-property-ecmascript@https://registry.npmjs.org/unicode-match-property-ecmascript/-/unicode-match-property-ecmascript-2.0.0.tgz 0ms (cache hit)
2550 http cache hasown@https://registry.npmjs.org/hasown/-/hasown-2.0.4.tgz 0ms (cache hit)
2551 http cache regenerate-unicode-properties@https://registry.npmjs.org/regenerate-unicode-properties/-/regenerate-unicode-properties-10.2.2.tgz 0ms (cache hit)
2552 http cache regjsgen@https://registry.npmjs.org/regjsgen/-/regjsgen-0.8.0.tgz 0ms (cache hit)
2553 http cache resolve@https://registry.npmjs.org/resolve/-/resolve-1.22.12.tgz 0ms (cache hit)
2554 http cache regjsparser@https://registry.npmjs.org/regjsparser/-/regjsparser-0.13.2.tgz 0ms (cache hit)
2555 http cache @babel/plugin-syntax-typescript@https://registry.npmjs.org/@babel/plugin-syntax-typescript/-/plugin-syntax-typescript-7.29.7.tgz 0ms (cache hit)
2556 http cache core-js-compat@https://registry.npmjs.org/core-js-compat/-/core-js-compat-3.49.0.tgz 0ms (cache hit)
2557 http cache unicode-canonical-property-names-ecmascript@https://registry.npmjs.org/unicode-canonical-property-names-ecmascript/-/unicode-canonical-property-names-ecmascript-2.0.1.tgz 0ms (cache hit)
2558 http cache lodash.debounce@https://registry.npmjs.org/lodash.debounce/-/lodash.debounce-4.0.8.tgz 0ms (cache hit)
2559 http cache @babel/helper-define-polyfill-provider@https://registry.npmjs.org/@babel/helper-define-polyfill-provider/-/helper-define-polyfill-provider-0.6.8.tgz 0ms (cache hit)
2560 http cache babel-plugin-polyfill-regenerator@https://registry.npmjs.org/babel-plugin-polyfill-regenerator/-/babel-plugin-polyfill-regenerator-0.6.8.tgz 0ms (cache hit)
2561 http cache @babel/plugin-syntax-jsx@https://registry.npmjs.org/@babel/plugin-syntax-jsx/-/plugin-syntax-jsx-7.29.7.tgz 0ms (cache hit)
2562 http cache @babel/helper-create-regexp-features-plugin@https://registry.npmjs.org/@babel/helper-create-regexp-features-plugin/-/helper-create-regexp-features-plugin-7.29.7.tgz 0ms (cache hit)
2563 http cache @babel/helper-wrap-function@https://registry.npmjs.org/@babel/helper-wrap-function/-/helper-wrap-function-7.29.7.tgz 0ms (cache hit)
2564 http cache regenerate@https://registry.npmjs.org/regenerate/-/regenerate-1.4.2.tgz 0ms (cache hit)
2565 http cache babel-plugin-polyfill-corejs2@https://registry.npmjs.org/babel-plugin-polyfill-corejs2/-/babel-plugin-polyfill-corejs2-0.4.17.tgz 0ms (cache hit)
2566 http cache @babel/helper-optimise-call-expression@https://registry.npmjs.org/@babel/helper-optimise-call-expression/-/helper-optimise-call-expression-7.29.7.tgz 0ms (cache hit)
2567 http cache babel-plugin-polyfill-corejs3@https://registry.npmjs.org/babel-plugin-polyfill-corejs3/-/babel-plugin-polyfill-corejs3-0.13.0.tgz 0ms (cache hit)
2568 http cache regexpu-core@https://registry.npmjs.org/regexpu-core/-/regexpu-core-6.4.0.tgz 0ms (cache hit)
2569 http cache @babel/helper-member-expression-to-functions@https://registry.npmjs.org/@babel/helper-member-expression-to-functions/-/helper-member-expression-to-functions-7.29.7.tgz 0ms (cache hit)
2570 http cache babel-plugin-transform-flow-enums@https://registry.npmjs.org/babel-plugin-transform-flow-enums/-/babel-plugin-transform-flow-enums-0.0.2.tgz 0ms (cache hit)
2571 http cache @babel/plugin-syntax-decorators@https://registry.npmjs.org/@babel/plugin-syntax-decorators/-/plugin-syntax-decorators-7.29.7.tgz 0ms (cache hit)
2572 http cache babel-plugin-react-native-web@https://registry.npmjs.org/babel-plugin-react-native-web/-/babel-plugin-react-native-web-0.21.2.tgz 0ms (cache hit)
2573 http cache @babel/helper-annotate-as-pure@https://registry.npmjs.org/@babel/helper-annotate-as-pure/-/helper-annotate-as-pure-7.29.7.tgz 0ms (cache hit)
2574 http cache @babel/helper-create-class-features-plugin@https://registry.npmjs.org/@babel/helper-create-class-features-plugin/-/helper-create-class-features-plugin-7.29.7.tgz 0ms (cache hit)
2575 http cache babel-plugin-react-compiler@https://registry.npmjs.org/babel-plugin-react-compiler/-/babel-plugin-react-compiler-1.0.0.tgz 0ms (cache hit)
2576 http cache @react-native/babel-plugin-codegen@https://registry.npmjs.org/@react-native/babel-plugin-codegen/-/babel-plugin-codegen-0.86.0.tgz 0ms (cache hit)
2577 http cache @babel/preset-typescript@https://registry.npmjs.org/@babel/preset-typescript/-/preset-typescript-7.29.7.tgz 0ms (cache hit)
2578 http cache @babel/plugin-transform-typescript@https://registry.npmjs.org/@babel/plugin-transform-typescript/-/plugin-transform-typescript-7.29.7.tgz 0ms (cache hit)
2579 http cache @babel/plugin-transform-unicode-regex@https://registry.npmjs.org/@babel/plugin-transform-unicode-regex/-/plugin-transform-unicode-regex-7.29.7.tgz 0ms (cache hit)
2580 http cache @babel/plugin-transform-runtime@https://registry.npmjs.org/@babel/plugin-transform-runtime/-/plugin-transform-runtime-7.29.7.tgz 0ms (cache hit)
2581 http cache @babel/plugin-transform-react-pure-annotations@https://registry.npmjs.org/@babel/plugin-transform-react-pure-annotations/-/plugin-transform-react-pure-annotations-7.29.7.tgz 0ms (cache hit)
2582 http cache @babel/plugin-transform-react-jsx@https://registry.npmjs.org/@babel/plugin-transform-react-jsx/-/plugin-transform-react-jsx-7.29.7.tgz 0ms (cache hit)
2583 http cache @babel/plugin-transform-react-jsx-development@https://registry.npmjs.org/@babel/plugin-transform-react-jsx-development/-/plugin-transform-react-jsx-development-7.29.7.tgz 0ms (cache hit)
2584 http cache @babel/plugin-syntax-flow@https://registry.npmjs.org/@babel/plugin-syntax-flow/-/plugin-syntax-flow-7.29.7.tgz 0ms (cache hit)
2585 http cache @babel/plugin-transform-react-display-name@https://registry.npmjs.org/@babel/plugin-transform-react-display-name/-/plugin-transform-react-display-name-7.29.7.tgz 0ms (cache hit)
2586 http cache @babel/plugin-transform-parameters@https://registry.npmjs.org/@babel/plugin-transform-parameters/-/plugin-transform-parameters-7.29.7.tgz 1ms (cache hit)
2587 http cache @babel/plugin-transform-private-property-in-object@https://registry.npmjs.org/@babel/plugin-transform-private-property-in-object/-/plugin-transform-private-property-in-object-7.29.7.tgz 0ms (cache hit)
2588 http cache @babel/plugin-transform-optional-chaining@https://registry.npmjs.org/@babel/plugin-transform-optional-chaining/-/plugin-transform-optional-chaining-7.29.7.tgz 0ms (cache hit)
2589 http cache @babel/helper-remap-async-to-generator@https://registry.npmjs.org/@babel/helper-remap-async-to-generator/-/helper-remap-async-to-generator-7.29.7.tgz 0ms (cache hit)
2590 http cache @babel/plugin-transform-private-methods@https://registry.npmjs.org/@babel/plugin-transform-private-methods/-/plugin-transform-private-methods-7.29.7.tgz 0ms (cache hit)
2591 http cache @babel/plugin-transform-nullish-coalescing-operator@https://registry.npmjs.org/@babel/plugin-transform-nullish-coalescing-operator/-/plugin-transform-nullish-coalescing-operator-7.29.7.tgz 0ms (cache hit)
2592 http cache @babel/plugin-transform-object-rest-spread@https://registry.npmjs.org/@babel/plugin-transform-object-rest-spread/-/plugin-transform-object-rest-spread-7.29.7.tgz 0ms (cache hit)
2593 http cache @babel/plugin-transform-named-capturing-groups-regex@https://registry.npmjs.org/@babel/plugin-transform-named-capturing-groups-regex/-/plugin-transform-named-capturing-groups-regex-7.29.7.tgz 0ms (cache hit)
2594 http cache @babel/helper-skip-transparent-expression-wrappers@https://registry.npmjs.org/@babel/helper-skip-transparent-expression-wrappers/-/helper-skip-transparent-expression-wrappers-7.29.7.tgz 0ms (cache hit)
2595 http cache @babel/plugin-transform-flow-strip-types@https://registry.npmjs.org/@babel/plugin-transform-flow-strip-types/-/plugin-transform-flow-strip-types-7.29.7.tgz 0ms (cache hit)
2596 http cache @babel/plugin-transform-logical-assignment-operators@https://registry.npmjs.org/@babel/plugin-transform-logical-assignment-operators/-/plugin-transform-logical-assignment-operators-7.29.7.tgz 0ms (cache hit)
2597 http cache @babel/plugin-transform-export-namespace-from@https://registry.npmjs.org/@babel/plugin-transform-export-namespace-from/-/plugin-transform-export-namespace-from-7.29.7.tgz 0ms (cache hit)
2598 http cache @babel/plugin-transform-destructuring@https://registry.npmjs.org/@babel/plugin-transform-destructuring/-/plugin-transform-destructuring-7.29.7.tgz 0ms (cache hit)
2599 http cache @babel/plugin-transform-class-static-block@https://registry.npmjs.org/@babel/plugin-transform-class-static-block/-/plugin-transform-class-static-block-7.29.7.tgz 0ms (cache hit)
2600 http cache @babel/plugin-transform-optional-catch-binding@https://registry.npmjs.org/@babel/plugin-transform-optional-catch-binding/-/plugin-transform-optional-catch-binding-7.29.7.tgz 0ms (cache hit)
2601 http cache @babel/plugin-transform-class-properties@https://registry.npmjs.org/@babel/plugin-transform-class-properties/-/plugin-transform-class-properties-7.29.7.tgz 0ms (cache hit)
2602 http cache @babel/plugin-transform-async-to-generator@https://registry.npmjs.org/@babel/plugin-transform-async-to-generator/-/plugin-transform-async-to-generator-7.29.7.tgz 0ms (cache hit)
2603 http cache @babel/plugin-syntax-optional-chaining@https://registry.npmjs.org/@babel/plugin-syntax-optional-chaining/-/plugin-syntax-optional-chaining-7.8.3.tgz 0ms (cache hit)
2604 http cache @babel/helper-replace-supers@https://registry.npmjs.org/@babel/helper-replace-supers/-/helper-replace-supers-7.29.7.tgz 0ms (cache hit)
2605 http cache @babel/plugin-transform-async-generator-functions@https://registry.npmjs.org/@babel/plugin-transform-async-generator-functions/-/plugin-transform-async-generator-functions-7.29.7.tgz 0ms (cache hit)
2606 http cache @babel/plugin-syntax-export-default-from@https://registry.npmjs.org/@babel/plugin-syntax-export-default-from/-/plugin-syntax-export-default-from-7.29.7.tgz 0ms (cache hit)
2607 http cache @babel/plugin-transform-classes@https://registry.npmjs.org/@babel/plugin-transform-classes/-/plugin-transform-classes-7.29.7.tgz 0ms (cache hit)
2608 http cache source-map-js@https://registry.npmjs.org/source-map-js/-/source-map-js-1.2.1.tgz 0ms (cache hit)
2609 http cache nanoid@https://registry.npmjs.org/nanoid/-/nanoid-3.3.16.tgz 0ms (cache hit)
2610 http cache @babel/plugin-syntax-nullish-coalescing-operator@https://registry.npmjs.org/@babel/plugin-syntax-nullish-coalescing-operator/-/plugin-syntax-nullish-coalescing-operator-7.8.3.tgz 0ms (cache hit)
2611 http cache postcss@https://registry.npmjs.org/postcss/-/postcss-8.5.19.tgz 0ms (cache hit)
2612 http cache @babel/plugin-syntax-dynamic-import@https://registry.npmjs.org/@babel/plugin-syntax-dynamic-import/-/plugin-syntax-dynamic-import-7.8.3.tgz 0ms (cache hit)
2613 http cache @babel/plugin-proposal-export-default-from@https://registry.npmjs.org/@babel/plugin-proposal-export-default-from/-/plugin-proposal-export-default-from-7.29.7.tgz 0ms (cache hit)
2614 http cache @babel/plugin-proposal-decorators@https://registry.npmjs.org/@babel/plugin-proposal-decorators/-/plugin-proposal-decorators-7.29.7.tgz 0ms (cache hit)
2615 http cache lightningcss-win32-x64-msvc@https://registry.npmjs.org/lightningcss-win32-x64-msvc/-/lightningcss-win32-x64-msvc-1.32.0.tgz 0ms (cache hit)
2616 http cache defaults@https://registry.npmjs.org/defaults/-/defaults-1.0.4.tgz 0ms (cache hit)
2617 http cache lightningcss@https://registry.npmjs.org/lightningcss/-/lightningcss-1.32.0.tgz 0ms (cache hit)
2618 http cache clone@https://registry.npmjs.org/clone/-/clone-1.0.4.tgz 0ms (cache hit)
2619 http cache supports-hyperlinks@https://registry.npmjs.org/supports-hyperlinks/-/supports-hyperlinks-2.3.0.tgz 0ms (cache hit)
2620 http cache ansi-escapes@https://registry.npmjs.org/ansi-escapes/-/ansi-escapes-4.3.2.tgz 0ms (cache hit)
2621 http cache mimic-fn@https://registry.npmjs.org/mimic-fn/-/mimic-fn-1.2.0.tgz 0ms (cache hit)
2622 http cache sisteransi@https://registry.npmjs.org/sisteransi/-/sisteransi-1.0.5.tgz 0ms (cache hit)
2623 http cache signal-exit@https://registry.npmjs.org/signal-exit/-/signal-exit-3.0.7.tgz 0ms (cache hit)
2624 http cache onetime@https://registry.npmjs.org/onetime/-/onetime-2.0.1.tgz 0ms (cache hit)
2625 http cache @babel/plugin-transform-for-of@https://registry.npmjs.org/@babel/plugin-transform-for-of/-/plugin-transform-for-of-7.29.7.tgz 0ms (cache hit)
2626 http cache kleur@https://registry.npmjs.org/kleur/-/kleur-3.0.3.tgz 0ms (cache hit)
2627 http cache pngjs@https://registry.npmjs.org/pngjs/-/pngjs-3.4.0.tgz 0ms (cache hit)
2628 http cache log-symbols@https://registry.npmjs.org/log-symbols/-/log-symbols-2.2.0.tgz 0ms (cache hit)
2629 http cache @babel/plugin-transform-block-scoping@https://registry.npmjs.org/@babel/plugin-transform-block-scoping/-/plugin-transform-block-scoping-7.29.7.tgz 0ms (cache hit)
2630 http cache cli-spinners@https://registry.npmjs.org/cli-spinners/-/cli-spinners-2.9.2.tgz 0ms (cache hit)
2631 http cache wcwidth@https://registry.npmjs.org/wcwidth/-/wcwidth-1.0.1.tgz 0ms (cache hit)
2632 http cache cli-cursor@https://registry.npmjs.org/cli-cursor/-/cli-cursor-2.1.0.tgz 0ms (cache hit)
2633 http cache validate-npm-package-name@https://registry.npmjs.org/validate-npm-package-name/-/validate-npm-package-name-5.0.1.tgz 0ms (cache hit)
2634 http cache detect-libc@https://registry.npmjs.org/detect-libc/-/detect-libc-2.1.2.tgz 0ms (cache hit)
2635 http cache proc-log@https://registry.npmjs.org/proc-log/-/proc-log-4.2.0.tgz 0ms (cache hit)
2636 http cache argparse@https://registry.npmjs.org/argparse/-/argparse-2.0.1.tgz 0ms (cache hit)
2637 http cache hosted-git-info@https://registry.npmjs.org/hosted-git-info/-/hosted-git-info-7.0.2.tgz 0ms (cache hit)
2638 http cache safe-buffer@https://registry.npmjs.org/safe-buffer/-/safe-buffer-5.2.1.tgz 0ms (cache hit)
2639 http cache vary@https://registry.npmjs.org/vary/-/vary-1.1.2.tgz 0ms (cache hit)
2640 http cache compressible@https://registry.npmjs.org/compressible/-/compressible-2.0.18.tgz 0ms (cache hit)
2641 http cache bytes@https://registry.npmjs.org/bytes/-/bytes-3.1.2.tgz 0ms (cache hit)
2642 http cache js-yaml@https://registry.npmjs.org/js-yaml/-/js-yaml-4.3.0.tgz 1ms (cache hit)
2643 http cache jimp-compact@https://registry.npmjs.org/jimp-compact/-/jimp-compact-0.16.1.tgz 0ms (cache hit)
2644 http cache restore-cursor@https://registry.npmjs.org/restore-cursor/-/restore-cursor-2.0.0.tgz 0ms (cache hit)
2645 http cache on-headers@https://registry.npmjs.org/on-headers/-/on-headers-1.1.0.tgz 0ms (cache hit)
2646 http cache @expo/sudo-prompt@https://registry.npmjs.org/@expo/sudo-prompt/-/sudo-prompt-9.3.2.tgz 0ms (cache hit)
2647 http cache prompts@https://registry.npmjs.org/prompts/-/prompts-2.4.2.tgz 0ms (cache hit)
2648 http cache toqr@https://registry.npmjs.org/toqr/-/toqr-0.1.1.tgz 0ms (cache hit)
2649 http cache parse-png@https://registry.npmjs.org/parse-png/-/parse-png-2.1.0.tgz 0ms (cache hit)
2650 http cache progress@https://registry.npmjs.org/progress/-/progress-2.0.3.tgz 0ms (cache hit)
2651 http cache ora@https://registry.npmjs.org/ora/-/ora-3.4.0.tgz 0ms (cache hit)
2652 http cache structured-headers@https://registry.npmjs.org/structured-headers/-/structured-headers-0.4.1.tgz 0ms (cache hit)
2653 http cache node-forge@https://registry.npmjs.org/node-forge/-/node-forge-1.4.0.tgz 0ms (cache hit)
2654 http cache terminal-link@https://registry.npmjs.org/terminal-link/-/terminal-link-2.1.1.tgz 0ms (cache hit)
2655 http cache multitars@https://registry.npmjs.org/multitars/-/multitars-1.0.0.tgz 0ms (cache hit)
2656 http cache npm-package-arg@https://registry.npmjs.org/npm-package-arg/-/npm-package-arg-11.0.3.tgz 0ms (cache hit)
2657 http cache dnssd-advertise@https://registry.npmjs.org/dnssd-advertise/-/dnssd-advertise-1.1.6.tgz 0ms (cache hit)
2658 http cache lan-network@https://registry.npmjs.org/lan-network/-/lan-network-0.2.1.tgz 0ms (cache hit)
2659 http cache @expo/xcpretty@https://registry.npmjs.org/@expo/xcpretty/-/xcpretty-4.4.4.tgz 0ms (cache hit)
2660 http cache @expo/schema-utils@https://registry.npmjs.org/@expo/schema-utils/-/schema-utils-57.0.2.tgz 0ms (cache hit)
2661 http cache compression@https://registry.npmjs.org/compression/-/compression-1.8.1.tgz 0ms (cache hit)
2662 http cache agent-cli-detector@https://registry.npmjs.org/agent-cli-detector/-/agent-cli-detector-0.1.2.tgz 0ms (cache hit)
2663 http cache expo-server@https://registry.npmjs.org/expo-server/-/expo-server-57.0.1.tgz 0ms (cache hit)
2664 http cache zod@https://registry.npmjs.org/zod/-/zod-3.25.76.tgz 0ms (cache hit)
2665 http cache @expo/package-manager@https://registry.npmjs.org/@expo/package-manager/-/package-manager-1.13.1.tgz 0ms (cache hit)
2666 http cache @expo/prebuild-config@https://registry.npmjs.org/@expo/prebuild-config/-/prebuild-config-57.0.7.tgz 0ms (cache hit)
2667 http cache @expo/metro-file-map@https://registry.npmjs.org/@expo/metro-file-map/-/metro-file-map-57.0.1.tgz 0ms (cache hit)
2668 http cache @expo/inline-modules@https://registry.npmjs.org/@expo/inline-modules/-/inline-modules-0.1.3.tgz 0ms (cache hit)
2669 http cache fetch-nodeshim@https://registry.npmjs.org/fetch-nodeshim/-/fetch-nodeshim-0.4.10.tgz 0ms (cache hit)
2670 http cache @expo/devcert@https://registry.npmjs.org/@expo/devcert/-/devcert-1.2.1.tgz 0ms (cache hit)
2671 http cache @expo/image-utils@https://registry.npmjs.org/@expo/image-utils/-/image-utils-0.11.3.tgz 0ms (cache hit)
2672 http cache wrap-ansi@https://registry.npmjs.org/wrap-ansi/-/wrap-ansi-7.0.0.tgz 0ms (cache hit)
2673 http cache @expo/code-signing-certificates@https://registry.npmjs.org/@expo/code-signing-certificates/-/code-signing-certificates-0.0.6.tgz 0ms (cache hit)
2674 http cache yargs-parser@https://registry.npmjs.org/yargs-parser/-/yargs-parser-21.1.1.tgz 0ms (cache hit)
2675 http cache is-fullwidth-code-point@https://registry.npmjs.org/is-fullwidth-code-point/-/is-fullwidth-code-point-3.0.0.tgz 0ms (cache hit)
2676 http cache strip-ansi@https://registry.npmjs.org/strip-ansi/-/strip-ansi-6.0.1.tgz 0ms (cache hit)
2677 http cache string-width@https://registry.npmjs.org/string-width/-/string-width-4.2.3.tgz 0ms (cache hit)
2678 http cache @expo/osascript@https://registry.npmjs.org/@expo/osascript/-/osascript-2.7.1.tgz 0ms (cache hit)
2679 http cache emoji-regex@https://registry.npmjs.org/emoji-regex/-/emoji-regex-8.0.0.tgz 0ms (cache hit)
2680 http cache require-directory@https://registry.npmjs.org/require-directory/-/require-directory-2.1.1.tgz 0ms (cache hit)
2681 http cache y18n@https://registry.npmjs.org/y18n/-/y18n-5.0.8.tgz 0ms (cache hit)
2682 http cache cliui@https://registry.npmjs.org/cliui/-/cliui-8.0.1.tgz 0ms (cache hit)
2683 http cache bplist-parser@https://registry.npmjs.org/bplist-parser/-/bplist-parser-0.3.1.tgz 0ms (cache hit)
2684 http cache stream-buffers@https://registry.npmjs.org/stream-buffers/-/stream-buffers-2.2.0.tgz 0ms (cache hit)
2685 http cache uuid@https://registry.npmjs.org/uuid/-/uuid-7.0.3.tgz 0ms (cache hit)
2686 http cache big-integer@https://registry.npmjs.org/big-integer/-/big-integer-1.6.52.tgz 0ms (cache hit)
2687 http cache bplist-creator@https://registry.npmjs.org/bplist-creator/-/bplist-creator-0.1.0.tgz 0ms (cache hit)
2688 http cache simple-plist@https://registry.npmjs.org/simple-plist/-/simple-plist-1.3.1.tgz 0ms (cache hit)
2689 http cache isexe@https://registry.npmjs.org/isexe/-/isexe-2.0.0.tgz 0ms (cache hit)
2690 http cache tmpl@https://registry.npmjs.org/tmpl/-/tmpl-1.0.5.tgz 0ms (cache hit)
2691 http cache get-caller-file@https://registry.npmjs.org/get-caller-file/-/get-caller-file-2.0.5.tgz 0ms (cache hit)
2692 http cache is-number@https://registry.npmjs.org/is-number/-/is-number-7.0.0.tgz 0ms (cache hit)
2693 http cache @jridgewell/source-map@https://registry.npmjs.org/@jridgewell/source-map/-/source-map-0.3.11.tgz 0ms (cache hit)
2694 http cache escalade@https://registry.npmjs.org/escalade/-/escalade-3.2.0.tgz 0ms (cache hit)
2695 http cache plist@https://registry.npmjs.org/plist/-/plist-3.1.1.tgz 0ms (cache hit)
2696 http cache buffer-from@https://registry.npmjs.org/buffer-from/-/buffer-from-1.1.2.tgz 0ms (cache hit)
2697 http cache has-flag@https://registry.npmjs.org/has-flag/-/has-flag-4.0.0.tgz 0ms (cache hit)
2698 http cache acorn@https://registry.npmjs.org/acorn/-/acorn-8.17.0.tgz 0ms (cache hit)
2699 http cache type-fest@https://registry.npmjs.org/type-fest/-/type-fest-0.7.1.tgz 0ms (cache hit)
2700 http cache makeerror@https://registry.npmjs.org/makeerror/-/makeerror-1.0.12.tgz 0ms (cache hit)
2701 http cache toidentifier@https://registry.npmjs.org/toidentifier/-/toidentifier-1.0.1.tgz 0ms (cache hit)
2702 http cache shebang-regex@https://registry.npmjs.org/shebang-regex/-/shebang-regex-3.0.0.tgz 0ms (cache hit)
2703 http cache range-parser@https://registry.npmjs.org/range-parser/-/range-parser-1.2.1.tgz 0ms (cache hit)
2704 http cache mime@https://registry.npmjs.org/mime/-/mime-1.6.0.tgz 0ms (cache hit)
2705 http cache fresh@https://registry.npmjs.org/fresh/-/fresh-0.5.2.tgz 0ms (cache hit)
2706 http cache etag@https://registry.npmjs.org/etag/-/etag-1.8.1.tgz 0ms (cache hit)
2707 http cache sax@https://registry.npmjs.org/sax/-/sax-1.6.0.tgz 0ms (cache hit)
2708 http cache send@https://registry.npmjs.org/send/-/send-0.19.2.tgz 0ms (cache hit)
2709 http cache destroy@https://registry.npmjs.org/destroy/-/destroy-1.2.0.tgz 0ms (cache hit)
2710 http cache depd@https://registry.npmjs.org/depd/-/depd-2.0.0.tgz 0ms (cache hit)
2711 http cache shell-quote@https://registry.npmjs.org/shell-quote/-/shell-quote-1.10.0.tgz 0ms (cache hit)
2712 http cache asap@https://registry.npmjs.org/asap/-/asap-2.0.6.tgz 0ms (cache hit)
2713 http cache http-errors@https://registry.npmjs.org/http-errors/-/http-errors-2.0.1.tgz 0ms (cache hit)
2714 http cache marky@https://registry.npmjs.org/marky/-/marky-1.3.0.tgz 0ms (cache hit)
2715 http cache lighthouse-logger@https://registry.npmjs.org/lighthouse-logger/-/lighthouse-logger-1.4.2.tgz 0ms (cache hit)
2716 http cache is-docker@https://registry.npmjs.org/is-docker/-/is-docker-2.2.1.tgz 0ms (cache hit)
2717 http cache is-wsl@https://registry.npmjs.org/is-wsl/-/is-wsl-2.2.0.tgz 0ms (cache hit)
2718 http cache setprototypeof@https://registry.npmjs.org/setprototypeof/-/setprototypeof-1.2.0.tgz 0ms (cache hit)
2719 http cache escape-string-regexp@https://registry.npmjs.org/escape-string-regexp/-/escape-string-regexp-4.0.0.tgz 0ms (cache hit)
2720 http cache event-target-shim@https://registry.npmjs.org/event-target-shim/-/event-target-shim-5.0.1.tgz 0ms (cache hit)
2721 http cache serve-static@https://registry.npmjs.org/serve-static/-/serve-static-1.16.3.tgz 0ms (cache hit)
2722 http cache open@https://registry.npmjs.org/open/-/open-7.4.2.tgz 0ms (cache hit)
2723 http cache @react-native/debugger-shell@https://registry.npmjs.org/@react-native/debugger-shell/-/debugger-shell-0.86.0.tgz 0ms (cache hit)
2724 http cache chromium-edge-launcher@https://registry.npmjs.org/chromium-edge-launcher/-/chromium-edge-launcher-0.3.0.tgz 0ms (cache hit)
2725 http cache chrome-launcher@https://registry.npmjs.org/chrome-launcher/-/chrome-launcher-0.15.2.tgz 0ms (cache hit)
2726 http cache @react-native/dev-middleware@https://registry.npmjs.org/@react-native/dev-middleware/-/dev-middleware-0.86.0.tgz 0ms (cache hit)
2727 http cache mkdirp@https://registry.npmjs.org/mkdirp/-/mkdirp-1.0.4.tgz 0ms (cache hit)
2728 http cache @react-native/debugger-frontend@https://registry.npmjs.org/@react-native/debugger-frontend/-/debugger-frontend-0.86.0.tgz 0ms (cache hit)
2729 http cache whatwg-fetch@https://registry.npmjs.org/whatwg-fetch/-/whatwg-fetch-3.6.20.tgz 0ms (cache hit)
2730 http cache tinyglobby@https://registry.npmjs.org/tinyglobby/-/tinyglobby-0.2.17.tgz 0ms (cache hit)
2731 http cache stacktrace-parser@https://registry.npmjs.org/stacktrace-parser/-/stacktrace-parser-0.1.11.tgz 0ms (cache hit)
2732 http cache scheduler@https://registry.npmjs.org/scheduler/-/scheduler-0.27.0.tgz 0ms (cache hit)
2733 http cache regenerator-runtime@https://registry.npmjs.org/regenerator-runtime/-/regenerator-runtime-0.13.11.tgz 0ms (cache hit)
2734 http cache react-devtools-core@https://registry.npmjs.org/react-devtools-core/-/react-devtools-core-6.1.5.tgz 0ms (cache hit)
2735 http cache promise@https://registry.npmjs.org/promise/-/promise-8.3.0.tgz 0ms (cache hit)
2736 http cache memoize-one@https://registry.npmjs.org/memoize-one/-/memoize-one-5.2.1.tgz 0ms (cache hit)
2737 http cache source-map-support@https://registry.npmjs.org/source-map-support/-/source-map-support-0.5.21.tgz 0ms (cache hit)
2738 http cache babel-plugin-syntax-hermes-parser@https://registry.npmjs.org/babel-plugin-syntax-hermes-parser/-/babel-plugin-syntax-hermes-parser-0.36.0.tgz 0ms (cache hit)
2739 http cache ansi-regex@https://registry.npmjs.org/ansi-regex/-/ansi-regex-5.0.1.tgz 0ms (cache hit)
2740 http cache anser@https://registry.npmjs.org/anser/-/anser-1.4.10.tgz 0ms (cache hit)
2741 http cache abort-controller@https://registry.npmjs.org/abort-controller/-/abort-controller-3.0.0.tgz 0ms (cache hit)
2742 http cache @react-native/gradle-plugin@https://registry.npmjs.org/@react-native/gradle-plugin/-/gradle-plugin-0.86.0.tgz 0ms (cache hit)
2743 http cache @isaacs/ttlcache@https://registry.npmjs.org/@isaacs/ttlcache/-/ttlcache-1.4.1.tgz 0ms (cache hit)
2744 http cache @react-native/virtualized-lists@https://registry.npmjs.org/@react-native/virtualized-lists/-/virtualized-lists-0.86.0.tgz 0ms (cache hit)
2745 http cache @react-native/community-cli-plugin@https://registry.npmjs.org/@react-native/community-cli-plugin/-/community-cli-plugin-0.86.0.tgz 0ms (cache hit)
2746 http cache inherits@https://registry.npmjs.org/inherits/-/inherits-2.0.4.tgz 0ms (cache hit)
2747 http cache @react-native/codegen@https://registry.npmjs.org/@react-native/codegen/-/codegen-0.86.0.tgz 0ms (cache hit)
2748 http cache @react-native/assets-registry@https://registry.npmjs.org/@react-native/assets-registry/-/assets-registry-0.86.0.tgz 0ms (cache hit)
2749 http cache ee-first@https://registry.npmjs.org/ee-first/-/ee-first-1.1.1.tgz 0ms (cache hit)
2750 http cache react-is@https://registry.npmjs.org/react-is/-/react-is-18.3.1.tgz 0ms (cache hit)
2751 http cache @react-native/normalize-colors@https://registry.npmjs.org/@react-native/normalize-colors/-/normalize-colors-0.86.0.tgz 0ms (cache hit)
2752 http cache brace-expansion@https://registry.npmjs.org/brace-expansion/-/brace-expansion-5.0.7.tgz 0ms (cache hit)
2753 http cache balanced-match@https://registry.npmjs.org/balanced-match/-/balanced-match-4.0.4.tgz 0ms (cache hit)
2754 http cache @react-native/js-polyfills@https://registry.npmjs.org/@react-native/js-polyfills/-/js-polyfills-0.86.0.tgz 0ms (cache hit)
2755 http cache to-regex-range@https://registry.npmjs.org/to-regex-range/-/to-regex-range-5.0.1.tgz 0ms (cache hit)
2756 http cache fill-range@https://registry.npmjs.org/fill-range/-/fill-range-7.1.1.tgz 0ms (cache hit)
2757 http cache braces@https://registry.npmjs.org/braces/-/braces-3.0.3.tgz 0ms (cache hit)
2758 http cache vlq@https://registry.npmjs.org/vlq/-/vlq-1.0.1.tgz 0ms (cache hit)
2759 http cache ob1@https://registry.npmjs.org/ob1/-/ob1-0.84.4.tgz 0ms (cache hit)
2760 http cache terser@https://registry.npmjs.org/terser/-/terser-5.49.0.tgz 0ms (cache hit)
2761 http cache bser@https://registry.npmjs.org/bser/-/bser-2.1.1.tgz 0ms (cache hit)
2762 http cache walker@https://registry.npmjs.org/walker/-/walker-1.0.8.tgz 0ms (cache hit)
2763 http cache node-int64@https://registry.npmjs.org/node-int64/-/node-int64-0.4.0.tgz 0ms (cache hit)
2764 http cache micromatch@https://registry.npmjs.org/micromatch/-/micromatch-4.0.8.tgz 0ms (cache hit)
2765 http cache fb-watchman@https://registry.npmjs.org/fb-watchman/-/fb-watchman-2.0.2.tgz 0ms (cache hit)
2766 http cache leven@https://registry.npmjs.org/leven/-/leven-3.1.0.tgz 0ms (cache hit)
2767 http cache jest-get-type@https://registry.npmjs.org/jest-get-type/-/jest-get-type-29.6.3.tgz 0ms (cache hit)
2768 http cache yaml@https://registry.npmjs.org/yaml/-/yaml-2.9.0.tgz 0ms (cache hit)
2769 http cache mime-db@https://registry.npmjs.org/mime-db/-/mime-db-1.54.0.tgz 0ms (cache hit)
2770 http cache camelcase@https://registry.npmjs.org/camelcase/-/camelcase-6.3.0.tgz 0ms (cache hit)
2771 http cache https-proxy-agent@https://registry.npmjs.org/https-proxy-agent/-/https-proxy-agent-7.0.6.tgz 0ms (cache hit)
2772 http cache @types/yargs-parser@https://registry.npmjs.org/@types/yargs-parser/-/yargs-parser-21.0.3.tgz 0ms (cache hit)
2773 http cache jest-validate@https://registry.npmjs.org/jest-validate/-/jest-validate-29.7.0.tgz 0ms (cache hit)
2774 http cache exponential-backoff@https://registry.npmjs.org/exponential-backoff/-/exponential-backoff-3.1.3.tgz 0ms (cache hit)
2775 http cache @types/istanbul-lib-report@https://registry.npmjs.org/@types/istanbul-lib-report/-/istanbul-lib-report-3.0.3.tgz 0ms (cache hit)
2776 http cache hermes-compiler@https://registry.npmjs.org/hermes-compiler/-/hermes-compiler-250829098.0.14.tgz 0ms (cache hit)
2777 http cache @sinclair/typebox@https://registry.npmjs.org/@sinclair/typebox/-/typebox-0.27.10.tgz 0ms (cache hit)
2778 http cache @types/istanbul-reports@https://registry.npmjs.org/@types/istanbul-reports/-/istanbul-reports-3.0.4.tgz 0ms (cache hit)
2779 http cache @types/yargs@https://registry.npmjs.org/@types/yargs/-/yargs-17.0.35.tgz 0ms (cache hit)
2780 http cache agent-base@https://registry.npmjs.org/agent-base/-/agent-base-7.1.4.tgz 0ms (cache hit)
2781 http cache picomatch@https://registry.npmjs.org/picomatch/-/picomatch-2.3.2.tgz 0ms (cache hit)
2782 http cache @types/node@https://registry.npmjs.org/@types/node/-/node-26.1.1.tgz 0ms (cache hit)
2783 http cache @jest/schemas@https://registry.npmjs.org/@jest/schemas/-/schemas-29.6.3.tgz 0ms (cache hit)
2784 http cache undici-types@https://registry.npmjs.org/undici-types/-/undici-types-8.3.0.tgz 0ms (cache hit)
2785 http cache @types/istanbul-lib-coverage@https://registry.npmjs.org/@types/istanbul-lib-coverage/-/istanbul-lib-coverage-2.0.6.tgz 0ms (cache hit)
2786 http cache @jest/types@https://registry.npmjs.org/@jest/types/-/types-29.6.3.tgz 0ms (cache hit)
2787 http cache queue@https://registry.npmjs.org/queue/-/queue-6.0.2.tgz 0ms (cache hit)
2788 http cache hermes-estree@https://registry.npmjs.org/hermes-estree/-/hermes-estree-0.35.0.tgz 0ms (cache hit)
2789 http cache statuses@https://registry.npmjs.org/statuses/-/statuses-1.5.0.tgz 0ms (cache hit)
2790 http cache merge-stream@https://registry.npmjs.org/merge-stream/-/merge-stream-2.0.0.tgz 0ms (cache hit)
2791 http cache on-finished@https://registry.npmjs.org/on-finished/-/on-finished-2.3.0.tgz 0ms (cache hit)
2792 http cache unpipe@https://registry.npmjs.org/unpipe/-/unpipe-1.0.0.tgz 0ms (cache hit)
2793 http cache stackframe@https://registry.npmjs.org/stackframe/-/stackframe-1.3.4.tgz 0ms (cache hit)
2794 http cache utils-merge@https://registry.npmjs.org/utils-merge/-/utils-merge-1.0.1.tgz 0ms (cache hit)
2795 http cache finalhandler@https://registry.npmjs.org/finalhandler/-/finalhandler-1.1.2.tgz 0ms (cache hit)
2796 http cache encodeurl@https://registry.npmjs.org/encodeurl/-/encodeurl-1.0.2.tgz 0ms (cache hit)
2797 http cache negotiator@https://registry.npmjs.org/negotiator/-/negotiator-1.0.0.tgz 0ms (cache hit)
2798 http cache yargs@https://registry.npmjs.org/yargs/-/yargs-17.7.3.tgz 0ms (cache hit)
2799 http cache throat@https://registry.npmjs.org/throat/-/throat-5.0.0.tgz 0ms (cache hit)
2800 http cache ws@https://registry.npmjs.org/ws/-/ws-7.5.12.tgz 0ms (cache hit)
2801 http cache source-map@https://registry.npmjs.org/source-map/-/source-map-0.5.7.tgz 0ms (cache hit)
2802 http cache serialize-error@https://registry.npmjs.org/serialize-error/-/serialize-error-2.1.0.tgz 1ms (cache hit)
2803 http cache nullthrows@https://registry.npmjs.org/nullthrows/-/nullthrows-1.1.1.tgz 0ms (cache hit)
2804 http cache mime-types@https://registry.npmjs.org/mime-types/-/mime-types-3.0.2.tgz 0ms (cache hit)
2805 http cache parseurl@https://registry.npmjs.org/parseurl/-/parseurl-1.3.3.tgz 0ms (cache hit)
2806 http cache lodash.throttle@https://registry.npmjs.org/lodash.throttle/-/lodash.throttle-4.1.1.tgz 0ms (cache hit)
2807 http cache jsc-safe-url@https://registry.npmjs.org/jsc-safe-url/-/jsc-safe-url-0.2.4.tgz 0ms (cache hit)
2808 http cache jest-util@https://registry.npmjs.org/jest-util/-/jest-util-29.7.0.tgz 0ms (cache hit)
2809 http cache escape-html@https://registry.npmjs.org/escape-html/-/escape-html-1.0.3.tgz 0ms (cache hit)
2810 http cache image-size@https://registry.npmjs.org/image-size/-/image-size-1.2.1.tgz 0ms (cache hit)
2811 http cache flow-enums-runtime@https://registry.npmjs.org/flow-enums-runtime/-/flow-enums-runtime-0.0.6.tgz 0ms (cache hit)
2812 http cache jest-worker@https://registry.npmjs.org/jest-worker/-/jest-worker-29.7.0.tgz 0ms (cache hit)
2813 http cache graceful-fs@https://registry.npmjs.org/graceful-fs/-/graceful-fs-4.2.11.tgz 0ms (cache hit)
2814 http cache error-stack-parser@https://registry.npmjs.org/error-stack-parser/-/error-stack-parser-2.1.4.tgz 0ms (cache hit)
2815 http cache ci-info@https://registry.npmjs.org/ci-info/-/ci-info-2.0.0.tgz 0ms (cache hit)
2816 http cache hermes-parser@https://registry.npmjs.org/hermes-parser/-/hermes-parser-0.35.0.tgz 0ms (cache hit)
2817 http cache accepts@https://registry.npmjs.org/accepts/-/accepts-2.0.0.tgz 0ms (cache hit)
2818 http cache yallist@https://registry.npmjs.org/yallist/-/yallist-3.1.1.tgz 0ms (cache hit)
2819 http cache minipass@https://registry.npmjs.org/minipass/-/minipass-7.1.3.tgz 0ms (cache hit)
2820 http cache loose-envify@https://registry.npmjs.org/loose-envify/-/loose-envify-1.4.0.tgz 0ms (cache hit)
2821 http cache expo-modules-jsi@https://registry.npmjs.org/expo-modules-jsi/-/expo-modules-jsi-57.0.3.tgz 0ms (cache hit)
2822 http cache path-scurry@https://registry.npmjs.org/path-scurry/-/path-scurry-2.0.2.tgz 0ms (cache hit)
2823 http cache invariant@https://registry.npmjs.org/invariant/-/invariant-2.2.4.tgz 0ms (cache hit)
2824 http cache @expo/expo-modules-macros-plugin@https://registry.npmjs.org/@expo/expo-modules-macros-plugin/-/expo-modules-macros-plugin-0.6.1.tgz 0ms (cache hit)
2825 http cache connect@https://registry.npmjs.org/connect/-/connect-3.7.0.tgz 0ms (cache hit)
2826 http cache ms@https://registry.npmjs.org/ms/-/ms-2.1.3.tgz 0ms (cache hit)
2827 http cache which@https://registry.npmjs.org/which/-/which-2.0.2.tgz 0ms (cache hit)
2828 http cache shebang-command@https://registry.npmjs.org/shebang-command/-/shebang-command-2.0.0.tgz 0ms (cache hit)
2829 http cache path-key@https://registry.npmjs.org/path-key/-/path-key-3.1.1.tgz 0ms (cache hit)
2830 http cache commander@https://registry.npmjs.org/commander/-/commander-7.2.0.tgz 0ms (cache hit)
2831 http cache supports-color@https://registry.npmjs.org/supports-color/-/supports-color-7.2.0.tgz 0ms (cache hit)
2832 http cache ansi-styles@https://registry.npmjs.org/ansi-styles/-/ansi-styles-4.3.0.tgz 0ms (cache hit)
2833 http cache color-name@https://registry.npmjs.org/color-name/-/color-name-1.1.4.tgz 0ms (cache hit)
2834 http cache node-releases@https://registry.npmjs.org/node-releases/-/node-releases-2.0.51.tgz 0ms (cache hit)
2835 http cache electron-to-chromium@https://registry.npmjs.org/electron-to-chromium/-/electron-to-chromium-1.5.392.tgz 0ms (cache hit)
2836 http cache @jridgewell/sourcemap-codec@https://registry.npmjs.org/@jridgewell/sourcemap-codec/-/sourcemap-codec-1.5.5.tgz 0ms (cache hit)
2837 http cache caniuse-lite@https://registry.npmjs.org/caniuse-lite/-/caniuse-lite-1.0.30001805.tgz 0ms (cache hit)
2838 http cache @jridgewell/resolve-uri@https://registry.npmjs.org/@jridgewell/resolve-uri/-/resolve-uri-3.1.2.tgz 0ms (cache hit)
2839 http cache @babel/helper-plugin-utils@https://registry.npmjs.org/@babel/helper-plugin-utils/-/helper-plugin-utils-7.29.7.tgz 0ms (cache hit)
2840 http cache baseline-browser-mapping@https://registry.npmjs.org/baseline-browser-mapping/-/baseline-browser-mapping-2.10.43.tgz 0ms (cache hit)
2841 http cache cross-spawn@https://registry.npmjs.org/cross-spawn/-/cross-spawn-7.0.6.tgz 0ms (cache hit)
2842 http cache color-convert@https://registry.npmjs.org/color-convert/-/color-convert-2.0.1.tgz 0ms (cache hit)
2843 http cache @babel/helper-globals@https://registry.npmjs.org/@babel/helper-globals/-/helper-globals-7.29.7.tgz 0ms (cache hit)
2844 http cache lru-cache@https://registry.npmjs.org/lru-cache/-/lru-cache-5.1.1.tgz 0ms (cache hit)
2845 http cache @babel/helper-module-imports@https://registry.npmjs.org/@babel/helper-module-imports/-/helper-module-imports-7.29.7.tgz 0ms (cache hit)
2846 http cache @babel/helper-string-parser@https://registry.npmjs.org/@babel/helper-string-parser/-/helper-string-parser-7.29.7.tgz 0ms (cache hit)
2847 http cache browserslist@https://registry.npmjs.org/browserslist/-/browserslist-4.28.6.tgz 0ms (cache hit)
2848 http cache jsesc@https://registry.npmjs.org/jsesc/-/jsesc-3.1.0.tgz 0ms (cache hit)
2849 http cache @babel/helper-validator-option@https://registry.npmjs.org/@babel/helper-validator-option/-/helper-validator-option-7.29.7.tgz 0ms (cache hit)
2850 http cache @jridgewell/trace-mapping@https://registry.npmjs.org/@jridgewell/trace-mapping/-/trace-mapping-0.3.31.tgz 0ms (cache hit)
2851 http cache @babel/compat-data@https://registry.npmjs.org/@babel/compat-data/-/compat-data-7.29.7.tgz 0ms (cache hit)
2852 http cache @jridgewell/gen-mapping@https://registry.npmjs.org/@jridgewell/gen-mapping/-/gen-mapping-0.3.13.tgz 0ms (cache hit)
2853 http cache @babel/types@https://registry.npmjs.org/@babel/types/-/types-7.29.7.tgz 0ms (cache hit)
2854 http cache gensync@https://registry.npmjs.org/gensync/-/gensync-1.0.0-beta.2.tgz 1ms (cache hit)
2855 http cache @jridgewell/remapping@https://registry.npmjs.org/@jridgewell/remapping/-/remapping-2.3.5.tgz 0ms (cache hit)
2856 http cache convert-source-map@https://registry.npmjs.org/convert-source-map/-/convert-source-map-2.0.0.tgz 0ms (cache hit)
2857 http cache update-browserslist-db@https://registry.npmjs.org/update-browserslist-db/-/update-browserslist-db-1.2.3.tgz 0ms (cache hit)
2858 http cache @babel/template@https://registry.npmjs.org/@babel/template/-/template-7.29.7.tgz 0ms (cache hit)
2859 http cache @babel/parser@https://registry.npmjs.org/@babel/parser/-/parser-7.29.7.tgz 0ms (cache hit)
2860 http cache @babel/helpers@https://registry.npmjs.org/@babel/helpers/-/helpers-7.29.7.tgz 0ms (cache hit)
2861 http cache @babel/helper-module-transforms@https://registry.npmjs.org/@babel/helper-module-transforms/-/helper-module-transforms-7.29.7.tgz 0ms (cache hit)
2862 http cache @babel/helper-compilation-targets@https://registry.npmjs.org/@babel/helper-compilation-targets/-/helper-compilation-targets-7.29.7.tgz 0ms (cache hit)
2863 http cache @babel/plugin-transform-modules-commonjs@https://registry.npmjs.org/@babel/plugin-transform-modules-commonjs/-/plugin-transform-modules-commonjs-7.29.7.tgz 0ms (cache hit)
2864 http cache @babel/core@https://registry.npmjs.org/@babel/core/-/core-7.29.7.tgz 0ms (cache hit)
2865 http cache base64-js@https://registry.npmjs.org/base64-js/-/base64-js-1.5.1.tgz 0ms (cache hit)
2866 http cache xmlbuilder@https://registry.npmjs.org/xmlbuilder/-/xmlbuilder-15.1.1.tgz 0ms (cache hit)
2867 http cache @babel/generator@https://registry.npmjs.org/@babel/generator/-/generator-7.29.7.tgz 0ms (cache hit)
2868 http cache @babel/traverse@https://registry.npmjs.org/@babel/traverse/-/traverse-7.29.7.tgz 0ms (cache hit)
2869 http cache @xmldom/xmldom@https://registry.npmjs.org/@xmldom/xmldom/-/xmldom-0.8.13.tgz 0ms (cache hit)
2870 http cache metro-transform-plugins@https://registry.npmjs.org/metro-transform-plugins/-/metro-transform-plugins-0.84.4.tgz 0ms (cache hit)
2871 http cache metro-runtime@https://registry.npmjs.org/metro-runtime/-/metro-runtime-0.84.4.tgz 0ms (cache hit)
2872 http cache metro-symbolicate@https://registry.npmjs.org/metro-symbolicate/-/metro-symbolicate-0.84.4.tgz 0ms (cache hit)
2873 http cache metro-resolver@https://registry.npmjs.org/metro-resolver/-/metro-resolver-0.84.4.tgz 0ms (cache hit)
2874 http cache metro-source-map@https://registry.npmjs.org/metro-source-map/-/metro-source-map-0.84.4.tgz 0ms (cache hit)
2875 http cache metro-file-map@https://registry.npmjs.org/metro-file-map/-/metro-file-map-0.84.4.tgz 0ms (cache hit)
2876 http cache metro-core@https://registry.npmjs.org/metro-core/-/metro-core-0.84.4.tgz 0ms (cache hit)
2877 http cache metro-cache-key@https://registry.npmjs.org/metro-cache-key/-/metro-cache-key-0.84.4.tgz 0ms (cache hit)
2878 http cache metro-minify-terser@https://registry.npmjs.org/metro-minify-terser/-/metro-minify-terser-0.84.4.tgz 0ms (cache hit)
2879 http cache metro-babel-transformer@https://registry.npmjs.org/metro-babel-transformer/-/metro-babel-transformer-0.84.4.tgz 0ms (cache hit)
2880 http cache metro-config@https://registry.npmjs.org/metro-config/-/metro-config-0.84.4.tgz 0ms (cache hit)
2881 http cache metro@https://registry.npmjs.org/metro/-/metro-0.84.4.tgz 0ms (cache hit)
2882 http cache picocolors@https://registry.npmjs.org/picocolors/-/picocolors-1.1.1.tgz 0ms (cache hit)
2883 http cache @babel/helper-validator-identifier@https://registry.npmjs.org/@babel/helper-validator-identifier/-/helper-validator-identifier-7.29.7.tgz 0ms (cache hit)
2884 http cache metro-cache@https://registry.npmjs.org/metro-cache/-/metro-cache-0.84.4.tgz 0ms (cache hit)
2885 http cache @babel/code-frame@https://registry.npmjs.org/@babel/code-frame/-/code-frame-7.29.7.tgz 0ms (cache hit)
2886 http cache json5@https://registry.npmjs.org/json5/-/json5-2.2.3.tgz 0ms (cache hit)
2887 http cache resolve-from@https://registry.npmjs.org/resolve-from/-/resolve-from-5.0.0.tgz 0ms (cache hit)
2888 http cache minimatch@https://registry.npmjs.org/minimatch/-/minimatch-10.2.5.tgz 0ms (cache hit)
2889 http cache ignore@https://registry.npmjs.org/ignore/-/ignore-5.3.2.tgz 0ms (cache hit)
2890 http cache @expo/spawn-async@https://registry.npmjs.org/@expo/spawn-async/-/spawn-async-1.8.0.tgz 0ms (cache hit)
2891 http cache arg@https://registry.npmjs.org/arg/-/arg-5.0.2.tgz 0ms (cache hit)
2892 http cache @expo/env@https://registry.npmjs.org/@expo/env/-/env-2.4.2.tgz 0ms (cache hit)
2893 http cache xml2js@https://registry.npmjs.org/xml2js/-/xml2js-0.6.0.tgz 0ms (cache hit)
2894 http cache metro-transform-worker@https://registry.npmjs.org/metro-transform-worker/-/metro-transform-worker-0.84.4.tgz 0ms (cache hit)
2895 http cache xcode@https://registry.npmjs.org/xcode/-/xcode-3.0.1.tgz 0ms (cache hit)
2896 http cache debug@https://registry.npmjs.org/debug/-/debug-4.4.3.tgz 0ms (cache hit)
2897 http cache chalk@https://registry.npmjs.org/chalk/-/chalk-4.1.2.tgz 0ms (cache hit)
2898 http cache slugify@https://registry.npmjs.org/slugify/-/slugify-1.6.9.tgz 0ms (cache hit)
2899 http cache @expo/plist@https://registry.npmjs.org/@expo/plist/-/plist-0.8.1.tgz 1ms (cache hit)
2900 http cache js-tokens@https://registry.npmjs.org/js-tokens/-/js-tokens-4.0.0.tgz 0ms (cache hit)
2901 http cache semver@https://registry.npmjs.org/semver/-/semver-7.8.5.tgz 0ms (cache hit)
2902 http cache getenv@https://registry.npmjs.org/getenv/-/getenv-2.0.0.tgz 0ms (cache hit)
2903 http cache @expo/sdk-runtime-versions@https://registry.npmjs.org/@expo/sdk-runtime-versions/-/sdk-runtime-versions-1.0.0.tgz 0ms (cache hit)
2904 http cache @expo/json-file@https://registry.npmjs.org/@expo/json-file/-/json-file-11.0.1.tgz 0ms (cache hit)
2905 http cache resolve-workspace-root@https://registry.npmjs.org/resolve-workspace-root/-/resolve-workspace-root-2.0.1.tgz 0ms (cache hit)
2906 http cache whatwg-url-minimum@https://registry.npmjs.org/whatwg-url-minimum/-/whatwg-url-minimum-0.1.2.tgz 0ms (cache hit)
2907 http cache @expo/require-utils@https://registry.npmjs.org/@expo/require-utils/-/require-utils-57.0.3.tgz 0ms (cache hit)
2908 http cache pretty-format@https://registry.npmjs.org/pretty-format/-/pretty-format-29.7.0.tgz 0ms (cache hit)
2909 http cache expo-modules-core@https://registry.npmjs.org/expo-modules-core/-/expo-modules-core-57.0.5.tgz 0ms (cache hit)
2910 http cache @expo/config-types@https://registry.npmjs.org/@expo/config-types/-/config-types-57.0.2.tgz 0ms (cache hit)
2911 http cache glob@https://registry.npmjs.org/glob/-/glob-13.0.6.tgz 0ms (cache hit)
2912 http cache expo-modules-autolinking@https://registry.npmjs.org/expo-modules-autolinking/-/expo-modules-autolinking-57.0.7.tgz 0ms (cache hit)
2913 http cache @expo/local-build-cache-provider@https://registry.npmjs.org/@expo/local-build-cache-provider/-/local-build-cache-provider-57.0.4.tgz 0ms (cache hit)
2914 http cache deepmerge@https://registry.npmjs.org/deepmerge/-/deepmerge-4.3.1.tgz 0ms (cache hit)
2915 http cache @expo/fingerprint@https://registry.npmjs.org/@expo/fingerprint/-/fingerprint-0.20.5.tgz 0ms (cache hit)
2916 http cache @babel/runtime@https://registry.npmjs.org/@babel/runtime/-/runtime-7.29.7.tgz 0ms (cache hit)
2917 http cache @ungap/structured-clone@https://registry.npmjs.org/@ungap/structured-clone/-/structured-clone-1.3.3.tgz 0ms (cache hit)
2918 http cache react-refresh@https://registry.npmjs.org/react-refresh/-/react-refresh-0.14.2.tgz 0ms (cache hit)
2919 http cache typescript@https://registry.npmjs.org/typescript/-/typescript-6.0.3.tgz 0ms (cache hit)
2920 http cache expo-status-bar@https://registry.npmjs.org/expo-status-bar/-/expo-status-bar-57.0.1.tgz 0ms (cache hit)
2921 http cache expo@https://registry.npmjs.org/expo/-/expo-57.0.6.tgz 0ms (cache hit)
2922 http cache csstype@https://registry.npmjs.org/csstype/-/csstype-3.2.3.tgz 0ms (cache hit)
2923 http cache react-native@https://registry.npmjs.org/react-native/-/react-native-0.86.0.tgz 0ms (cache hit)
2924 http cache react@https://registry.npmjs.org/react/-/react-19.2.3.tgz 0ms (cache hit)
2925 http cache @types/react@https://registry.npmjs.org/@types/react/-/react-19.2.17.tgz 0ms (cache hit)
2926 http cache expo-secure-store@https://registry.npmjs.org/expo-secure-store/-/expo-secure-store-57.0.1.tgz 0ms (cache hit)
2927 http cache semver@https://registry.npmjs.org/semver/-/semver-6.3.1.tgz 0ms (cache hit)
2928 http cache @expo/devtools@https://registry.npmjs.org/@expo/devtools/-/devtools-57.0.1.tgz 0ms (cache hit)
2929 http cache @expo/config-plugins@https://registry.npmjs.org/@expo/config-plugins/-/config-plugins-57.0.5.tgz 0ms (cache hit)
2930 http cache @expo/metro@https://registry.npmjs.org/@expo/metro/-/metro-56.0.0.tgz 0ms (cache hit)
2931 http cache has-flag@https://registry.npmjs.org/has-flag/-/has-flag-3.0.0.tgz 0ms (cache hit)
2932 http cache type-fest@https://registry.npmjs.org/type-fest/-/type-fest-0.21.3.tgz 0ms (cache hit)
2933 http cache color-name@https://registry.npmjs.org/color-name/-/color-name-1.1.3.tgz 0ms (cache hit)
2934 http cache semver@https://registry.npmjs.org/semver/-/semver-6.3.1.tgz 0ms (cache hit)
2935 http cache semver@https://registry.npmjs.org/semver/-/semver-6.3.1.tgz 0ms (cache hit)
2936 http cache semver@https://registry.npmjs.org/semver/-/semver-6.3.1.tgz 0ms (cache hit)
2937 http cache color-convert@https://registry.npmjs.org/color-convert/-/color-convert-1.9.3.tgz 0ms (cache hit)
2938 http cache escape-string-regexp@https://registry.npmjs.org/escape-string-regexp/-/escape-string-regexp-1.0.5.tgz 0ms (cache hit)
2939 http cache supports-color@https://registry.npmjs.org/supports-color/-/supports-color-5.5.0.tgz 0ms (cache hit)
2940 http cache @expo/config@https://registry.npmjs.org/@expo/config/-/config-57.0.5.tgz 0ms (cache hit)
2941 http cache has-flag@https://registry.npmjs.org/has-flag/-/has-flag-3.0.0.tgz 0ms (cache hit)
2942 http cache ansi-styles@https://registry.npmjs.org/ansi-styles/-/ansi-styles-3.2.1.tgz 0ms (cache hit)
2943 http cache lru-cache@https://registry.npmjs.org/lru-cache/-/lru-cache-10.4.3.tgz 0ms (cache hit)
2944 http cache color-name@https://registry.npmjs.org/color-name/-/color-name-1.1.3.tgz 0ms (cache hit)
2945 http cache ansi-regex@https://registry.npmjs.org/ansi-regex/-/ansi-regex-4.1.1.tgz 0ms (cache hit)
2946 http cache color-convert@https://registry.npmjs.org/color-convert/-/color-convert-1.9.3.tgz 0ms (cache hit)
2947 http cache supports-color@https://registry.npmjs.org/supports-color/-/supports-color-5.5.0.tgz 0ms (cache hit)
2948 http cache chalk@https://registry.npmjs.org/chalk/-/chalk-2.4.2.tgz 0ms (cache hit)
2949 http cache escape-string-regexp@https://registry.npmjs.org/escape-string-regexp/-/escape-string-regexp-1.0.5.tgz 0ms (cache hit)
2950 http cache strip-ansi@https://registry.npmjs.org/strip-ansi/-/strip-ansi-5.2.0.tgz 0ms (cache hit)
2951 http cache chalk@https://registry.npmjs.org/chalk/-/chalk-2.4.2.tgz 0ms (cache hit)
2952 http cache ansi-styles@https://registry.npmjs.org/ansi-styles/-/ansi-styles-3.2.1.tgz 0ms (cache hit)
2953 http cache ms@https://registry.npmjs.org/ms/-/ms-2.0.0.tgz 0ms (cache hit)
2954 http cache debug@https://registry.npmjs.org/debug/-/debug-3.2.7.tgz 0ms (cache hit)
2955 http cache negotiator@https://registry.npmjs.org/negotiator/-/negotiator-0.6.4.tgz 0ms (cache hit)
2956 http cache statuses@https://registry.npmjs.org/statuses/-/statuses-2.0.2.tgz 0ms (cache hit)
2957 http cache source-map@https://registry.npmjs.org/source-map/-/source-map-0.6.1.tgz 0ms (cache hit)
2958 http cache statuses@https://registry.npmjs.org/statuses/-/statuses-2.0.2.tgz 0ms (cache hit)
2959 http cache on-finished@https://registry.npmjs.org/on-finished/-/on-finished-2.4.1.tgz 0ms (cache hit)
2960 http cache encodeurl@https://registry.npmjs.org/encodeurl/-/encodeurl-2.0.0.tgz 0ms (cache hit)
2961 http cache debug@https://registry.npmjs.org/debug/-/debug-2.6.9.tgz 0ms (cache hit)
2962 http cache ms@https://registry.npmjs.org/ms/-/ms-2.0.0.tgz 0ms (cache hit)
2963 http cache debug@https://registry.npmjs.org/debug/-/debug-2.6.9.tgz 0ms (cache hit)
2964 http cache @xmldom/xmldom@https://registry.npmjs.org/@xmldom/xmldom/-/xmldom-0.9.10.tgz 0ms (cache hit)
2965 http cache hermes-estree@https://registry.npmjs.org/hermes-estree/-/hermes-estree-0.36.0.tgz 0ms (cache hit)
2966 http cache encodeurl@https://registry.npmjs.org/encodeurl/-/encodeurl-2.0.0.tgz 0ms (cache hit)
2967 http cache ms@https://registry.npmjs.org/ms/-/ms-2.0.0.tgz 0ms (cache hit)
2968 http cache debug@https://registry.npmjs.org/debug/-/debug-2.6.9.tgz 0ms (cache hit)
2969 http cache fb-dotslash@https://registry.npmjs.org/fb-dotslash/-/fb-dotslash-0.5.8.tgz 0ms (cache hit)
2970 http cache hermes-parser@https://registry.npmjs.org/hermes-parser/-/hermes-parser-0.36.0.tgz 0ms (cache hit)
2971 http cache fdir@https://registry.npmjs.org/fdir/-/fdir-6.5.0.tgz 0ms (cache hit)
2972 http cache ci-info@https://registry.npmjs.org/ci-info/-/ci-info-3.9.0.tgz 0ms (cache hit)
2973 http cache commander@https://registry.npmjs.org/commander/-/commander-2.20.3.tgz 0ms (cache hit)
2974 http cache picomatch@https://registry.npmjs.org/picomatch/-/picomatch-4.0.5.tgz 0ms (cache hit)
2975 http cache hermes-parser@https://registry.npmjs.org/hermes-parser/-/hermes-parser-0.36.0.tgz 0ms (cache hit)
2976 http cache hermes-estree@https://registry.npmjs.org/hermes-estree/-/hermes-estree-0.36.0.tgz 0ms (cache hit)
2977 http cache debug@https://registry.npmjs.org/debug/-/debug-2.6.9.tgz 0ms (cache hit)
2978 http cache ms@https://registry.npmjs.org/ms/-/ms-2.0.0.tgz 0ms (cache hit)
2979 http cache supports-color@https://registry.npmjs.org/supports-color/-/supports-color-8.1.1.tgz 0ms (cache hit)
2980 http cache lru-cache@https://registry.npmjs.org/lru-cache/-/lru-cache-11.5.2.tgz 0ms (cache hit)
2981 http cache semver@https://registry.npmjs.org/semver/-/semver-6.3.1.tgz 0ms (cache hit)
2982 http cache xmlbuilder@https://registry.npmjs.org/xmlbuilder/-/xmlbuilder-11.0.1.tgz 0ms (cache hit)
2983 http cache mime-db@https://registry.npmjs.org/mime-db/-/mime-db-1.52.0.tgz 0ms (cache hit)
2984 http cache ms@https://registry.npmjs.org/ms/-/ms-2.0.0.tgz 0ms (cache hit)
2985 http cache semver@https://registry.npmjs.org/semver/-/semver-6.3.1.tgz 0ms (cache hit)
2986 http cache hermes-estree@https://registry.npmjs.org/hermes-estree/-/hermes-estree-0.36.1.tgz 0ms (cache hit)
2987 http cache hermes-parser@https://registry.npmjs.org/hermes-parser/-/hermes-parser-0.36.1.tgz 0ms (cache hit)
2988 http cache commander@https://registry.npmjs.org/commander/-/commander-12.1.0.tgz 0ms (cache hit)
2989 http cache debug@https://registry.npmjs.org/debug/-/debug-2.6.9.tgz 0ms (cache hit)
2990 http cache mime-types@https://registry.npmjs.org/mime-types/-/mime-types-2.1.35.tgz 0ms (cache hit)
2991 http cache negotiator@https://registry.npmjs.org/negotiator/-/negotiator-0.6.3.tgz 0ms (cache hit)
2992 http cache ci-info@https://registry.npmjs.org/ci-info/-/ci-info-3.9.0.tgz 0ms (cache hit)
2993 http cache @expo/ws-tunnel@https://registry.npmjs.org/@expo/ws-tunnel/-/ws-tunnel-2.0.0.tgz 0ms (cache hit)
2994 http cache accepts@https://registry.npmjs.org/accepts/-/accepts-1.3.8.tgz 0ms (cache hit)
2995 http cache ws@https://registry.npmjs.org/ws/-/ws-8.21.1.tgz 0ms (cache hit)
2996 http cache expo-keep-awake@https://registry.npmjs.org/expo-keep-awake/-/expo-keep-awake-57.0.1.tgz 0ms (cache hit)
2997 http cache expo-font@https://registry.npmjs.org/expo-font/-/expo-font-57.0.1.tgz 0ms (cache hit)
2998 http cache expo-file-system@https://registry.npmjs.org/expo-file-system/-/expo-file-system-57.0.1.tgz 0ms (cache hit)
2999 http cache @expo/metro-config@https://registry.npmjs.org/@expo/metro-config/-/metro-config-57.0.5.tgz 0ms (cache hit)
3000 http cache expo-constants@https://registry.npmjs.org/expo-constants/-/expo-constants-57.0.5.tgz 0ms (cache hit)
3001 http cache @expo/log-box@https://registry.npmjs.org/@expo/log-box/-/log-box-57.0.1.tgz 0ms (cache hit)
3002 http cache @expo/dom-webview@https://registry.npmjs.org/@expo/dom-webview/-/dom-webview-57.0.1.tgz 0ms (cache hit)
3003 http cache picomatch@https://registry.npmjs.org/picomatch/-/picomatch-4.0.5.tgz 0ms (cache hit)
3004 http cache babel-preset-expo@https://registry.npmjs.org/babel-preset-expo/-/babel-preset-expo-57.0.3.tgz 0ms (cache hit)
3005 http cache @expo/cli@https://registry.npmjs.org/@expo/cli/-/cli-57.0.8.tgz 0ms (cache hit)
3006 silly tarball no local data for function-bind@https://registry.npmjs.org/function-bind/-/function-bind-1.1.2.tgz. Extracting by manifest.
3007 http cache expo-asset@https://registry.npmjs.org/expo-asset/-/expo-asset-57.0.5.tgz 0ms (cache hit)
3008 silly tarball no local data for fontfaceobserver@https://registry.npmjs.org/fontfaceobserver/-/fontfaceobserver-2.3.0.tgz. Extracting by manifest.
3009 http cache ansi-styles@https://registry.npmjs.org/ansi-styles/-/ansi-styles-5.2.0.tgz 0ms (cache hit)
3010 silly tarball no local data for supports-preserve-symlinks-flag@https://registry.npmjs.org/supports-preserve-symlinks-flag/-/supports-preserve-symlinks-flag-1.0.0.tgz. Extracting by manifest.
3011 silly tarball no local data for unicode-match-property-value-ecmascript@https://registry.npmjs.org/unicode-match-property-value-ecmascript/-/unicode-match-property-value-ecmascript-2.2.1.tgz. Extracting by manifest.
3012 silly tarball no local data for is-core-module@https://registry.npmjs.org/is-core-module/-/is-core-module-2.16.2.tgz. Extracting by manifest.
3013 silly tarball no local data for es-errors@https://registry.npmjs.org/es-errors/-/es-errors-1.3.0.tgz. Extracting by manifest.
3014 silly tarball no local data for unicode-property-aliases-ecmascript@https://registry.npmjs.org/unicode-property-aliases-ecmascript/-/unicode-property-aliases-ecmascript-2.2.0.tgz. Extracting by manifest.
3015 silly tarball no local data for path-parse@https://registry.npmjs.org/path-parse/-/path-parse-1.0.7.tgz. Extracting by manifest.
3016 silly tarball no local data for unicode-match-property-ecmascript@https://registry.npmjs.org/unicode-match-property-ecmascript/-/unicode-match-property-ecmascript-2.0.0.tgz. Extracting by manifest.
3017 http cache @expo/router-server@https://registry.npmjs.org/@expo/router-server/-/router-server-57.0.3.tgz 0ms (cache hit)
3018 silly tarball no local data for regenerate-unicode-properties@https://registry.npmjs.org/regenerate-unicode-properties/-/regenerate-unicode-properties-10.2.2.tgz. Extracting by manifest.
3019 silly tarball no local data for hasown@https://registry.npmjs.org/hasown/-/hasown-2.0.4.tgz. Extracting by manifest.
3020 silly tarball no local data for regjsgen@https://registry.npmjs.org/regjsgen/-/regjsgen-0.8.0.tgz. Extracting by manifest.
3021 silly tarball no local data for resolve@https://registry.npmjs.org/resolve/-/resolve-1.22.12.tgz. Extracting by manifest.
3022 silly tarball no local data for regjsparser@https://registry.npmjs.org/regjsparser/-/regjsparser-0.13.2.tgz. Extracting by manifest.
3023 silly tarball no local data for core-js-compat@https://registry.npmjs.org/core-js-compat/-/core-js-compat-3.49.0.tgz. Extracting by manifest.
3024 silly tarball no local data for unicode-canonical-property-names-ecmascript@https://registry.npmjs.org/unicode-canonical-property-names-ecmascript/-/unicode-canonical-property-names-ecmascript-2.0.1.tgz. Extracting by manifest.
3025 silly tarball no local data for lodash.debounce@https://registry.npmjs.org/lodash.debounce/-/lodash.debounce-4.0.8.tgz. Extracting by manifest.
3026 silly tarball no local data for babel-plugin-polyfill-regenerator@https://registry.npmjs.org/babel-plugin-polyfill-regenerator/-/babel-plugin-polyfill-regenerator-0.6.8.tgz. Extracting by manifest.
3027 silly tarball no local data for @babel/plugin-syntax-typescript@https://registry.npmjs.org/@babel/plugin-syntax-typescript/-/plugin-syntax-typescript-7.29.7.tgz. Extracting by manifest.
3028 silly tarball no local data for @babel/helper-define-polyfill-provider@https://registry.npmjs.org/@babel/helper-define-polyfill-provider/-/helper-define-polyfill-provider-0.6.8.tgz. Extracting by manifest.
3029 silly tarball no local data for @babel/helper-create-regexp-features-plugin@https://registry.npmjs.org/@babel/helper-create-regexp-features-plugin/-/helper-create-regexp-features-plugin-7.29.7.tgz. Extracting by manifest.
3030 silly tarball no local data for @babel/helper-wrap-function@https://registry.npmjs.org/@babel/helper-wrap-function/-/helper-wrap-function-7.29.7.tgz. Extracting by manifest.
3031 silly tarball no local data for regenerate@https://registry.npmjs.org/regenerate/-/regenerate-1.4.2.tgz. Extracting by manifest.
3032 silly tarball no local data for babel-plugin-polyfill-corejs2@https://registry.npmjs.org/babel-plugin-polyfill-corejs2/-/babel-plugin-polyfill-corejs2-0.4.17.tgz. Extracting by manifest.
3033 silly tarball no local data for @babel/helper-optimise-call-expression@https://registry.npmjs.org/@babel/helper-optimise-call-expression/-/helper-optimise-call-expression-7.29.7.tgz. Extracting by manifest.
3034 silly tarball no local data for babel-plugin-polyfill-corejs3@https://registry.npmjs.org/babel-plugin-polyfill-corejs3/-/babel-plugin-polyfill-corejs3-0.13.0.tgz. Extracting by manifest.
3035 silly tarball no local data for @babel/plugin-syntax-jsx@https://registry.npmjs.org/@babel/plugin-syntax-jsx/-/plugin-syntax-jsx-7.29.7.tgz. Extracting by manifest.
3036 silly tarball no local data for regexpu-core@https://registry.npmjs.org/regexpu-core/-/regexpu-core-6.4.0.tgz. Extracting by manifest.
3037 silly tarball no local data for @babel/plugin-syntax-decorators@https://registry.npmjs.org/@babel/plugin-syntax-decorators/-/plugin-syntax-decorators-7.29.7.tgz. Extracting by manifest.
3038 silly tarball no local data for @babel/helper-member-expression-to-functions@https://registry.npmjs.org/@babel/helper-member-expression-to-functions/-/helper-member-expression-to-functions-7.29.7.tgz. Extracting by manifest.
3039 silly tarball no local data for babel-plugin-react-native-web@https://registry.npmjs.org/babel-plugin-react-native-web/-/babel-plugin-react-native-web-0.21.2.tgz. Extracting by manifest.
3040 silly tarball no local data for @babel/helper-annotate-as-pure@https://registry.npmjs.org/@babel/helper-annotate-as-pure/-/helper-annotate-as-pure-7.29.7.tgz. Extracting by manifest.
3041 silly tarball no local data for @babel/helper-create-class-features-plugin@https://registry.npmjs.org/@babel/helper-create-class-features-plugin/-/helper-create-class-features-plugin-7.29.7.tgz. Extracting by manifest.
3042 silly tarball no local data for babel-plugin-react-compiler@https://registry.npmjs.org/babel-plugin-react-compiler/-/babel-plugin-react-compiler-1.0.0.tgz. Extracting by manifest.
3043 silly tarball no local data for babel-plugin-transform-flow-enums@https://registry.npmjs.org/babel-plugin-transform-flow-enums/-/babel-plugin-transform-flow-enums-0.0.2.tgz. Extracting by manifest.
3044 silly tarball no local data for @react-native/babel-plugin-codegen@https://registry.npmjs.org/@react-native/babel-plugin-codegen/-/babel-plugin-codegen-0.86.0.tgz. Extracting by manifest.
3045 silly tarball no local data for @babel/plugin-transform-unicode-regex@https://registry.npmjs.org/@babel/plugin-transform-unicode-regex/-/plugin-transform-unicode-regex-7.29.7.tgz. Extracting by manifest.
3046 silly tarball no local data for @babel/preset-typescript@https://registry.npmjs.org/@babel/preset-typescript/-/preset-typescript-7.29.7.tgz. Extracting by manifest.
3047 silly tarball no local data for @babel/plugin-transform-runtime@https://registry.npmjs.org/@babel/plugin-transform-runtime/-/plugin-transform-runtime-7.29.7.tgz. Extracting by manifest.
3048 silly tarball no local data for @babel/plugin-transform-react-pure-annotations@https://registry.npmjs.org/@babel/plugin-transform-react-pure-annotations/-/plugin-transform-react-pure-annotations-7.29.7.tgz. Extracting by manifest.
3049 silly tarball no local data for @babel/plugin-transform-react-jsx@https://registry.npmjs.org/@babel/plugin-transform-react-jsx/-/plugin-transform-react-jsx-7.29.7.tgz. Extracting by manifest.
3050 silly tarball no local data for @babel/plugin-syntax-flow@https://registry.npmjs.org/@babel/plugin-syntax-flow/-/plugin-syntax-flow-7.29.7.tgz. Extracting by manifest.
3051 silly tarball no local data for @babel/plugin-transform-react-jsx-development@https://registry.npmjs.org/@babel/plugin-transform-react-jsx-development/-/plugin-transform-react-jsx-development-7.29.7.tgz. Extracting by manifest.
3052 silly tarball no local data for @babel/plugin-transform-react-display-name@https://registry.npmjs.org/@babel/plugin-transform-react-display-name/-/plugin-transform-react-display-name-7.29.7.tgz. Extracting by manifest.
3053 silly tarball no local data for @babel/plugin-transform-parameters@https://registry.npmjs.org/@babel/plugin-transform-parameters/-/plugin-transform-parameters-7.29.7.tgz. Extracting by manifest.
3054 silly tarball no local data for @babel/plugin-transform-typescript@https://registry.npmjs.org/@babel/plugin-transform-typescript/-/plugin-transform-typescript-7.29.7.tgz. Extracting by manifest.
3055 silly tarball no local data for @babel/plugin-transform-private-property-in-object@https://registry.npmjs.org/@babel/plugin-transform-private-property-in-object/-/plugin-transform-private-property-in-object-7.29.7.tgz. Extracting by manifest.
3056 silly tarball no local data for @babel/plugin-transform-optional-chaining@https://registry.npmjs.org/@babel/plugin-transform-optional-chaining/-/plugin-transform-optional-chaining-7.29.7.tgz. Extracting by manifest.
3057 silly tarball no local data for @babel/helper-remap-async-to-generator@https://registry.npmjs.org/@babel/helper-remap-async-to-generator/-/helper-remap-async-to-generator-7.29.7.tgz. Extracting by manifest.
3058 silly tarball no local data for @babel/plugin-transform-private-methods@https://registry.npmjs.org/@babel/plugin-transform-private-methods/-/plugin-transform-private-methods-7.29.7.tgz. Extracting by manifest.
3059 silly tarball no local data for @babel/plugin-transform-nullish-coalescing-operator@https://registry.npmjs.org/@babel/plugin-transform-nullish-coalescing-operator/-/plugin-transform-nullish-coalescing-operator-7.29.7.tgz. Extracting by manifest.
3060 silly tarball no local data for @babel/plugin-transform-object-rest-spread@https://registry.npmjs.org/@babel/plugin-transform-object-rest-spread/-/plugin-transform-object-rest-spread-7.29.7.tgz. Extracting by manifest.
3061 silly tarball no local data for @babel/plugin-transform-named-capturing-groups-regex@https://registry.npmjs.org/@babel/plugin-transform-named-capturing-groups-regex/-/plugin-transform-named-capturing-groups-regex-7.29.7.tgz. Extracting by manifest.
3062 silly tarball no local data for @babel/helper-skip-transparent-expression-wrappers@https://registry.npmjs.org/@babel/helper-skip-transparent-expression-wrappers/-/helper-skip-transparent-expression-wrappers-7.29.7.tgz. Extracting by manifest.
3063 silly tarball no local data for @babel/plugin-transform-flow-strip-types@https://registry.npmjs.org/@babel/plugin-transform-flow-strip-types/-/plugin-transform-flow-strip-types-7.29.7.tgz. Extracting by manifest.
3064 silly tarball no local data for @babel/plugin-transform-logical-assignment-operators@https://registry.npmjs.org/@babel/plugin-transform-logical-assignment-operators/-/plugin-transform-logical-assignment-operators-7.29.7.tgz. Extracting by manifest.
3065 silly tarball no local data for @babel/plugin-transform-export-namespace-from@https://registry.npmjs.org/@babel/plugin-transform-export-namespace-from/-/plugin-transform-export-namespace-from-7.29.7.tgz. Extracting by manifest.
3066 silly tarball no local data for @babel/plugin-transform-destructuring@https://registry.npmjs.org/@babel/plugin-transform-destructuring/-/plugin-transform-destructuring-7.29.7.tgz. Extracting by manifest.
3067 silly tarball no local data for @babel/plugin-transform-class-static-block@https://registry.npmjs.org/@babel/plugin-transform-class-static-block/-/plugin-transform-class-static-block-7.29.7.tgz. Extracting by manifest.
3068 silly tarball no local data for @babel/plugin-transform-optional-catch-binding@https://registry.npmjs.org/@babel/plugin-transform-optional-catch-binding/-/plugin-transform-optional-catch-binding-7.29.7.tgz. Extracting by manifest.
3069 silly tarball no local data for @babel/plugin-transform-class-properties@https://registry.npmjs.org/@babel/plugin-transform-class-properties/-/plugin-transform-class-properties-7.29.7.tgz. Extracting by manifest.
3070 silly tarball no local data for @babel/plugin-transform-async-to-generator@https://registry.npmjs.org/@babel/plugin-transform-async-to-generator/-/plugin-transform-async-to-generator-7.29.7.tgz. Extracting by manifest.
3071 silly tarball no local data for @babel/plugin-syntax-optional-chaining@https://registry.npmjs.org/@babel/plugin-syntax-optional-chaining/-/plugin-syntax-optional-chaining-7.8.3.tgz. Extracting by manifest.
3072 silly tarball no local data for @babel/helper-replace-supers@https://registry.npmjs.org/@babel/helper-replace-supers/-/helper-replace-supers-7.29.7.tgz. Extracting by manifest.
3073 silly tarball no local data for @babel/plugin-transform-async-generator-functions@https://registry.npmjs.org/@babel/plugin-transform-async-generator-functions/-/plugin-transform-async-generator-functions-7.29.7.tgz. Extracting by manifest.
3074 silly tarball no local data for @babel/plugin-syntax-export-default-from@https://registry.npmjs.org/@babel/plugin-syntax-export-default-from/-/plugin-syntax-export-default-from-7.29.7.tgz. Extracting by manifest.
3075 silly tarball no local data for @babel/plugin-transform-classes@https://registry.npmjs.org/@babel/plugin-transform-classes/-/plugin-transform-classes-7.29.7.tgz. Extracting by manifest.
3076 silly tarball no local data for source-map-js@https://registry.npmjs.org/source-map-js/-/source-map-js-1.2.1.tgz. Extracting by manifest.
3077 silly tarball no local data for nanoid@https://registry.npmjs.org/nanoid/-/nanoid-3.3.16.tgz. Extracting by manifest.
3078 silly tarball no local data for @babel/plugin-syntax-nullish-coalescing-operator@https://registry.npmjs.org/@babel/plugin-syntax-nullish-coalescing-operator/-/plugin-syntax-nullish-coalescing-operator-7.8.3.tgz. Extracting by manifest.
3079 silly tarball no local data for postcss@https://registry.npmjs.org/postcss/-/postcss-8.5.19.tgz. Extracting by manifest.
3080 silly tarball no local data for @babel/plugin-syntax-dynamic-import@https://registry.npmjs.org/@babel/plugin-syntax-dynamic-import/-/plugin-syntax-dynamic-import-7.8.3.tgz. Extracting by manifest.
3081 silly tarball no local data for @babel/plugin-proposal-export-default-from@https://registry.npmjs.org/@babel/plugin-proposal-export-default-from/-/plugin-proposal-export-default-from-7.29.7.tgz. Extracting by manifest.
3082 silly tarball no local data for @babel/plugin-proposal-decorators@https://registry.npmjs.org/@babel/plugin-proposal-decorators/-/plugin-proposal-decorators-7.29.7.tgz. Extracting by manifest.
3083 silly tarball no local data for lightningcss-win32-x64-msvc@https://registry.npmjs.org/lightningcss-win32-x64-msvc/-/lightningcss-win32-x64-msvc-1.32.0.tgz. Extracting by manifest.
3084 silly tarball no local data for defaults@https://registry.npmjs.org/defaults/-/defaults-1.0.4.tgz. Extracting by manifest.
3085 silly tarball no local data for lightningcss@https://registry.npmjs.org/lightningcss/-/lightningcss-1.32.0.tgz. Extracting by manifest.
3086 silly tarball no local data for clone@https://registry.npmjs.org/clone/-/clone-1.0.4.tgz. Extracting by manifest.
3087 silly tarball no local data for supports-hyperlinks@https://registry.npmjs.org/supports-hyperlinks/-/supports-hyperlinks-2.3.0.tgz. Extracting by manifest.
3088 silly tarball no local data for ansi-escapes@https://registry.npmjs.org/ansi-escapes/-/ansi-escapes-4.3.2.tgz. Extracting by manifest.
3089 silly tarball no local data for mimic-fn@https://registry.npmjs.org/mimic-fn/-/mimic-fn-1.2.0.tgz. Extracting by manifest.
3090 silly tarball no local data for sisteransi@https://registry.npmjs.org/sisteransi/-/sisteransi-1.0.5.tgz. Extracting by manifest.
3091 silly tarball no local data for signal-exit@https://registry.npmjs.org/signal-exit/-/signal-exit-3.0.7.tgz. Extracting by manifest.
3092 silly tarball no local data for onetime@https://registry.npmjs.org/onetime/-/onetime-2.0.1.tgz. Extracting by manifest.
3093 silly tarball no local data for @babel/plugin-transform-for-of@https://registry.npmjs.org/@babel/plugin-transform-for-of/-/plugin-transform-for-of-7.29.7.tgz. Extracting by manifest.
3094 silly tarball no local data for kleur@https://registry.npmjs.org/kleur/-/kleur-3.0.3.tgz. Extracting by manifest.
3095 silly tarball no local data for pngjs@https://registry.npmjs.org/pngjs/-/pngjs-3.4.0.tgz. Extracting by manifest.
3096 silly tarball no local data for log-symbols@https://registry.npmjs.org/log-symbols/-/log-symbols-2.2.0.tgz. Extracting by manifest.
3097 silly tarball no local data for @babel/plugin-transform-block-scoping@https://registry.npmjs.org/@babel/plugin-transform-block-scoping/-/plugin-transform-block-scoping-7.29.7.tgz. Extracting by manifest.
3098 silly tarball no local data for cli-spinners@https://registry.npmjs.org/cli-spinners/-/cli-spinners-2.9.2.tgz. Extracting by manifest.
3099 silly tarball no local data for wcwidth@https://registry.npmjs.org/wcwidth/-/wcwidth-1.0.1.tgz. Extracting by manifest.
3100 silly tarball no local data for cli-cursor@https://registry.npmjs.org/cli-cursor/-/cli-cursor-2.1.0.tgz. Extracting by manifest.
3101 silly tarball no local data for validate-npm-package-name@https://registry.npmjs.org/validate-npm-package-name/-/validate-npm-package-name-5.0.1.tgz. Extracting by manifest.
3102 silly tarball no local data for detect-libc@https://registry.npmjs.org/detect-libc/-/detect-libc-2.1.2.tgz. Extracting by manifest.
3103 silly tarball no local data for proc-log@https://registry.npmjs.org/proc-log/-/proc-log-4.2.0.tgz. Extracting by manifest.
3104 silly tarball no local data for argparse@https://registry.npmjs.org/argparse/-/argparse-2.0.1.tgz. Extracting by manifest.
3105 silly tarball no local data for hosted-git-info@https://registry.npmjs.org/hosted-git-info/-/hosted-git-info-7.0.2.tgz. Extracting by manifest.
3106 silly tarball no local data for safe-buffer@https://registry.npmjs.org/safe-buffer/-/safe-buffer-5.2.1.tgz. Extracting by manifest.
3107 silly tarball no local data for vary@https://registry.npmjs.org/vary/-/vary-1.1.2.tgz. Extracting by manifest.
3108 silly tarball no local data for compressible@https://registry.npmjs.org/compressible/-/compressible-2.0.18.tgz. Extracting by manifest.
3109 silly tarball no local data for bytes@https://registry.npmjs.org/bytes/-/bytes-3.1.2.tgz. Extracting by manifest.
3110 silly tarball no local data for js-yaml@https://registry.npmjs.org/js-yaml/-/js-yaml-4.3.0.tgz. Extracting by manifest.
3111 silly tarball no local data for jimp-compact@https://registry.npmjs.org/jimp-compact/-/jimp-compact-0.16.1.tgz. Extracting by manifest.
3112 silly tarball no local data for restore-cursor@https://registry.npmjs.org/restore-cursor/-/restore-cursor-2.0.0.tgz. Extracting by manifest.
3113 silly tarball no local data for on-headers@https://registry.npmjs.org/on-headers/-/on-headers-1.1.0.tgz. Extracting by manifest.
3114 silly tarball no local data for @expo/sudo-prompt@https://registry.npmjs.org/@expo/sudo-prompt/-/sudo-prompt-9.3.2.tgz. Extracting by manifest.
3115 silly tarball no local data for prompts@https://registry.npmjs.org/prompts/-/prompts-2.4.2.tgz. Extracting by manifest.
3116 silly tarball no local data for toqr@https://registry.npmjs.org/toqr/-/toqr-0.1.1.tgz. Extracting by manifest.
3117 silly tarball no local data for parse-png@https://registry.npmjs.org/parse-png/-/parse-png-2.1.0.tgz. Extracting by manifest.
3118 silly tarball no local data for progress@https://registry.npmjs.org/progress/-/progress-2.0.3.tgz. Extracting by manifest.
3119 silly tarball no local data for ora@https://registry.npmjs.org/ora/-/ora-3.4.0.tgz. Extracting by manifest.
3120 silly tarball no local data for structured-headers@https://registry.npmjs.org/structured-headers/-/structured-headers-0.4.1.tgz. Extracting by manifest.
3121 silly tarball no local data for node-forge@https://registry.npmjs.org/node-forge/-/node-forge-1.4.0.tgz. Extracting by manifest.
3122 silly tarball no local data for terminal-link@https://registry.npmjs.org/terminal-link/-/terminal-link-2.1.1.tgz. Extracting by manifest.
3123 silly tarball no local data for multitars@https://registry.npmjs.org/multitars/-/multitars-1.0.0.tgz. Extracting by manifest.
3124 silly tarball no local data for npm-package-arg@https://registry.npmjs.org/npm-package-arg/-/npm-package-arg-11.0.3.tgz. Extracting by manifest.
3125 silly tarball no local data for dnssd-advertise@https://registry.npmjs.org/dnssd-advertise/-/dnssd-advertise-1.1.6.tgz. Extracting by manifest.
3126 silly tarball no local data for lan-network@https://registry.npmjs.org/lan-network/-/lan-network-0.2.1.tgz. Extracting by manifest.
3127 silly tarball no local data for @expo/xcpretty@https://registry.npmjs.org/@expo/xcpretty/-/xcpretty-4.4.4.tgz. Extracting by manifest.
3128 silly tarball no local data for @expo/schema-utils@https://registry.npmjs.org/@expo/schema-utils/-/schema-utils-57.0.2.tgz. Extracting by manifest.
3129 silly tarball no local data for compression@https://registry.npmjs.org/compression/-/compression-1.8.1.tgz. Extracting by manifest.
3130 silly tarball no local data for agent-cli-detector@https://registry.npmjs.org/agent-cli-detector/-/agent-cli-detector-0.1.2.tgz. Extracting by manifest.
3131 silly tarball no local data for expo-server@https://registry.npmjs.org/expo-server/-/expo-server-57.0.1.tgz. Extracting by manifest.
3132 silly tarball no local data for zod@https://registry.npmjs.org/zod/-/zod-3.25.76.tgz. Extracting by manifest.
3133 silly tarball no local data for @expo/package-manager@https://registry.npmjs.org/@expo/package-manager/-/package-manager-1.13.1.tgz. Extracting by manifest.
3134 silly tarball no local data for @expo/prebuild-config@https://registry.npmjs.org/@expo/prebuild-config/-/prebuild-config-57.0.7.tgz. Extracting by manifest.
3135 silly tarball no local data for @expo/metro-file-map@https://registry.npmjs.org/@expo/metro-file-map/-/metro-file-map-57.0.1.tgz. Extracting by manifest.
3136 silly tarball no local data for @expo/inline-modules@https://registry.npmjs.org/@expo/inline-modules/-/inline-modules-0.1.3.tgz. Extracting by manifest.
3137 silly tarball no local data for fetch-nodeshim@https://registry.npmjs.org/fetch-nodeshim/-/fetch-nodeshim-0.4.10.tgz. Extracting by manifest.
3138 silly tarball no local data for @expo/devcert@https://registry.npmjs.org/@expo/devcert/-/devcert-1.2.1.tgz. Extracting by manifest.
3139 silly tarball no local data for @expo/image-utils@https://registry.npmjs.org/@expo/image-utils/-/image-utils-0.11.3.tgz. Extracting by manifest.
3140 silly tarball no local data for wrap-ansi@https://registry.npmjs.org/wrap-ansi/-/wrap-ansi-7.0.0.tgz. Extracting by manifest.
3141 silly tarball no local data for @expo/code-signing-certificates@https://registry.npmjs.org/@expo/code-signing-certificates/-/code-signing-certificates-0.0.6.tgz. Extracting by manifest.
3142 silly tarball no local data for yargs-parser@https://registry.npmjs.org/yargs-parser/-/yargs-parser-21.1.1.tgz. Extracting by manifest.
3143 silly tarball no local data for is-fullwidth-code-point@https://registry.npmjs.org/is-fullwidth-code-point/-/is-fullwidth-code-point-3.0.0.tgz. Extracting by manifest.
3144 silly tarball no local data for strip-ansi@https://registry.npmjs.org/strip-ansi/-/strip-ansi-6.0.1.tgz. Extracting by manifest.
3145 silly tarball no local data for string-width@https://registry.npmjs.org/string-width/-/string-width-4.2.3.tgz. Extracting by manifest.
3146 silly tarball no local data for @expo/osascript@https://registry.npmjs.org/@expo/osascript/-/osascript-2.7.1.tgz. Extracting by manifest.
3147 silly tarball no local data for emoji-regex@https://registry.npmjs.org/emoji-regex/-/emoji-regex-8.0.0.tgz. Extracting by manifest.
3148 silly tarball no local data for require-directory@https://registry.npmjs.org/require-directory/-/require-directory-2.1.1.tgz. Extracting by manifest.
3149 silly tarball no local data for y18n@https://registry.npmjs.org/y18n/-/y18n-5.0.8.tgz. Extracting by manifest.
3150 silly tarball no local data for cliui@https://registry.npmjs.org/cliui/-/cliui-8.0.1.tgz. Extracting by manifest.
3151 silly tarball no local data for bplist-parser@https://registry.npmjs.org/bplist-parser/-/bplist-parser-0.3.1.tgz. Extracting by manifest.
3152 silly tarball no local data for stream-buffers@https://registry.npmjs.org/stream-buffers/-/stream-buffers-2.2.0.tgz. Extracting by manifest.
3153 silly tarball no local data for uuid@https://registry.npmjs.org/uuid/-/uuid-7.0.3.tgz. Extracting by manifest.
3154 silly tarball no local data for big-integer@https://registry.npmjs.org/big-integer/-/big-integer-1.6.52.tgz. Extracting by manifest.
3155 silly tarball no local data for bplist-creator@https://registry.npmjs.org/bplist-creator/-/bplist-creator-0.1.0.tgz. Extracting by manifest.
3156 silly tarball no local data for simple-plist@https://registry.npmjs.org/simple-plist/-/simple-plist-1.3.1.tgz. Extracting by manifest.
3157 silly tarball no local data for isexe@https://registry.npmjs.org/isexe/-/isexe-2.0.0.tgz. Extracting by manifest.
3158 silly tarball no local data for tmpl@https://registry.npmjs.org/tmpl/-/tmpl-1.0.5.tgz. Extracting by manifest.
3159 silly tarball no local data for get-caller-file@https://registry.npmjs.org/get-caller-file/-/get-caller-file-2.0.5.tgz. Extracting by manifest.
3160 silly tarball no local data for is-number@https://registry.npmjs.org/is-number/-/is-number-7.0.0.tgz. Extracting by manifest.
3161 silly tarball no local data for @jridgewell/source-map@https://registry.npmjs.org/@jridgewell/source-map/-/source-map-0.3.11.tgz. Extracting by manifest.
3162 silly tarball no local data for escalade@https://registry.npmjs.org/escalade/-/escalade-3.2.0.tgz. Extracting by manifest.
3163 silly tarball no local data for plist@https://registry.npmjs.org/plist/-/plist-3.1.1.tgz. Extracting by manifest.
3164 silly tarball no local data for buffer-from@https://registry.npmjs.org/buffer-from/-/buffer-from-1.1.2.tgz. Extracting by manifest.
3165 silly tarball no local data for has-flag@https://registry.npmjs.org/has-flag/-/has-flag-4.0.0.tgz. Extracting by manifest.
3166 silly tarball no local data for acorn@https://registry.npmjs.org/acorn/-/acorn-8.17.0.tgz. Extracting by manifest.
3167 silly tarball no local data for type-fest@https://registry.npmjs.org/type-fest/-/type-fest-0.7.1.tgz. Extracting by manifest.
3168 silly tarball no local data for makeerror@https://registry.npmjs.org/makeerror/-/makeerror-1.0.12.tgz. Extracting by manifest.
3169 silly tarball no local data for toidentifier@https://registry.npmjs.org/toidentifier/-/toidentifier-1.0.1.tgz. Extracting by manifest.
3170 silly tarball no local data for shebang-regex@https://registry.npmjs.org/shebang-regex/-/shebang-regex-3.0.0.tgz. Extracting by manifest.
3171 silly tarball no local data for range-parser@https://registry.npmjs.org/range-parser/-/range-parser-1.2.1.tgz. Extracting by manifest.
3172 silly tarball no local data for mime@https://registry.npmjs.org/mime/-/mime-1.6.0.tgz. Extracting by manifest.
3173 silly tarball no local data for fresh@https://registry.npmjs.org/fresh/-/fresh-0.5.2.tgz. Extracting by manifest.
3174 silly tarball no local data for etag@https://registry.npmjs.org/etag/-/etag-1.8.1.tgz. Extracting by manifest.
3175 silly tarball no local data for sax@https://registry.npmjs.org/sax/-/sax-1.6.0.tgz. Extracting by manifest.
3176 silly tarball no local data for send@https://registry.npmjs.org/send/-/send-0.19.2.tgz. Extracting by manifest.
3177 silly tarball no local data for destroy@https://registry.npmjs.org/destroy/-/destroy-1.2.0.tgz. Extracting by manifest.
3178 silly tarball no local data for depd@https://registry.npmjs.org/depd/-/depd-2.0.0.tgz. Extracting by manifest.
3179 silly tarball no local data for shell-quote@https://registry.npmjs.org/shell-quote/-/shell-quote-1.10.0.tgz. Extracting by manifest.
3180 silly tarball no local data for asap@https://registry.npmjs.org/asap/-/asap-2.0.6.tgz. Extracting by manifest.
3181 silly tarball no local data for http-errors@https://registry.npmjs.org/http-errors/-/http-errors-2.0.1.tgz. Extracting by manifest.
3182 silly tarball no local data for marky@https://registry.npmjs.org/marky/-/marky-1.3.0.tgz. Extracting by manifest.
3183 silly tarball no local data for lighthouse-logger@https://registry.npmjs.org/lighthouse-logger/-/lighthouse-logger-1.4.2.tgz. Extracting by manifest.
3184 silly tarball no local data for is-docker@https://registry.npmjs.org/is-docker/-/is-docker-2.2.1.tgz. Extracting by manifest.
3185 silly tarball no local data for is-wsl@https://registry.npmjs.org/is-wsl/-/is-wsl-2.2.0.tgz. Extracting by manifest.
3186 silly tarball no local data for setprototypeof@https://registry.npmjs.org/setprototypeof/-/setprototypeof-1.2.0.tgz. Extracting by manifest.
3187 silly tarball no local data for escape-string-regexp@https://registry.npmjs.org/escape-string-regexp/-/escape-string-regexp-4.0.0.tgz. Extracting by manifest.
3188 silly tarball no local data for event-target-shim@https://registry.npmjs.org/event-target-shim/-/event-target-shim-5.0.1.tgz. Extracting by manifest.
3189 silly tarball no local data for serve-static@https://registry.npmjs.org/serve-static/-/serve-static-1.16.3.tgz. Extracting by manifest.
3190 silly tarball no local data for open@https://registry.npmjs.org/open/-/open-7.4.2.tgz. Extracting by manifest.
3191 silly tarball no local data for @react-native/debugger-shell@https://registry.npmjs.org/@react-native/debugger-shell/-/debugger-shell-0.86.0.tgz. Extracting by manifest.
3192 silly tarball no local data for chromium-edge-launcher@https://registry.npmjs.org/chromium-edge-launcher/-/chromium-edge-launcher-0.3.0.tgz. Extracting by manifest.
3193 silly tarball no local data for chrome-launcher@https://registry.npmjs.org/chrome-launcher/-/chrome-launcher-0.15.2.tgz. Extracting by manifest.
3194 silly tarball no local data for @react-native/dev-middleware@https://registry.npmjs.org/@react-native/dev-middleware/-/dev-middleware-0.86.0.tgz. Extracting by manifest.
3195 silly tarball no local data for mkdirp@https://registry.npmjs.org/mkdirp/-/mkdirp-1.0.4.tgz. Extracting by manifest.
3196 silly tarball no local data for @react-native/debugger-frontend@https://registry.npmjs.org/@react-native/debugger-frontend/-/debugger-frontend-0.86.0.tgz. Extracting by manifest.
3197 silly tarball no local data for whatwg-fetch@https://registry.npmjs.org/whatwg-fetch/-/whatwg-fetch-3.6.20.tgz. Extracting by manifest.
3198 silly tarball no local data for tinyglobby@https://registry.npmjs.org/tinyglobby/-/tinyglobby-0.2.17.tgz. Extracting by manifest.
3199 silly tarball no local data for stacktrace-parser@https://registry.npmjs.org/stacktrace-parser/-/stacktrace-parser-0.1.11.tgz. Extracting by manifest.
3200 silly tarball no local data for scheduler@https://registry.npmjs.org/scheduler/-/scheduler-0.27.0.tgz. Extracting by manifest.
3201 silly tarball no local data for regenerator-runtime@https://registry.npmjs.org/regenerator-runtime/-/regenerator-runtime-0.13.11.tgz. Extracting by manifest.
3202 silly tarball no local data for react-devtools-core@https://registry.npmjs.org/react-devtools-core/-/react-devtools-core-6.1.5.tgz. Extracting by manifest.
3203 silly tarball no local data for promise@https://registry.npmjs.org/promise/-/promise-8.3.0.tgz. Extracting by manifest.
3204 silly tarball no local data for memoize-one@https://registry.npmjs.org/memoize-one/-/memoize-one-5.2.1.tgz. Extracting by manifest.
3205 silly tarball no local data for source-map-support@https://registry.npmjs.org/source-map-support/-/source-map-support-0.5.21.tgz. Extracting by manifest.
3206 silly tarball no local data for babel-plugin-syntax-hermes-parser@https://registry.npmjs.org/babel-plugin-syntax-hermes-parser/-/babel-plugin-syntax-hermes-parser-0.36.0.tgz. Extracting by manifest.
3207 silly tarball no local data for ansi-regex@https://registry.npmjs.org/ansi-regex/-/ansi-regex-5.0.1.tgz. Extracting by manifest.
3208 silly tarball no local data for anser@https://registry.npmjs.org/anser/-/anser-1.4.10.tgz. Extracting by manifest.
3209 silly tarball no local data for abort-controller@https://registry.npmjs.org/abort-controller/-/abort-controller-3.0.0.tgz. Extracting by manifest.
3210 silly tarball no local data for @react-native/gradle-plugin@https://registry.npmjs.org/@react-native/gradle-plugin/-/gradle-plugin-0.86.0.tgz. Extracting by manifest.
3211 silly tarball no local data for @isaacs/ttlcache@https://registry.npmjs.org/@isaacs/ttlcache/-/ttlcache-1.4.1.tgz. Extracting by manifest.
3212 silly tarball no local data for @react-native/virtualized-lists@https://registry.npmjs.org/@react-native/virtualized-lists/-/virtualized-lists-0.86.0.tgz. Extracting by manifest.
3213 silly tarball no local data for @react-native/community-cli-plugin@https://registry.npmjs.org/@react-native/community-cli-plugin/-/community-cli-plugin-0.86.0.tgz. Extracting by manifest.
3214 silly tarball no local data for inherits@https://registry.npmjs.org/inherits/-/inherits-2.0.4.tgz. Extracting by manifest.
3215 silly tarball no local data for @react-native/codegen@https://registry.npmjs.org/@react-native/codegen/-/codegen-0.86.0.tgz. Extracting by manifest.
3216 silly tarball no local data for @react-native/assets-registry@https://registry.npmjs.org/@react-native/assets-registry/-/assets-registry-0.86.0.tgz. Extracting by manifest.
3217 silly tarball no local data for ee-first@https://registry.npmjs.org/ee-first/-/ee-first-1.1.1.tgz. Extracting by manifest.
3218 silly tarball no local data for react-is@https://registry.npmjs.org/react-is/-/react-is-18.3.1.tgz. Extracting by manifest.
3219 silly tarball no local data for @react-native/normalize-colors@https://registry.npmjs.org/@react-native/normalize-colors/-/normalize-colors-0.86.0.tgz. Extracting by manifest.
3220 silly tarball no local data for brace-expansion@https://registry.npmjs.org/brace-expansion/-/brace-expansion-5.0.7.tgz. Extracting by manifest.
3221 silly tarball no local data for balanced-match@https://registry.npmjs.org/balanced-match/-/balanced-match-4.0.4.tgz. Extracting by manifest.
3222 silly tarball no local data for @react-native/js-polyfills@https://registry.npmjs.org/@react-native/js-polyfills/-/js-polyfills-0.86.0.tgz. Extracting by manifest.
3223 silly tarball no local data for to-regex-range@https://registry.npmjs.org/to-regex-range/-/to-regex-range-5.0.1.tgz. Extracting by manifest.
3224 silly tarball no local data for fill-range@https://registry.npmjs.org/fill-range/-/fill-range-7.1.1.tgz. Extracting by manifest.
3225 silly tarball no local data for braces@https://registry.npmjs.org/braces/-/braces-3.0.3.tgz. Extracting by manifest.
3226 silly tarball no local data for vlq@https://registry.npmjs.org/vlq/-/vlq-1.0.1.tgz. Extracting by manifest.
3227 silly tarball no local data for ob1@https://registry.npmjs.org/ob1/-/ob1-0.84.4.tgz. Extracting by manifest.
3228 silly tarball no local data for terser@https://registry.npmjs.org/terser/-/terser-5.49.0.tgz. Extracting by manifest.
3229 silly tarball no local data for bser@https://registry.npmjs.org/bser/-/bser-2.1.1.tgz. Extracting by manifest.
3230 silly tarball no local data for walker@https://registry.npmjs.org/walker/-/walker-1.0.8.tgz. Extracting by manifest.
3231 silly tarball no local data for node-int64@https://registry.npmjs.org/node-int64/-/node-int64-0.4.0.tgz. Extracting by manifest.
3232 silly tarball no local data for micromatch@https://registry.npmjs.org/micromatch/-/micromatch-4.0.8.tgz. Extracting by manifest.
3233 silly tarball no local data for fb-watchman@https://registry.npmjs.org/fb-watchman/-/fb-watchman-2.0.2.tgz. Extracting by manifest.
3234 silly tarball no local data for leven@https://registry.npmjs.org/leven/-/leven-3.1.0.tgz. Extracting by manifest.
3235 silly tarball no local data for jest-get-type@https://registry.npmjs.org/jest-get-type/-/jest-get-type-29.6.3.tgz. Extracting by manifest.
3236 silly tarball no local data for yaml@https://registry.npmjs.org/yaml/-/yaml-2.9.0.tgz. Extracting by manifest.
3237 silly tarball no local data for mime-db@https://registry.npmjs.org/mime-db/-/mime-db-1.54.0.tgz. Extracting by manifest.
3238 silly tarball no local data for camelcase@https://registry.npmjs.org/camelcase/-/camelcase-6.3.0.tgz. Extracting by manifest.
3239 silly tarball no local data for https-proxy-agent@https://registry.npmjs.org/https-proxy-agent/-/https-proxy-agent-7.0.6.tgz. Extracting by manifest.
3240 silly tarball no local data for @types/yargs-parser@https://registry.npmjs.org/@types/yargs-parser/-/yargs-parser-21.0.3.tgz. Extracting by manifest.
3241 silly tarball no local data for jest-validate@https://registry.npmjs.org/jest-validate/-/jest-validate-29.7.0.tgz. Extracting by manifest.
3242 silly tarball no local data for exponential-backoff@https://registry.npmjs.org/exponential-backoff/-/exponential-backoff-3.1.3.tgz. Extracting by manifest.
3243 silly tarball no local data for @types/istanbul-lib-report@https://registry.npmjs.org/@types/istanbul-lib-report/-/istanbul-lib-report-3.0.3.tgz. Extracting by manifest.
3244 silly tarball no local data for hermes-compiler@https://registry.npmjs.org/hermes-compiler/-/hermes-compiler-250829098.0.14.tgz. Extracting by manifest.
3245 silly tarball no local data for @sinclair/typebox@https://registry.npmjs.org/@sinclair/typebox/-/typebox-0.27.10.tgz. Extracting by manifest.
3246 silly tarball no local data for @types/istanbul-reports@https://registry.npmjs.org/@types/istanbul-reports/-/istanbul-reports-3.0.4.tgz. Extracting by manifest.
3247 silly tarball no local data for @types/yargs@https://registry.npmjs.org/@types/yargs/-/yargs-17.0.35.tgz. Extracting by manifest.
3248 silly tarball no local data for agent-base@https://registry.npmjs.org/agent-base/-/agent-base-7.1.4.tgz. Extracting by manifest.
3249 silly tarball no local data for picomatch@https://registry.npmjs.org/picomatch/-/picomatch-2.3.2.tgz. Extracting by manifest.
3250 silly tarball no local data for @types/node@https://registry.npmjs.org/@types/node/-/node-26.1.1.tgz. Extracting by manifest.
3251 silly tarball no local data for @jest/schemas@https://registry.npmjs.org/@jest/schemas/-/schemas-29.6.3.tgz. Extracting by manifest.
3252 silly tarball no local data for undici-types@https://registry.npmjs.org/undici-types/-/undici-types-8.3.0.tgz. Extracting by manifest.
3253 silly tarball no local data for @types/istanbul-lib-coverage@https://registry.npmjs.org/@types/istanbul-lib-coverage/-/istanbul-lib-coverage-2.0.6.tgz. Extracting by manifest.
3254 silly tarball no local data for @jest/types@https://registry.npmjs.org/@jest/types/-/types-29.6.3.tgz. Extracting by manifest.
3255 silly tarball no local data for queue@https://registry.npmjs.org/queue/-/queue-6.0.2.tgz. Extracting by manifest.
3256 silly tarball no local data for hermes-estree@https://registry.npmjs.org/hermes-estree/-/hermes-estree-0.35.0.tgz. Extracting by manifest.
3257 silly tarball no local data for merge-stream@https://registry.npmjs.org/merge-stream/-/merge-stream-2.0.0.tgz. Extracting by manifest.
3258 silly tarball no local data for statuses@https://registry.npmjs.org/statuses/-/statuses-1.5.0.tgz. Extracting by manifest.
3259 silly tarball no local data for on-finished@https://registry.npmjs.org/on-finished/-/on-finished-2.3.0.tgz. Extracting by manifest.
3260 silly tarball no local data for unpipe@https://registry.npmjs.org/unpipe/-/unpipe-1.0.0.tgz. Extracting by manifest.
3261 silly tarball no local data for stackframe@https://registry.npmjs.org/stackframe/-/stackframe-1.3.4.tgz. Extracting by manifest.
3262 silly tarball no local data for utils-merge@https://registry.npmjs.org/utils-merge/-/utils-merge-1.0.1.tgz. Extracting by manifest.
3263 silly tarball no local data for finalhandler@https://registry.npmjs.org/finalhandler/-/finalhandler-1.1.2.tgz. Extracting by manifest.
3264 silly tarball no local data for encodeurl@https://registry.npmjs.org/encodeurl/-/encodeurl-1.0.2.tgz. Extracting by manifest.
3265 silly tarball no local data for negotiator@https://registry.npmjs.org/negotiator/-/negotiator-1.0.0.tgz. Extracting by manifest.
3266 silly tarball no local data for yargs@https://registry.npmjs.org/yargs/-/yargs-17.7.3.tgz. Extracting by manifest.
3267 silly tarball no local data for throat@https://registry.npmjs.org/throat/-/throat-5.0.0.tgz. Extracting by manifest.
3268 silly tarball no local data for ws@https://registry.npmjs.org/ws/-/ws-7.5.12.tgz. Extracting by manifest.
3269 silly tarball no local data for source-map@https://registry.npmjs.org/source-map/-/source-map-0.5.7.tgz. Extracting by manifest.
3270 silly tarball no local data for serialize-error@https://registry.npmjs.org/serialize-error/-/serialize-error-2.1.0.tgz. Extracting by manifest.
3271 silly tarball no local data for nullthrows@https://registry.npmjs.org/nullthrows/-/nullthrows-1.1.1.tgz. Extracting by manifest.
3272 silly tarball no local data for mime-types@https://registry.npmjs.org/mime-types/-/mime-types-3.0.2.tgz. Extracting by manifest.
3273 silly tarball no local data for parseurl@https://registry.npmjs.org/parseurl/-/parseurl-1.3.3.tgz. Extracting by manifest.
3274 silly tarball no local data for lodash.throttle@https://registry.npmjs.org/lodash.throttle/-/lodash.throttle-4.1.1.tgz. Extracting by manifest.
3275 silly tarball no local data for jsc-safe-url@https://registry.npmjs.org/jsc-safe-url/-/jsc-safe-url-0.2.4.tgz. Extracting by manifest.
3276 silly tarball no local data for jest-util@https://registry.npmjs.org/jest-util/-/jest-util-29.7.0.tgz. Extracting by manifest.
3277 silly tarball no local data for escape-html@https://registry.npmjs.org/escape-html/-/escape-html-1.0.3.tgz. Extracting by manifest.
3278 silly tarball no local data for image-size@https://registry.npmjs.org/image-size/-/image-size-1.2.1.tgz. Extracting by manifest.
3279 silly tarball no local data for flow-enums-runtime@https://registry.npmjs.org/flow-enums-runtime/-/flow-enums-runtime-0.0.6.tgz. Extracting by manifest.
3280 silly tarball no local data for jest-worker@https://registry.npmjs.org/jest-worker/-/jest-worker-29.7.0.tgz. Extracting by manifest.
3281 silly tarball no local data for graceful-fs@https://registry.npmjs.org/graceful-fs/-/graceful-fs-4.2.11.tgz. Extracting by manifest.
3282 silly tarball no local data for error-stack-parser@https://registry.npmjs.org/error-stack-parser/-/error-stack-parser-2.1.4.tgz. Extracting by manifest.
3283 silly tarball no local data for ci-info@https://registry.npmjs.org/ci-info/-/ci-info-2.0.0.tgz. Extracting by manifest.
3284 silly tarball no local data for hermes-parser@https://registry.npmjs.org/hermes-parser/-/hermes-parser-0.35.0.tgz. Extracting by manifest.
3285 silly tarball no local data for accepts@https://registry.npmjs.org/accepts/-/accepts-2.0.0.tgz. Extracting by manifest.
3286 silly tarball no local data for yallist@https://registry.npmjs.org/yallist/-/yallist-3.1.1.tgz. Extracting by manifest.
3287 silly tarball no local data for minipass@https://registry.npmjs.org/minipass/-/minipass-7.1.3.tgz. Extracting by manifest.
3288 silly tarball no local data for loose-envify@https://registry.npmjs.org/loose-envify/-/loose-envify-1.4.0.tgz. Extracting by manifest.
3289 silly tarball no local data for expo-modules-jsi@https://registry.npmjs.org/expo-modules-jsi/-/expo-modules-jsi-57.0.3.tgz. Extracting by manifest.
3290 silly tarball no local data for path-scurry@https://registry.npmjs.org/path-scurry/-/path-scurry-2.0.2.tgz. Extracting by manifest.
3291 silly tarball no local data for invariant@https://registry.npmjs.org/invariant/-/invariant-2.2.4.tgz. Extracting by manifest.
3292 silly tarball no local data for @expo/expo-modules-macros-plugin@https://registry.npmjs.org/@expo/expo-modules-macros-plugin/-/expo-modules-macros-plugin-0.6.1.tgz. Extracting by manifest.
3293 silly tarball no local data for connect@https://registry.npmjs.org/connect/-/connect-3.7.0.tgz. Extracting by manifest.
3294 silly tarball no local data for ms@https://registry.npmjs.org/ms/-/ms-2.1.3.tgz. Extracting by manifest.
3295 silly tarball no local data for which@https://registry.npmjs.org/which/-/which-2.0.2.tgz. Extracting by manifest.
3296 silly tarball no local data for shebang-command@https://registry.npmjs.org/shebang-command/-/shebang-command-2.0.0.tgz. Extracting by manifest.
3297 silly tarball no local data for path-key@https://registry.npmjs.org/path-key/-/path-key-3.1.1.tgz. Extracting by manifest.
3298 silly tarball no local data for commander@https://registry.npmjs.org/commander/-/commander-7.2.0.tgz. Extracting by manifest.
3299 silly tarball no local data for supports-color@https://registry.npmjs.org/supports-color/-/supports-color-7.2.0.tgz. Extracting by manifest.
3300 silly tarball no local data for ansi-styles@https://registry.npmjs.org/ansi-styles/-/ansi-styles-4.3.0.tgz. Extracting by manifest.
3301 silly tarball no local data for color-name@https://registry.npmjs.org/color-name/-/color-name-1.1.4.tgz. Extracting by manifest.
3302 silly tarball no local data for node-releases@https://registry.npmjs.org/node-releases/-/node-releases-2.0.51.tgz. Extracting by manifest.
3303 silly tarball no local data for electron-to-chromium@https://registry.npmjs.org/electron-to-chromium/-/electron-to-chromium-1.5.392.tgz. Extracting by manifest.
3304 silly tarball no local data for @jridgewell/sourcemap-codec@https://registry.npmjs.org/@jridgewell/sourcemap-codec/-/sourcemap-codec-1.5.5.tgz. Extracting by manifest.
3305 silly tarball no local data for caniuse-lite@https://registry.npmjs.org/caniuse-lite/-/caniuse-lite-1.0.30001805.tgz. Extracting by manifest.
3306 silly tarball no local data for @jridgewell/resolve-uri@https://registry.npmjs.org/@jridgewell/resolve-uri/-/resolve-uri-3.1.2.tgz. Extracting by manifest.
3307 silly tarball no local data for @babel/helper-plugin-utils@https://registry.npmjs.org/@babel/helper-plugin-utils/-/helper-plugin-utils-7.29.7.tgz. Extracting by manifest.
3308 silly tarball no local data for baseline-browser-mapping@https://registry.npmjs.org/baseline-browser-mapping/-/baseline-browser-mapping-2.10.43.tgz. Extracting by manifest.
3309 silly tarball no local data for cross-spawn@https://registry.npmjs.org/cross-spawn/-/cross-spawn-7.0.6.tgz. Extracting by manifest.
3310 silly tarball no local data for color-convert@https://registry.npmjs.org/color-convert/-/color-convert-2.0.1.tgz. Extracting by manifest.
3311 silly tarball no local data for @babel/helper-globals@https://registry.npmjs.org/@babel/helper-globals/-/helper-globals-7.29.7.tgz. Extracting by manifest.
3312 silly tarball no local data for lru-cache@https://registry.npmjs.org/lru-cache/-/lru-cache-5.1.1.tgz. Extracting by manifest.
3313 silly tarball no local data for @babel/helper-module-imports@https://registry.npmjs.org/@babel/helper-module-imports/-/helper-module-imports-7.29.7.tgz. Extracting by manifest.
3314 silly tarball no local data for @babel/helper-string-parser@https://registry.npmjs.org/@babel/helper-string-parser/-/helper-string-parser-7.29.7.tgz. Extracting by manifest.
3315 silly tarball no local data for browserslist@https://registry.npmjs.org/browserslist/-/browserslist-4.28.6.tgz. Extracting by manifest.
3316 silly tarball no local data for jsesc@https://registry.npmjs.org/jsesc/-/jsesc-3.1.0.tgz. Extracting by manifest.
3317 silly tarball no local data for @babel/helper-validator-option@https://registry.npmjs.org/@babel/helper-validator-option/-/helper-validator-option-7.29.7.tgz. Extracting by manifest.
3318 silly tarball no local data for @jridgewell/trace-mapping@https://registry.npmjs.org/@jridgewell/trace-mapping/-/trace-mapping-0.3.31.tgz. Extracting by manifest.
3319 silly tarball no local data for @babel/compat-data@https://registry.npmjs.org/@babel/compat-data/-/compat-data-7.29.7.tgz. Extracting by manifest.
3320 silly tarball no local data for @jridgewell/gen-mapping@https://registry.npmjs.org/@jridgewell/gen-mapping/-/gen-mapping-0.3.13.tgz. Extracting by manifest.
3321 silly tarball no local data for @babel/types@https://registry.npmjs.org/@babel/types/-/types-7.29.7.tgz. Extracting by manifest.
3322 silly tarball no local data for gensync@https://registry.npmjs.org/gensync/-/gensync-1.0.0-beta.2.tgz. Extracting by manifest.
3323 silly tarball no local data for @jridgewell/remapping@https://registry.npmjs.org/@jridgewell/remapping/-/remapping-2.3.5.tgz. Extracting by manifest.
3324 silly tarball no local data for convert-source-map@https://registry.npmjs.org/convert-source-map/-/convert-source-map-2.0.0.tgz. Extracting by manifest.
3325 silly tarball no local data for update-browserslist-db@https://registry.npmjs.org/update-browserslist-db/-/update-browserslist-db-1.2.3.tgz. Extracting by manifest.
3326 silly tarball no local data for @babel/template@https://registry.npmjs.org/@babel/template/-/template-7.29.7.tgz. Extracting by manifest.
3327 silly tarball no local data for @babel/parser@https://registry.npmjs.org/@babel/parser/-/parser-7.29.7.tgz. Extracting by manifest.
3328 silly tarball no local data for @babel/helpers@https://registry.npmjs.org/@babel/helpers/-/helpers-7.29.7.tgz. Extracting by manifest.
3329 silly tarball no local data for @babel/helper-module-transforms@https://registry.npmjs.org/@babel/helper-module-transforms/-/helper-module-transforms-7.29.7.tgz. Extracting by manifest.
3330 silly tarball no local data for @babel/helper-compilation-targets@https://registry.npmjs.org/@babel/helper-compilation-targets/-/helper-compilation-targets-7.29.7.tgz. Extracting by manifest.
3331 silly tarball no local data for @babel/plugin-transform-modules-commonjs@https://registry.npmjs.org/@babel/plugin-transform-modules-commonjs/-/plugin-transform-modules-commonjs-7.29.7.tgz. Extracting by manifest.
3332 silly tarball no local data for @babel/core@https://registry.npmjs.org/@babel/core/-/core-7.29.7.tgz. Extracting by manifest.
3333 silly tarball no local data for base64-js@https://registry.npmjs.org/base64-js/-/base64-js-1.5.1.tgz. Extracting by manifest.
3334 silly tarball no local data for xmlbuilder@https://registry.npmjs.org/xmlbuilder/-/xmlbuilder-15.1.1.tgz. Extracting by manifest.
3335 silly tarball no local data for @babel/generator@https://registry.npmjs.org/@babel/generator/-/generator-7.29.7.tgz. Extracting by manifest.
3336 silly tarball no local data for @babel/traverse@https://registry.npmjs.org/@babel/traverse/-/traverse-7.29.7.tgz. Extracting by manifest.
3337 silly tarball no local data for @xmldom/xmldom@https://registry.npmjs.org/@xmldom/xmldom/-/xmldom-0.8.13.tgz. Extracting by manifest.
3338 silly tarball no local data for metro-transform-plugins@https://registry.npmjs.org/metro-transform-plugins/-/metro-transform-plugins-0.84.4.tgz. Extracting by manifest.
3339 silly tarball no local data for metro-runtime@https://registry.npmjs.org/metro-runtime/-/metro-runtime-0.84.4.tgz. Extracting by manifest.
3340 silly tarball no local data for metro-symbolicate@https://registry.npmjs.org/metro-symbolicate/-/metro-symbolicate-0.84.4.tgz. Extracting by manifest.
3341 silly tarball no local data for metro-resolver@https://registry.npmjs.org/metro-resolver/-/metro-resolver-0.84.4.tgz. Extracting by manifest.
3342 silly tarball no local data for metro-source-map@https://registry.npmjs.org/metro-source-map/-/metro-source-map-0.84.4.tgz. Extracting by manifest.
3343 silly tarball no local data for metro-file-map@https://registry.npmjs.org/metro-file-map/-/metro-file-map-0.84.4.tgz. Extracting by manifest.
3344 silly tarball no local data for metro-core@https://registry.npmjs.org/metro-core/-/metro-core-0.84.4.tgz. Extracting by manifest.
3345 silly tarball no local data for metro-cache-key@https://registry.npmjs.org/metro-cache-key/-/metro-cache-key-0.84.4.tgz. Extracting by manifest.
3346 silly tarball no local data for metro-minify-terser@https://registry.npmjs.org/metro-minify-terser/-/metro-minify-terser-0.84.4.tgz. Extracting by manifest.
3347 silly tarball no local data for metro-babel-transformer@https://registry.npmjs.org/metro-babel-transformer/-/metro-babel-transformer-0.84.4.tgz. Extracting by manifest.
3348 silly tarball no local data for metro-config@https://registry.npmjs.org/metro-config/-/metro-config-0.84.4.tgz. Extracting by manifest.
3349 silly tarball no local data for metro@https://registry.npmjs.org/metro/-/metro-0.84.4.tgz. Extracting by manifest.
3350 silly tarball no local data for picocolors@https://registry.npmjs.org/picocolors/-/picocolors-1.1.1.tgz. Extracting by manifest.
3351 silly tarball no local data for @babel/helper-validator-identifier@https://registry.npmjs.org/@babel/helper-validator-identifier/-/helper-validator-identifier-7.29.7.tgz. Extracting by manifest.
3352 silly tarball no local data for metro-cache@https://registry.npmjs.org/metro-cache/-/metro-cache-0.84.4.tgz. Extracting by manifest.
3353 silly tarball no local data for @babel/code-frame@https://registry.npmjs.org/@babel/code-frame/-/code-frame-7.29.7.tgz. Extracting by manifest.
3354 silly tarball no local data for json5@https://registry.npmjs.org/json5/-/json5-2.2.3.tgz. Extracting by manifest.
3355 silly tarball no local data for resolve-from@https://registry.npmjs.org/resolve-from/-/resolve-from-5.0.0.tgz. Extracting by manifest.
3356 silly tarball no local data for minimatch@https://registry.npmjs.org/minimatch/-/minimatch-10.2.5.tgz. Extracting by manifest.
3357 silly tarball no local data for ignore@https://registry.npmjs.org/ignore/-/ignore-5.3.2.tgz. Extracting by manifest.
3358 silly tarball no local data for @expo/spawn-async@https://registry.npmjs.org/@expo/spawn-async/-/spawn-async-1.8.0.tgz. Extracting by manifest.
3359 silly tarball no local data for arg@https://registry.npmjs.org/arg/-/arg-5.0.2.tgz. Extracting by manifest.
3360 silly tarball no local data for @expo/env@https://registry.npmjs.org/@expo/env/-/env-2.4.2.tgz. Extracting by manifest.
3361 silly tarball no local data for xml2js@https://registry.npmjs.org/xml2js/-/xml2js-0.6.0.tgz. Extracting by manifest.
3362 silly tarball no local data for metro-transform-worker@https://registry.npmjs.org/metro-transform-worker/-/metro-transform-worker-0.84.4.tgz. Extracting by manifest.
3363 silly tarball no local data for xcode@https://registry.npmjs.org/xcode/-/xcode-3.0.1.tgz. Extracting by manifest.
3364 silly tarball no local data for debug@https://registry.npmjs.org/debug/-/debug-4.4.3.tgz. Extracting by manifest.
3365 silly tarball no local data for chalk@https://registry.npmjs.org/chalk/-/chalk-4.1.2.tgz. Extracting by manifest.
3366 silly tarball no local data for slugify@https://registry.npmjs.org/slugify/-/slugify-1.6.9.tgz. Extracting by manifest.
3367 silly tarball no local data for @expo/plist@https://registry.npmjs.org/@expo/plist/-/plist-0.8.1.tgz. Extracting by manifest.
3368 silly tarball no local data for js-tokens@https://registry.npmjs.org/js-tokens/-/js-tokens-4.0.0.tgz. Extracting by manifest.
3369 silly tarball no local data for semver@https://registry.npmjs.org/semver/-/semver-7.8.5.tgz. Extracting by manifest.
3370 silly tarball no local data for getenv@https://registry.npmjs.org/getenv/-/getenv-2.0.0.tgz. Extracting by manifest.
3371 silly tarball no local data for @expo/sdk-runtime-versions@https://registry.npmjs.org/@expo/sdk-runtime-versions/-/sdk-runtime-versions-1.0.0.tgz. Extracting by manifest.
3372 silly tarball no local data for @expo/json-file@https://registry.npmjs.org/@expo/json-file/-/json-file-11.0.1.tgz. Extracting by manifest.
3373 silly tarball no local data for resolve-workspace-root@https://registry.npmjs.org/resolve-workspace-root/-/resolve-workspace-root-2.0.1.tgz. Extracting by manifest.
3374 silly tarball no local data for whatwg-url-minimum@https://registry.npmjs.org/whatwg-url-minimum/-/whatwg-url-minimum-0.1.2.tgz. Extracting by manifest.
3375 silly tarball no local data for @expo/require-utils@https://registry.npmjs.org/@expo/require-utils/-/require-utils-57.0.3.tgz. Extracting by manifest.
3376 silly tarball no local data for pretty-format@https://registry.npmjs.org/pretty-format/-/pretty-format-29.7.0.tgz. Extracting by manifest.
3377 silly tarball no local data for expo-modules-core@https://registry.npmjs.org/expo-modules-core/-/expo-modules-core-57.0.5.tgz. Extracting by manifest.
3378 silly tarball no local data for @expo/config-types@https://registry.npmjs.org/@expo/config-types/-/config-types-57.0.2.tgz. Extracting by manifest.
3379 silly tarball no local data for glob@https://registry.npmjs.org/glob/-/glob-13.0.6.tgz. Extracting by manifest.
3380 silly tarball no local data for expo-modules-autolinking@https://registry.npmjs.org/expo-modules-autolinking/-/expo-modules-autolinking-57.0.7.tgz. Extracting by manifest.
3381 silly tarball no local data for @expo/local-build-cache-provider@https://registry.npmjs.org/@expo/local-build-cache-provider/-/local-build-cache-provider-57.0.4.tgz. Extracting by manifest.
3382 silly tarball no local data for deepmerge@https://registry.npmjs.org/deepmerge/-/deepmerge-4.3.1.tgz. Extracting by manifest.
3383 silly tarball no local data for @expo/fingerprint@https://registry.npmjs.org/@expo/fingerprint/-/fingerprint-0.20.5.tgz. Extracting by manifest.
3384 silly tarball no local data for @babel/runtime@https://registry.npmjs.org/@babel/runtime/-/runtime-7.29.7.tgz. Extracting by manifest.
3385 silly tarball no local data for @ungap/structured-clone@https://registry.npmjs.org/@ungap/structured-clone/-/structured-clone-1.3.3.tgz. Extracting by manifest.
3386 silly tarball no local data for react-refresh@https://registry.npmjs.org/react-refresh/-/react-refresh-0.14.2.tgz. Extracting by manifest.
3387 silly tarball no local data for typescript@https://registry.npmjs.org/typescript/-/typescript-6.0.3.tgz. Extracting by manifest.
3388 silly tarball no local data for expo-status-bar@https://registry.npmjs.org/expo-status-bar/-/expo-status-bar-57.0.1.tgz. Extracting by manifest.
3389 silly tarball no local data for expo@https://registry.npmjs.org/expo/-/expo-57.0.6.tgz. Extracting by manifest.
3390 silly tarball no local data for csstype@https://registry.npmjs.org/csstype/-/csstype-3.2.3.tgz. Extracting by manifest.
3391 silly tarball no local data for react-native@https://registry.npmjs.org/react-native/-/react-native-0.86.0.tgz. Extracting by manifest.
3392 silly tarball no local data for react@https://registry.npmjs.org/react/-/react-19.2.3.tgz. Extracting by manifest.
3393 silly tarball no local data for @types/react@https://registry.npmjs.org/@types/react/-/react-19.2.17.tgz. Extracting by manifest.
3394 silly tarball no local data for expo-secure-store@https://registry.npmjs.org/expo-secure-store/-/expo-secure-store-57.0.1.tgz. Extracting by manifest.
3395 silly tarball no local data for semver@https://registry.npmjs.org/semver/-/semver-6.3.1.tgz. Extracting by manifest.
3396 silly tarball no local data for @expo/devtools@https://registry.npmjs.org/@expo/devtools/-/devtools-57.0.1.tgz. Extracting by manifest.
3397 silly tarball no local data for @expo/config-plugins@https://registry.npmjs.org/@expo/config-plugins/-/config-plugins-57.0.5.tgz. Extracting by manifest.
3398 silly tarball no local data for @expo/metro@https://registry.npmjs.org/@expo/metro/-/metro-56.0.0.tgz. Extracting by manifest.
3399 silly tarball no local data for has-flag@https://registry.npmjs.org/has-flag/-/has-flag-3.0.0.tgz. Extracting by manifest.
3400 silly tarball no local data for type-fest@https://registry.npmjs.org/type-fest/-/type-fest-0.21.3.tgz. Extracting by manifest.
3401 silly tarball no local data for color-name@https://registry.npmjs.org/color-name/-/color-name-1.1.3.tgz. Extracting by manifest.
3402 silly tarball no local data for semver@https://registry.npmjs.org/semver/-/semver-6.3.1.tgz. Extracting by manifest.
3403 silly tarball no local data for semver@https://registry.npmjs.org/semver/-/semver-6.3.1.tgz. Extracting by manifest.
3404 silly tarball no local data for semver@https://registry.npmjs.org/semver/-/semver-6.3.1.tgz. Extracting by manifest.
3405 silly tarball no local data for color-convert@https://registry.npmjs.org/color-convert/-/color-convert-1.9.3.tgz. Extracting by manifest.
3406 silly tarball no local data for escape-string-regexp@https://registry.npmjs.org/escape-string-regexp/-/escape-string-regexp-1.0.5.tgz. Extracting by manifest.
3407 silly tarball no local data for supports-color@https://registry.npmjs.org/supports-color/-/supports-color-5.5.0.tgz. Extracting by manifest.
3408 silly tarball no local data for @expo/config@https://registry.npmjs.org/@expo/config/-/config-57.0.5.tgz. Extracting by manifest.
3409 silly tarball no local data for has-flag@https://registry.npmjs.org/has-flag/-/has-flag-3.0.0.tgz. Extracting by manifest.
3410 silly tarball no local data for ansi-styles@https://registry.npmjs.org/ansi-styles/-/ansi-styles-3.2.1.tgz. Extracting by manifest.
3411 silly tarball no local data for lru-cache@https://registry.npmjs.org/lru-cache/-/lru-cache-10.4.3.tgz. Extracting by manifest.
3412 silly tarball no local data for color-name@https://registry.npmjs.org/color-name/-/color-name-1.1.3.tgz. Extracting by manifest.
3413 silly tarball no local data for ansi-regex@https://registry.npmjs.org/ansi-regex/-/ansi-regex-4.1.1.tgz. Extracting by manifest.
3414 silly tarball no local data for color-convert@https://registry.npmjs.org/color-convert/-/color-convert-1.9.3.tgz. Extracting by manifest.
3415 silly tarball no local data for supports-color@https://registry.npmjs.org/supports-color/-/supports-color-5.5.0.tgz. Extracting by manifest.
3416 silly tarball no local data for chalk@https://registry.npmjs.org/chalk/-/chalk-2.4.2.tgz. Extracting by manifest.
3417 silly tarball no local data for escape-string-regexp@https://registry.npmjs.org/escape-string-regexp/-/escape-string-regexp-1.0.5.tgz. Extracting by manifest.
3418 silly tarball no local data for strip-ansi@https://registry.npmjs.org/strip-ansi/-/strip-ansi-5.2.0.tgz. Extracting by manifest.
3419 silly tarball no local data for chalk@https://registry.npmjs.org/chalk/-/chalk-2.4.2.tgz. Extracting by manifest.
3420 silly tarball no local data for ansi-styles@https://registry.npmjs.org/ansi-styles/-/ansi-styles-3.2.1.tgz. Extracting by manifest.
3421 silly tarball no local data for ms@https://registry.npmjs.org/ms/-/ms-2.0.0.tgz. Extracting by manifest.
3422 silly tarball no local data for debug@https://registry.npmjs.org/debug/-/debug-3.2.7.tgz. Extracting by manifest.
3423 silly tarball no local data for negotiator@https://registry.npmjs.org/negotiator/-/negotiator-0.6.4.tgz. Extracting by manifest.
3424 silly tarball no local data for statuses@https://registry.npmjs.org/statuses/-/statuses-2.0.2.tgz. Extracting by manifest.
3425 silly tarball no local data for source-map@https://registry.npmjs.org/source-map/-/source-map-0.6.1.tgz. Extracting by manifest.
3426 silly tarball no local data for statuses@https://registry.npmjs.org/statuses/-/statuses-2.0.2.tgz. Extracting by manifest.
3427 silly tarball no local data for on-finished@https://registry.npmjs.org/on-finished/-/on-finished-2.4.1.tgz. Extracting by manifest.
3428 silly tarball no local data for encodeurl@https://registry.npmjs.org/encodeurl/-/encodeurl-2.0.0.tgz. Extracting by manifest.
3429 silly tarball no local data for debug@https://registry.npmjs.org/debug/-/debug-2.6.9.tgz. Extracting by manifest.
3430 silly tarball no local data for ms@https://registry.npmjs.org/ms/-/ms-2.0.0.tgz. Extracting by manifest.
3431 silly tarball no local data for debug@https://registry.npmjs.org/debug/-/debug-2.6.9.tgz. Extracting by manifest.
3432 silly tarball no local data for @xmldom/xmldom@https://registry.npmjs.org/@xmldom/xmldom/-/xmldom-0.9.10.tgz. Extracting by manifest.
3433 silly tarball no local data for hermes-estree@https://registry.npmjs.org/hermes-estree/-/hermes-estree-0.36.0.tgz. Extracting by manifest.
3434 silly tarball no local data for encodeurl@https://registry.npmjs.org/encodeurl/-/encodeurl-2.0.0.tgz. Extracting by manifest.
3435 silly tarball no local data for ms@https://registry.npmjs.org/ms/-/ms-2.0.0.tgz. Extracting by manifest.
3436 silly tarball no local data for debug@https://registry.npmjs.org/debug/-/debug-2.6.9.tgz. Extracting by manifest.
3437 silly tarball no local data for fb-dotslash@https://registry.npmjs.org/fb-dotslash/-/fb-dotslash-0.5.8.tgz. Extracting by manifest.
3438 silly tarball no local data for hermes-parser@https://registry.npmjs.org/hermes-parser/-/hermes-parser-0.36.0.tgz. Extracting by manifest.
3439 silly tarball no local data for fdir@https://registry.npmjs.org/fdir/-/fdir-6.5.0.tgz. Extracting by manifest.
3440 silly tarball no local data for ci-info@https://registry.npmjs.org/ci-info/-/ci-info-3.9.0.tgz. Extracting by manifest.
3441 silly tarball no local data for commander@https://registry.npmjs.org/commander/-/commander-2.20.3.tgz. Extracting by manifest.
3442 silly tarball no local data for picomatch@https://registry.npmjs.org/picomatch/-/picomatch-4.0.5.tgz. Extracting by manifest.
3443 silly tarball no local data for hermes-parser@https://registry.npmjs.org/hermes-parser/-/hermes-parser-0.36.0.tgz. Extracting by manifest.
3444 silly tarball no local data for hermes-estree@https://registry.npmjs.org/hermes-estree/-/hermes-estree-0.36.0.tgz. Extracting by manifest.
3445 silly tarball no local data for debug@https://registry.npmjs.org/debug/-/debug-2.6.9.tgz. Extracting by manifest.
3446 silly tarball no local data for ms@https://registry.npmjs.org/ms/-/ms-2.0.0.tgz. Extracting by manifest.
3447 silly tarball no local data for supports-color@https://registry.npmjs.org/supports-color/-/supports-color-8.1.1.tgz. Extracting by manifest.
3448 silly tarball no local data for lru-cache@https://registry.npmjs.org/lru-cache/-/lru-cache-11.5.2.tgz. Extracting by manifest.
3449 silly tarball no local data for semver@https://registry.npmjs.org/semver/-/semver-6.3.1.tgz. Extracting by manifest.
3450 silly tarball no local data for xmlbuilder@https://registry.npmjs.org/xmlbuilder/-/xmlbuilder-11.0.1.tgz. Extracting by manifest.
3451 silly tarball no local data for mime-db@https://registry.npmjs.org/mime-db/-/mime-db-1.52.0.tgz. Extracting by manifest.
3452 silly tarball no local data for ms@https://registry.npmjs.org/ms/-/ms-2.0.0.tgz. Extracting by manifest.
3453 silly tarball no local data for semver@https://registry.npmjs.org/semver/-/semver-6.3.1.tgz. Extracting by manifest.
3454 silly tarball no local data for hermes-estree@https://registry.npmjs.org/hermes-estree/-/hermes-estree-0.36.1.tgz. Extracting by manifest.
3455 silly tarball no local data for hermes-parser@https://registry.npmjs.org/hermes-parser/-/hermes-parser-0.36.1.tgz. Extracting by manifest.
3456 silly tarball no local data for commander@https://registry.npmjs.org/commander/-/commander-12.1.0.tgz. Extracting by manifest.
3457 silly tarball no local data for debug@https://registry.npmjs.org/debug/-/debug-2.6.9.tgz. Extracting by manifest.
3458 silly tarball no local data for mime-types@https://registry.npmjs.org/mime-types/-/mime-types-2.1.35.tgz. Extracting by manifest.
3459 silly tarball no local data for negotiator@https://registry.npmjs.org/negotiator/-/negotiator-0.6.3.tgz. Extracting by manifest.
3460 silly tarball no local data for ci-info@https://registry.npmjs.org/ci-info/-/ci-info-3.9.0.tgz. Extracting by manifest.
3461 silly tarball no local data for @expo/ws-tunnel@https://registry.npmjs.org/@expo/ws-tunnel/-/ws-tunnel-2.0.0.tgz. Extracting by manifest.
3462 silly tarball no local data for accepts@https://registry.npmjs.org/accepts/-/accepts-1.3.8.tgz. Extracting by manifest.
3463 silly tarball no local data for ws@https://registry.npmjs.org/ws/-/ws-8.21.1.tgz. Extracting by manifest.
3464 silly tarball no local data for expo-keep-awake@https://registry.npmjs.org/expo-keep-awake/-/expo-keep-awake-57.0.1.tgz. Extracting by manifest.
3465 silly tarball no local data for expo-font@https://registry.npmjs.org/expo-font/-/expo-font-57.0.1.tgz. Extracting by manifest.
3466 silly tarball no local data for expo-file-system@https://registry.npmjs.org/expo-file-system/-/expo-file-system-57.0.1.tgz. Extracting by manifest.
3467 silly tarball no local data for @expo/metro-config@https://registry.npmjs.org/@expo/metro-config/-/metro-config-57.0.5.tgz. Extracting by manifest.
3468 silly tarball no local data for expo-constants@https://registry.npmjs.org/expo-constants/-/expo-constants-57.0.5.tgz. Extracting by manifest.
3469 silly tarball no local data for @expo/log-box@https://registry.npmjs.org/@expo/log-box/-/log-box-57.0.1.tgz. Extracting by manifest.
3470 silly tarball no local data for @expo/dom-webview@https://registry.npmjs.org/@expo/dom-webview/-/dom-webview-57.0.1.tgz. Extracting by manifest.
3471 silly tarball no local data for picomatch@https://registry.npmjs.org/picomatch/-/picomatch-4.0.5.tgz. Extracting by manifest.
3472 silly tarball no local data for babel-preset-expo@https://registry.npmjs.org/babel-preset-expo/-/babel-preset-expo-57.0.3.tgz. Extracting by manifest.
3473 silly tarball no local data for @expo/cli@https://registry.npmjs.org/@expo/cli/-/cli-57.0.8.tgz. Extracting by manifest.
3474 silly tarball no local data for expo-asset@https://registry.npmjs.org/expo-asset/-/expo-asset-57.0.5.tgz. Extracting by manifest.
3475 silly tarball no local data for ansi-styles@https://registry.npmjs.org/ansi-styles/-/ansi-styles-5.2.0.tgz. Extracting by manifest.
3476 silly tarball no local data for @expo/router-server@https://registry.npmjs.org/@expo/router-server/-/router-server-57.0.3.tgz. Extracting by manifest.
3477 http fetch POST 200 https://registry.npmjs.org/-/npm/v1/security/advisories/bulk 1308ms
3478 silly audit report {
3478 silly audit report   uuid: [
3478 silly audit report     {
3478 silly audit report       id: 1119441,
3478 silly audit report       url: 'https://github.com/advisories/GHSA-w5hq-g745-h8pq',
3478 silly audit report       title: 'uuid: Missing buffer bounds check in v3/v5/v6 when buf is provided',
3478 silly audit report       severity: 'moderate',
3478 silly audit report       vulnerable_versions: '<11.1.1',
3478 silly audit report       cwe: [Array],
3478 silly audit report       cvss: [Object]
3478 silly audit report     }
3478 silly audit report   ]
3478 silly audit report }
3479 silly packumentCache corgi:https://registry.npmjs.org/uuid cache-miss
3480 http fetch GET 200 https://registry.npmjs.org/es-errors/-/es-errors-1.3.0.tgz 1191ms (cache miss)
3481 http fetch GET 200 https://registry.npmjs.org/unicode-match-property-value-ecmascript/-/unicode-match-property-value-ecmascript-2.2.1.tgz 1226ms (cache miss)
3482 http fetch GET 200 https://registry.npmjs.org/function-bind/-/function-bind-1.1.2.tgz 1285ms (cache miss)
3483 http fetch GET 200 https://registry.npmjs.org/unicode-canonical-property-names-ecmascript/-/unicode-canonical-property-names-ecmascript-2.0.1.tgz 1682ms (cache miss)
3484 http fetch GET 200 https://registry.npmjs.org/babel-plugin-polyfill-regenerator/-/babel-plugin-polyfill-regenerator-0.6.8.tgz 1732ms (cache miss)
3485 http fetch GET 200 https://registry.npmjs.org/lodash.debounce/-/lodash.debounce-4.0.8.tgz 1763ms (cache miss)
3486 http fetch GET 200 https://registry.npmjs.org/@babel/plugin-syntax-typescript/-/plugin-syntax-typescript-7.29.7.tgz 1745ms (cache miss)
3487 http fetch GET 200 https://registry.npmjs.org/regenerate/-/regenerate-1.4.2.tgz 1868ms (cache miss)
3488 http fetch GET 200 https://registry.npmjs.org/@babel/helper-optimise-call-expression/-/helper-optimise-call-expression-7.29.7.tgz 1868ms (cache miss)
3489 http fetch GET 200 https://registry.npmjs.org/is-core-module/-/is-core-module-2.16.2.tgz 2035ms (cache miss)
3490 http fetch GET 200 https://registry.npmjs.org/unicode-match-property-ecmascript/-/unicode-match-property-ecmascript-2.0.0.tgz 2063ms (cache miss)
3491 http fetch GET 200 https://registry.npmjs.org/@babel/helper-wrap-function/-/helper-wrap-function-7.29.7.tgz 2029ms (cache miss)
3492 http fetch GET 200 https://registry.npmjs.org/unicode-property-aliases-ecmascript/-/unicode-property-aliases-ecmascript-2.2.0.tgz 2090ms (cache miss)
3493 http fetch GET 200 https://registry.npmjs.org/fontfaceobserver/-/fontfaceobserver-2.3.0.tgz 2110ms (cache miss)
3494 http fetch GET 200 https://registry.npmjs.org/regjsparser/-/regjsparser-0.13.2.tgz 2110ms (cache miss)
3495 http fetch GET 200 https://registry.npmjs.org/babel-plugin-polyfill-corejs2/-/babel-plugin-polyfill-corejs2-0.4.17.tgz 2093ms (cache miss)
3496 http fetch GET 200 https://registry.npmjs.org/core-js-compat/-/core-js-compat-3.49.0.tgz 2318ms (cache miss)
3497 http fetch GET 200 https://registry.npmjs.org/@babel/helper-define-polyfill-provider/-/helper-define-polyfill-provider-0.6.8.tgz 2435ms (cache miss)
3498 http fetch GET 200 https://registry.npmjs.org/regjsgen/-/regjsgen-0.8.0.tgz 2704ms (cache miss)
3499 http fetch GET 200 https://registry.npmjs.org/@babel/helper-create-regexp-features-plugin/-/helper-create-regexp-features-plugin-7.29.7.tgz 2797ms (cache miss)
3500 http fetch GET 200 https://registry.npmjs.org/supports-preserve-symlinks-flag/-/supports-preserve-symlinks-flag-1.0.0.tgz 2845ms (cache miss)
3501 http fetch GET 200 https://registry.npmjs.org/path-parse/-/path-parse-1.0.7.tgz 2847ms (cache miss)
3502 http fetch GET 200 https://registry.npmjs.org/@babel/plugin-syntax-jsx/-/plugin-syntax-jsx-7.29.7.tgz 2904ms (cache miss)
3503 http fetch GET 200 https://registry.npmjs.org/hasown/-/hasown-2.0.4.tgz 2975ms (cache miss)
3504 http fetch GET 200 https://registry.npmjs.org/babel-plugin-polyfill-corejs3/-/babel-plugin-polyfill-corejs3-0.13.0.tgz 2981ms (cache miss)
3505 http fetch GET 200 https://registry.npmjs.org/@babel/helper-member-expression-to-functions/-/helper-member-expression-to-functions-7.29.7.tgz 3298ms (cache miss)
3506 http fetch GET 200 https://registry.npmjs.org/regexpu-core/-/regexpu-core-6.4.0.tgz 3311ms (cache miss)
3507 http fetch GET 200 https://registry.npmjs.org/babel-plugin-react-native-web/-/babel-plugin-react-native-web-0.21.2.tgz 3306ms (cache miss)
3508 http fetch GET 200 https://registry.npmjs.org/@babel/helper-annotate-as-pure/-/helper-annotate-as-pure-7.29.7.tgz 3561ms (cache miss)
3509 http fetch GET 200 https://registry.npmjs.org/@babel/plugin-syntax-decorators/-/plugin-syntax-decorators-7.29.7.tgz 3951ms (cache miss)
3510 http fetch GET 200 https://registry.npmjs.org/babel-plugin-transform-flow-enums/-/babel-plugin-transform-flow-enums-0.0.2.tgz 6594ms (cache miss)
3511 http fetch GET 200 https://registry.npmjs.org/@babel/preset-typescript/-/preset-typescript-7.29.7.tgz 6808ms (cache miss)
3512 http fetch GET 200 https://registry.npmjs.org/@babel/plugin-transform-unicode-regex/-/plugin-transform-unicode-regex-7.29.7.tgz 6811ms (cache miss)
3513 http fetch GET 200 https://registry.npmjs.org/@babel/plugin-transform-react-pure-annotations/-/plugin-transform-react-pure-annotations-7.29.7.tgz 7507ms (cache miss)
3514 http fetch GET 200 https://registry.npmjs.org/@react-native/babel-plugin-codegen/-/babel-plugin-codegen-0.86.0.tgz 7552ms (cache miss)
3515 http fetch GET 200 https://registry.npmjs.org/@babel/plugin-transform-runtime/-/plugin-transform-runtime-7.29.7.tgz 7568ms (cache miss)
3516 http fetch GET 200 https://registry.npmjs.org/@babel/plugin-syntax-flow/-/plugin-syntax-flow-7.29.7.tgz 7974ms (cache miss)
3517 http fetch GET 200 https://registry.npmjs.org/@babel/plugin-transform-react-jsx/-/plugin-transform-react-jsx-7.29.7.tgz 8022ms (cache miss)
3518 http fetch GET 200 https://registry.npmjs.org/@babel/plugin-transform-react-jsx-development/-/plugin-transform-react-jsx-development-7.29.7.tgz 8036ms (cache miss)
3519 http fetch GET 200 https://registry.npmjs.org/@babel/plugin-transform-react-display-name/-/plugin-transform-react-display-name-7.29.7.tgz 8002ms (cache miss)
3520 http fetch GET 200 https://registry.npmjs.org/@babel/plugin-transform-parameters/-/plugin-transform-parameters-7.29.7.tgz 9002ms (cache miss)
3521 http fetch GET 200 https://registry.npmjs.org/@babel/plugin-transform-optional-chaining/-/plugin-transform-optional-chaining-7.29.7.tgz 10380ms (cache miss)
3522 http fetch GET 200 https://registry.npmjs.org/@babel/plugin-transform-private-property-in-object/-/plugin-transform-private-property-in-object-7.29.7.tgz 10408ms (cache miss)
3523 http fetch GET 200 https://registry.npmjs.org/@babel/plugin-transform-typescript/-/plugin-transform-typescript-7.29.7.tgz 10412ms (cache miss)
3524 http fetch GET 200 https://registry.npmjs.org/@babel/helper-remap-async-to-generator/-/helper-remap-async-to-generator-7.29.7.tgz 10404ms (cache miss)
3525 http fetch GET 200 https://registry.npmjs.org/@babel/plugin-transform-private-methods/-/plugin-transform-private-methods-7.29.7.tgz 10404ms (cache miss)
3526 http fetch GET 200 https://registry.npmjs.org/@babel/plugin-transform-nullish-coalescing-operator/-/plugin-transform-nullish-coalescing-operator-7.29.7.tgz 10434ms (cache miss)
3527 http fetch GET 200 https://registry.npmjs.org/@babel/plugin-transform-named-capturing-groups-regex/-/plugin-transform-named-capturing-groups-regex-7.29.7.tgz 10621ms (cache miss)
3528 http fetch GET 200 https://registry.npmjs.org/@babel/plugin-transform-logical-assignment-operators/-/plugin-transform-logical-assignment-operators-7.29.7.tgz 10701ms (cache miss)
3529 http fetch GET 200 https://registry.npmjs.org/@babel/helper-skip-transparent-expression-wrappers/-/helper-skip-transparent-expression-wrappers-7.29.7.tgz 10712ms (cache miss)
3530 http fetch GET 200 https://registry.npmjs.org/@babel/plugin-transform-object-rest-spread/-/plugin-transform-object-rest-spread-7.29.7.tgz 10768ms (cache miss)
3531 http fetch GET 200 https://registry.npmjs.org/@babel/plugin-transform-export-namespace-from/-/plugin-transform-export-namespace-from-7.29.7.tgz 10775ms (cache miss)
3532 http fetch GET 200 https://registry.npmjs.org/@babel/plugin-transform-flow-strip-types/-/plugin-transform-flow-strip-types-7.29.7.tgz 10783ms (cache miss)
3533 http fetch GET 200 https://registry.npmjs.org/@babel/plugin-transform-destructuring/-/plugin-transform-destructuring-7.29.7.tgz 11138ms (cache miss)
3534 http fetch GET 200 https://registry.npmjs.org/regenerate-unicode-properties/-/regenerate-unicode-properties-10.2.2.tgz 11486ms (cache miss)
3535 http fetch GET 200 https://registry.npmjs.org/@babel/plugin-transform-class-static-block/-/plugin-transform-class-static-block-7.29.7.tgz 11487ms (cache miss)
3536 http fetch GET 200 https://registry.npmjs.org/@babel/plugin-transform-optional-catch-binding/-/plugin-transform-optional-catch-binding-7.29.7.tgz 11513ms (cache miss)
3537 http fetch GET 200 https://registry.npmjs.org/@babel/plugin-syntax-optional-chaining/-/plugin-syntax-optional-chaining-7.8.3.tgz 11512ms (cache miss)
3538 http fetch GET 200 https://registry.npmjs.org/@babel/plugin-transform-async-to-generator/-/plugin-transform-async-to-generator-7.29.7.tgz 11532ms (cache miss)
3539 http fetch GET 200 https://registry.npmjs.org/resolve/-/resolve-1.22.12.tgz 11814ms (cache miss)
3540 http fetch GET 200 https://registry.npmjs.org/@babel/plugin-transform-async-generator-functions/-/plugin-transform-async-generator-functions-7.29.7.tgz 11911ms (cache miss)
3541 http fetch GET 200 https://registry.npmjs.org/@babel/plugin-transform-classes/-/plugin-transform-classes-7.29.7.tgz 12351ms (cache miss)
3542 http fetch GET 200 https://registry.npmjs.org/source-map-js/-/source-map-js-1.2.1.tgz 12840ms (cache miss)
3543 http fetch GET 200 https://registry.npmjs.org/nanoid/-/nanoid-3.3.16.tgz 12886ms (cache miss)
3544 http fetch GET 200 https://registry.npmjs.org/@babel/plugin-syntax-export-default-from/-/plugin-syntax-export-default-from-7.29.7.tgz 12939ms (cache miss)
3545 http fetch GET 200 https://registry.npmjs.org/@babel/plugin-syntax-nullish-coalescing-operator/-/plugin-syntax-nullish-coalescing-operator-7.8.3.tgz 12913ms (cache miss)
3546 http fetch GET 200 https://registry.npmjs.org/@babel/plugin-syntax-dynamic-import/-/plugin-syntax-dynamic-import-7.8.3.tgz 13642ms (cache miss)
3547 http fetch GET 200 https://registry.npmjs.org/@babel/plugin-transform-class-properties/-/plugin-transform-class-properties-7.29.7.tgz 13831ms (cache miss)
3548 http fetch GET 200 https://registry.npmjs.org/@babel/plugin-proposal-export-default-from/-/plugin-proposal-export-default-from-7.29.7.tgz 13825ms (cache miss)
3549 http fetch GET 200 https://registry.npmjs.org/defaults/-/defaults-1.0.4.tgz 13821ms (cache miss)
3550 http fetch GET 200 https://registry.npmjs.org/@babel/plugin-proposal-decorators/-/plugin-proposal-decorators-7.29.7.tgz 13899ms (cache miss)
3551 http fetch GET 200 https://registry.npmjs.org/postcss/-/postcss-8.5.19.tgz 14031ms (cache miss)
3552 http fetch GET 200 https://registry.npmjs.org/clone/-/clone-1.0.4.tgz 15443ms (cache miss)
3553 http fetch GET 200 https://registry.npmjs.org/supports-hyperlinks/-/supports-hyperlinks-2.3.0.tgz 16692ms (cache miss)
3554 http fetch GET 200 https://registry.npmjs.org/mimic-fn/-/mimic-fn-1.2.0.tgz 16694ms (cache miss)
3555 http fetch GET 200 https://registry.npmjs.org/ansi-escapes/-/ansi-escapes-4.3.2.tgz 16730ms (cache miss)
3556 http fetch GET 200 https://registry.npmjs.org/sisteransi/-/sisteransi-1.0.5.tgz 18508ms (cache miss)
3557 http fetch GET 200 https://registry.npmjs.org/signal-exit/-/signal-exit-3.0.7.tgz 18528ms (cache miss)
3558 http fetch GET 200 https://registry.npmjs.org/onetime/-/onetime-2.0.1.tgz 19035ms (cache miss)
3559 http fetch GET 200 https://registry.npmjs.org/kleur/-/kleur-3.0.3.tgz 19422ms (cache miss)
3560 http fetch GET 200 https://registry.npmjs.org/lightningcss/-/lightningcss-1.32.0.tgz 21307ms (cache miss)
3561 http fetch GET 200 https://registry.npmjs.org/log-symbols/-/log-symbols-2.2.0.tgz 22098ms (cache miss)
3562 http fetch GET 200 https://registry.npmjs.org/@babel/plugin-transform-block-scoping/-/plugin-transform-block-scoping-7.29.7.tgz 23579ms (cache miss)
3563 http fetch GET 200 https://registry.npmjs.org/cli-spinners/-/cli-spinners-2.9.2.tgz 24645ms (cache miss)
3564 http fetch GET 200 https://registry.npmjs.org/wcwidth/-/wcwidth-1.0.1.tgz 24729ms (cache miss)
3565 http fetch GET 200 https://registry.npmjs.org/cli-cursor/-/cli-cursor-2.1.0.tgz 25388ms (cache miss)
3566 http fetch GET 200 https://registry.npmjs.org/validate-npm-package-name/-/validate-npm-package-name-5.0.1.tgz 25421ms (cache miss)
3567 http fetch GET 200 https://registry.npmjs.org/@babel/helper-create-class-features-plugin/-/helper-create-class-features-plugin-7.29.7.tgz 25984ms (cache miss)
3568 http fetch GET 200 https://registry.npmjs.org/detect-libc/-/detect-libc-2.1.2.tgz 26662ms (cache miss)
3569 http fetch GET 200 https://registry.npmjs.org/proc-log/-/proc-log-4.2.0.tgz 27122ms (cache miss)
3570 http fetch GET 200 https://registry.npmjs.org/@babel/plugin-transform-for-of/-/plugin-transform-for-of-7.29.7.tgz 27256ms (cache miss)
3571 http fetch GET 200 https://registry.npmjs.org/hosted-git-info/-/hosted-git-info-7.0.2.tgz 28830ms (cache miss)
3572 http fetch GET 200 https://registry.npmjs.org/safe-buffer/-/safe-buffer-5.2.1.tgz 29041ms (cache miss)
3573 http fetch GET 200 https://registry.npmjs.org/@babel/helper-replace-supers/-/helper-replace-supers-7.29.7.tgz 29282ms (cache miss)
3574 http fetch GET 200 https://registry.npmjs.org/vary/-/vary-1.1.2.tgz 29206ms (cache miss)
3575 http fetch GET 200 https://registry.npmjs.org/compressible/-/compressible-2.0.18.tgz 29221ms (cache miss)
3576 http fetch GET 200 https://registry.npmjs.org/bytes/-/bytes-3.1.2.tgz 30276ms (cache miss)
3577 http fetch GET 200 https://registry.npmjs.org/argparse/-/argparse-2.0.1.tgz 32175ms (cache miss)
3578 http fetch GET 200 https://registry.npmjs.org/on-headers/-/on-headers-1.1.0.tgz 32464ms (cache miss)
3579 http fetch GET 200 https://registry.npmjs.org/restore-cursor/-/restore-cursor-2.0.0.tgz 32469ms (cache miss)
3580 http fetch GET 200 https://registry.npmjs.org/pngjs/-/pngjs-3.4.0.tgz 33234ms (cache miss)
3581 http fetch GET 200 https://registry.npmjs.org/toqr/-/toqr-0.1.1.tgz 36537ms (cache miss)
3582 http fetch GET 200 https://registry.npmjs.org/parse-png/-/parse-png-2.1.0.tgz 37269ms (cache miss)
3583 http fetch GET 200 https://registry.npmjs.org/progress/-/progress-2.0.3.tgz 37489ms (cache miss)
3584 http fetch GET 200 https://registry.npmjs.org/ora/-/ora-3.4.0.tgz 37584ms (cache miss)
3585 http fetch GET 200 https://registry.npmjs.org/structured-headers/-/structured-headers-0.4.1.tgz 43197ms (cache miss)
3586 http fetch GET https://registry.npmjs.org/node-forge/-/node-forge-1.4.0.tgz attempt 1 failed with ECONNRESET
3587 http fetch GET https://registry.npmjs.org/npm-package-arg/-/npm-package-arg-11.0.3.tgz attempt 1 failed with ECONNRESET
3588 http fetch GET 200 https://registry.npmjs.org/terminal-link/-/terminal-link-2.1.1.tgz 46944ms (cache miss)
3589 http fetch GET 200 https://registry.npmjs.org/multitars/-/multitars-1.0.0.tgz 47046ms (cache miss)
3590 http fetch GET 200 https://registry.npmjs.org/@expo/sudo-prompt/-/sudo-prompt-9.3.2.tgz 47316ms (cache miss)
3591 http fetch GET 200 https://registry.npmjs.org/prompts/-/prompts-2.4.2.tgz 49957ms (cache miss)
3592 http fetch GET 200 https://registry.npmjs.org/lan-network/-/lan-network-0.2.1.tgz 50107ms (cache miss)
3593 http fetch GET 200 https://registry.npmjs.org/compression/-/compression-1.8.1.tgz 54304ms (cache miss)
3594 http fetch GET 200 https://registry.npmjs.org/agent-cli-detector/-/agent-cli-detector-0.1.2.tgz 55303ms (cache miss)
3595 http fetch GET 200 https://registry.npmjs.org/dnssd-advertise/-/dnssd-advertise-1.1.6.tgz 56991ms (cache miss)
3596 http fetch GET 200 https://registry.npmjs.org/@expo/package-manager/-/package-manager-1.13.1.tgz 58259ms (cache miss)
3597 http fetch GET 200 https://registry.npmjs.org/@expo/schema-utils/-/schema-utils-57.0.2.tgz 60228ms (cache miss)
3598 http fetch GET 200 https://registry.npmjs.org/@expo/prebuild-config/-/prebuild-config-57.0.7.tgz 62460ms (cache miss)
3599 http fetch GET 200 https://registry.npmjs.org/@expo/inline-modules/-/inline-modules-0.1.3.tgz 66313ms (cache miss)
3600 http fetch GET 200 https://registry.npmjs.org/expo-server/-/expo-server-57.0.1.tgz 68694ms (cache miss)
3601 http fetch GET 200 https://registry.npmjs.org/fetch-nodeshim/-/fetch-nodeshim-0.4.10.tgz 70374ms (cache miss)
3602 http fetch GET 200 https://registry.npmjs.org/@expo/devcert/-/devcert-1.2.1.tgz 71641ms (cache miss)
3603 http fetch GET 200 https://registry.npmjs.org/@expo/xcpretty/-/xcpretty-4.4.4.tgz 73566ms (cache miss)
3604 http fetch GET 200 https://registry.npmjs.org/wrap-ansi/-/wrap-ansi-7.0.0.tgz 73630ms (cache miss)
3605 http fetch GET 200 https://registry.npmjs.org/@expo/image-utils/-/image-utils-0.11.3.tgz 73785ms (cache miss)
3606 http fetch GET 200 https://registry.npmjs.org/js-yaml/-/js-yaml-4.3.0.tgz 77372ms (cache miss)
3607 http fetch GET 200 https://registry.npmjs.org/jimp-compact/-/jimp-compact-0.16.1.tgz 77423ms (cache miss)
3608 http fetch GET 200 https://registry.npmjs.org/@expo/metro-file-map/-/metro-file-map-57.0.1.tgz 78001ms (cache miss)
3609 http fetch GET 200 https://registry.npmjs.org/yargs-parser/-/yargs-parser-21.1.1.tgz 78361ms (cache miss)
3610 http fetch GET 200 https://registry.npmjs.org/is-fullwidth-code-point/-/is-fullwidth-code-point-3.0.0.tgz 79037ms (cache miss)
3611 warn tar TAR_ENTRY_ERROR UNKNOWN: unknown error, open 'C:\Users\emmanuel.mwinama\Code\Farmis\mobile\node_modules\strip-ansi\index.js'
3612 silly tar TAR_ENTRY_ERROR UNKNOWN: unknown error, open 'C:\Users\emmanuel.mwinama\Code\Farmis\mobile\node_modules\strip-ansi\index.js' [Error: UNKNOWN: unknown error, open 'C:\Users\emmanuel.mwinama\Code\Farmis\mobile\node_modules\strip-ansi\index.js'] {
3612 silly tar   errno: -4094,
3612 silly tar   code: 'UNKNOWN',
3612 silly tar   syscall: 'open',
3612 silly tar   path: 'C:\\Users\\emmanuel.mwinama\\Code\\Farmis\\mobile\\node_modules\\strip-ansi\\index.js',
3612 silly tar   entry: As {
3612 silly tar     _events: [Object: null prototype] {},
3612 silly tar     _eventsCount: 0,
3612 silly tar     _maxListeners: undefined,
3612 silly tar     writable: false,
3612 silly tar     readable: false,
3612 silly tar     extended: undefined,
3612 silly tar     globalExtended: undefined,
3612 silly tar     header: Ms {
3612 silly tar       cksumValid: true,
3612 silly tar       needPax: false,
3612 silly tar       nullBlock: false,
3612 silly tar       block: undefined,
3612 silly tar       path: 'package/index.js',
3612 silly tar       mode: 420,
3612 silly tar       uid: undefined,
3612 silly tar       gid: undefined,
3612 silly tar       size: 154,
3612 silly tar       cksum: 4562,
3612 silly tar       linkpath: '',
3612 silly tar       uname: '',
3612 silly tar       gname: '',
3612 silly tar       devmaj: 0,
3612 silly tar       devmin: 0,
3612 silly tar       atime: undefined,
3612 silly tar       ctime: undefined,
3612 silly tar       mtime: 1985-10-26T08:15:00.000Z,
3612 silly tar       charset: undefined,
3612 silly tar       comment: undefined
3612 silly tar     },
3612 silly tar     startBlockSize: 512,
3612 silly tar     blockRemain: 0,
3612 silly tar     remain: 0,
3612 silly tar     type: 'File',
3612 silly tar     meta: false,
3612 silly tar     ignore: false,
3612 silly tar     path: 'index.js',
3612 silly tar     mode: 438,
3612 silly tar     uid: undefined,
3612 silly tar     gid: undefined,
3612 silly tar     uname: '',
3612 silly tar     gname: '',
3612 silly tar     size: 154,
3612 silly tar     mtime: 1985-10-26T08:15:00.000Z,
3612 silly tar     atime: undefined,
3612 silly tar     ctime: undefined,
3612 silly tar     linkpath: undefined,
3612 silly tar     dev: undefined,
3612 silly tar     ino: undefined,
3612 silly tar     nlink: undefined,
3612 silly tar     invalid: false,
3612 silly tar     absolute: 'C:/Users/emmanuel.mwinama/Code/Farmis/mobile/node_modules/strip-ansi/index.js',
3612 silly tar     unsupported: false,
3612 silly tar     Symbol(shapeMode): false,
3612 silly tar     Symbol(kCapture): false,
3612 silly tar     Symbol(flowing): false,
3612 silly tar     Symbol(paused): true,
3612 silly tar     Symbol(pipes): [ [Wt] ],
3612 silly tar     Symbol(buffer): [],
3612 silly tar     Symbol(objectMode): false,
3612 silly tar     Symbol(encoding): null,
3612 silly tar     Symbol(async): false,
3612 silly tar     Symbol(decoder): null,
3612 silly tar     Symbol(EOF): true,
3612 silly tar     Symbol(emittedEnd): true,
3612 silly tar     Symbol(emittingEnd): false,
3612 silly tar     Symbol(closed): false,
3612 silly tar     Symbol(emittedError): null,
3612 silly tar     Symbol(bufferLength): 0,
3612 silly tar     Symbol(destroyed): false,
3612 silly tar     Symbol(signal): undefined,
3612 silly tar     Symbol(aborted): false,
3612 silly tar     Symbol(dataListeners): 0,
3612 silly tar     Symbol(discarded): false
3612 silly tar   },
3612 silly tar   cwd: 'C:/Users/emmanuel.mwinama/Code/Farmis/mobile/node_modules/strip-ansi',
3612 silly tar   tarCode: 'TAR_ENTRY_ERROR'
3612 silly tar }
3613 http fetch GET 200 https://registry.npmjs.org/strip-ansi/-/strip-ansi-6.0.1.tgz 79169ms (cache miss)
3614 http fetch GET 200 https://registry.npmjs.org/string-width/-/string-width-4.2.3.tgz 79190ms (cache miss)
3615 http fetch GET 200 https://registry.npmjs.org/emoji-regex/-/emoji-regex-8.0.0.tgz 79194ms (cache miss)
3616 http fetch GET 200 https://registry.npmjs.org/@expo/osascript/-/osascript-2.7.1.tgz 79206ms (cache miss)
3617 http fetch GET 200 https://registry.npmjs.org/require-directory/-/require-directory-2.1.1.tgz 79515ms (cache miss)
3618 http fetch GET 200 https://registry.npmjs.org/@expo/code-signing-certificates/-/code-signing-certificates-0.0.6.tgz 79604ms (cache miss)
3619 http fetch GET 200 https://registry.npmjs.org/cliui/-/cliui-8.0.1.tgz 79641ms (cache miss)
3620 http fetch GET 200 https://registry.npmjs.org/bplist-parser/-/bplist-parser-0.3.1.tgz 79652ms (cache miss)
3621 http fetch GET 200 https://registry.npmjs.org/stream-buffers/-/stream-buffers-2.2.0.tgz 80592ms (cache miss)
3622 http fetch GET 200 https://registry.npmjs.org/uuid/-/uuid-7.0.3.tgz 81861ms (cache miss)
3623 warn deprecated uuid@7.0.3: uuid@10 and below is no longer supported.  For ESM codebases, update to uuid@latest.  For CommonJS codebases, use uuid@11 (but be aware this version will likely be deprecated in 2028).
3624 http fetch GET 200 https://registry.npmjs.org/simple-plist/-/simple-plist-1.3.1.tgz 82746ms (cache miss)
3625 http fetch GET 200 https://registry.npmjs.org/big-integer/-/big-integer-1.6.52.tgz 82760ms (cache miss)
3626 http fetch GET 200 https://registry.npmjs.org/bplist-creator/-/bplist-creator-0.1.0.tgz 82759ms (cache miss)
3627 http fetch GET 200 https://registry.npmjs.org/isexe/-/isexe-2.0.0.tgz 83810ms (cache miss)
3628 http fetch GET 200 https://registry.npmjs.org/tmpl/-/tmpl-1.0.5.tgz 83869ms (cache miss)
3629 http fetch GET 200 https://registry.npmjs.org/y18n/-/y18n-5.0.8.tgz 83927ms (cache miss)
3630 http fetch GET 200 https://registry.npmjs.org/get-caller-file/-/get-caller-file-2.0.5.tgz 84765ms (cache miss)
3631 http fetch GET 200 https://registry.npmjs.org/is-number/-/is-number-7.0.0.tgz 84829ms (cache miss)
3632 http fetch GET 200 https://registry.npmjs.org/@jridgewell/source-map/-/source-map-0.3.11.tgz 88687ms (cache miss)
3633 http fetch GET 200 https://registry.npmjs.org/escalade/-/escalade-3.2.0.tgz 90362ms (cache miss)
3634 http fetch GET 200 https://registry.npmjs.org/buffer-from/-/buffer-from-1.1.2.tgz 93033ms (cache miss)
3635 http fetch GET 200 https://registry.npmjs.org/has-flag/-/has-flag-4.0.0.tgz 93063ms (cache miss)
3636 http fetch GET 200 https://registry.npmjs.org/makeerror/-/makeerror-1.0.12.tgz 94800ms (cache miss)
3637 http fetch GET 200 https://registry.npmjs.org/type-fest/-/type-fest-0.7.1.tgz 94936ms (cache miss)
3638 http fetch GET 200 https://registry.npmjs.org/toidentifier/-/toidentifier-1.0.1.tgz 95507ms (cache miss)
3639 http fetch GET 200 https://registry.npmjs.org/shebang-regex/-/shebang-regex-3.0.0.tgz 95558ms (cache miss)
3640 http fetch GET 200 https://registry.npmjs.org/range-parser/-/range-parser-1.2.1.tgz 100447ms (cache miss)
3641 http fetch GET 200 https://registry.npmjs.org/mime/-/mime-1.6.0.tgz 101334ms (cache miss)
3642 http fetch GET 200 https://registry.npmjs.org/etag/-/etag-1.8.1.tgz 102400ms (cache miss)
3643 http fetch GET 200 https://registry.npmjs.org/sax/-/sax-1.6.0.tgz 102979ms (cache miss)
3644 http fetch GET 200 https://registry.npmjs.org/send/-/send-0.19.2.tgz 103574ms (cache miss)
3645 http fetch GET 200 https://registry.npmjs.org/destroy/-/destroy-1.2.0.tgz 103610ms (cache miss)
3646 http fetch GET 200 https://registry.npmjs.org/depd/-/depd-2.0.0.tgz 103665ms (cache miss)
3647 http fetch GET 200 https://registry.npmjs.org/shell-quote/-/shell-quote-1.10.0.tgz 106824ms (cache miss)
3648 http fetch GET 200 https://registry.npmjs.org/asap/-/asap-2.0.6.tgz 107379ms (cache miss)
3649 http fetch GET 200 https://registry.npmjs.org/fresh/-/fresh-0.5.2.tgz 108756ms (cache miss)
3650 http fetch GET 200 https://registry.npmjs.org/http-errors/-/http-errors-2.0.1.tgz 109203ms (cache miss)
3651 http fetch GET 200 https://registry.npmjs.org/acorn/-/acorn-8.17.0.tgz 109914ms (cache miss)
3652 http fetch GET 200 https://registry.npmjs.org/marky/-/marky-1.3.0.tgz 110621ms (cache miss)
3653 http fetch GET 200 https://registry.npmjs.org/lighthouse-logger/-/lighthouse-logger-1.4.2.tgz 111933ms (cache miss)
3654 http fetch GET 200 https://registry.npmjs.org/is-docker/-/is-docker-2.2.1.tgz 111995ms (cache miss)
3655 http fetch GET 200 https://registry.npmjs.org/is-wsl/-/is-wsl-2.2.0.tgz 112001ms (cache miss)
3656 http fetch GET 200 https://registry.npmjs.org/babel-plugin-react-compiler/-/babel-plugin-react-compiler-1.0.0.tgz 117686ms (cache miss)
3657 http fetch GET 200 https://registry.npmjs.org/setprototypeof/-/setprototypeof-1.2.0.tgz 118640ms (cache miss)
3658 http fetch GET 200 https://registry.npmjs.org/escape-string-regexp/-/escape-string-regexp-4.0.0.tgz 119059ms (cache miss)
3659 http fetch GET 200 https://registry.npmjs.org/serve-static/-/serve-static-1.16.3.tgz 121664ms (cache miss)
3660 http fetch GET 200 https://registry.npmjs.org/chromium-edge-launcher/-/chromium-edge-launcher-0.3.0.tgz 125226ms (cache miss)
3661 http fetch GET 200 https://registry.npmjs.org/open/-/open-7.4.2.tgz 125702ms (cache miss)
3662 http fetch GET 200 https://registry.npmjs.org/chrome-launcher/-/chrome-launcher-0.15.2.tgz 126761ms (cache miss)
3663 http fetch GET 200 https://registry.npmjs.org/@react-native/dev-middleware/-/dev-middleware-0.86.0.tgz 127256ms (cache miss)
3664 http fetch GET 200 https://registry.npmjs.org/zod/-/zod-3.25.76.tgz 127734ms (cache miss)
3665 http fetch GET 200 https://registry.npmjs.org/whatwg-fetch/-/whatwg-fetch-3.6.20.tgz 130924ms (cache miss)
3666 http fetch GET 200 https://registry.npmjs.org/event-target-shim/-/event-target-shim-5.0.1.tgz 132370ms (cache miss)
3667 http fetch GET 200 https://registry.npmjs.org/tinyglobby/-/tinyglobby-0.2.17.tgz 132716ms (cache miss)
3668 http fetch GET 200 https://registry.npmjs.org/stacktrace-parser/-/stacktrace-parser-0.1.11.tgz 133699ms (cache miss)
3669 http fetch GET 200 https://registry.npmjs.org/regenerator-runtime/-/regenerator-runtime-0.13.11.tgz 133990ms (cache miss)
3670 http fetch GET 200 https://registry.npmjs.org/scheduler/-/scheduler-0.27.0.tgz 133999ms (cache miss)
3671 http fetch GET 200 https://registry.npmjs.org/mkdirp/-/mkdirp-1.0.4.tgz 134859ms (cache miss)
3672 http fetch GET 200 https://registry.npmjs.org/promise/-/promise-8.3.0.tgz 134867ms (cache miss)
3673 http fetch GET 200 https://registry.npmjs.org/memoize-one/-/memoize-one-5.2.1.tgz 135348ms (cache miss)
3674 http fetch GET 200 https://registry.npmjs.org/babel-plugin-syntax-hermes-parser/-/babel-plugin-syntax-hermes-parser-0.36.0.tgz 138569ms (cache miss)
3675 http fetch GET 200 https://registry.npmjs.org/plist/-/plist-3.1.1.tgz 138782ms (cache miss)
3676 http fetch GET 200 https://registry.npmjs.org/ansi-regex/-/ansi-regex-5.0.1.tgz 140178ms (cache miss)
3677 http fetch GET 200 https://registry.npmjs.org/abort-controller/-/abort-controller-3.0.0.tgz 140598ms (cache miss)
3678 http fetch GET 200 https://registry.npmjs.org/@isaacs/ttlcache/-/ttlcache-1.4.1.tgz 141768ms (cache miss)
3679 http fetch GET 200 https://registry.npmjs.org/anser/-/anser-1.4.10.tgz 142498ms (cache miss)
3680 http fetch GET 200 https://registry.npmjs.org/@react-native/gradle-plugin/-/gradle-plugin-0.86.0.tgz 144169ms (cache miss)
3681 http fetch GET 200 https://registry.npmjs.org/source-map-support/-/source-map-support-0.5.21.tgz 147552ms (cache miss)
3682 http fetch GET 200 https://registry.npmjs.org/inherits/-/inherits-2.0.4.tgz 147753ms (cache miss)
3683 http fetch GET 200 https://registry.npmjs.org/@react-native/community-cli-plugin/-/community-cli-plugin-0.86.0.tgz 149120ms (cache miss)
3684 http fetch GET 200 https://registry.npmjs.org/@react-native/assets-registry/-/assets-registry-0.86.0.tgz 152996ms (cache miss)
3685 http fetch GET 200 https://registry.npmjs.org/ee-first/-/ee-first-1.1.1.tgz 153378ms (cache miss)
3686 http fetch GET 200 https://registry.npmjs.org/react-is/-/react-is-18.3.1.tgz 154390ms (cache miss)
3687 http fetch GET 200 https://registry.npmjs.org/@react-native/normalize-colors/-/normalize-colors-0.86.0.tgz 154714ms (cache miss)
3688 http fetch GET 200 https://registry.npmjs.org/@react-native/virtualized-lists/-/virtualized-lists-0.86.0.tgz 154976ms (cache miss)
3689 http fetch GET 200 https://registry.npmjs.org/balanced-match/-/balanced-match-4.0.4.tgz 157084ms (cache miss)
3690 http fetch GET 200 https://registry.npmjs.org/@react-native/js-polyfills/-/js-polyfills-0.86.0.tgz 157228ms (cache miss)
3691 http fetch GET 200 https://registry.npmjs.org/to-regex-range/-/to-regex-range-5.0.1.tgz 158166ms (cache miss)
3692 http fetch GET 200 https://registry.npmjs.org/fill-range/-/fill-range-7.1.1.tgz 158205ms (cache miss)
3693 http fetch GET 200 https://registry.npmjs.org/ob1/-/ob1-0.84.4.tgz 158549ms (cache miss)
3694 http fetch GET 200 https://registry.npmjs.org/braces/-/braces-3.0.3.tgz 158579ms (cache miss)
3695 http fetch GET 200 https://registry.npmjs.org/bser/-/bser-2.1.1.tgz 158879ms (cache miss)
3696 http fetch GET 200 https://registry.npmjs.org/walker/-/walker-1.0.8.tgz 159754ms (cache miss)
3697 http fetch GET 200 https://registry.npmjs.org/node-int64/-/node-int64-0.4.0.tgz 159767ms (cache miss)
3698 http fetch GET 200 https://registry.npmjs.org/micromatch/-/micromatch-4.0.8.tgz 159866ms (cache miss)
3699 http fetch GET 200 https://registry.npmjs.org/brace-expansion/-/brace-expansion-5.0.7.tgz 160914ms (cache miss)
3700 http fetch GET 200 https://registry.npmjs.org/leven/-/leven-3.1.0.tgz 161989ms (cache miss)
3701 http fetch GET 200 https://registry.npmjs.org/fb-watchman/-/fb-watchman-2.0.2.tgz 162304ms (cache miss)
3702 http fetch GET 200 https://registry.npmjs.org/jest-get-type/-/jest-get-type-29.6.3.tgz 163352ms (cache miss)
3703 http fetch GET 200 https://registry.npmjs.org/@react-native/codegen/-/codegen-0.86.0.tgz 163376ms (cache miss)
3704 http fetch GET 200 https://registry.npmjs.org/mime-db/-/mime-db-1.54.0.tgz 164821ms (cache miss)
3705 http fetch GET 200 https://registry.npmjs.org/@types/yargs-parser/-/yargs-parser-21.0.3.tgz 168839ms (cache miss)
3706 http fetch GET 200 https://registry.npmjs.org/jest-validate/-/jest-validate-29.7.0.tgz 169029ms (cache miss)
3707 http fetch GET 200 https://registry.npmjs.org/exponential-backoff/-/exponential-backoff-3.1.3.tgz 169211ms (cache miss)
3708 http fetch GET 200 https://registry.npmjs.org/camelcase/-/camelcase-6.3.0.tgz 169612ms (cache miss)
3709 http fetch GET 200 https://registry.npmjs.org/@types/istanbul-lib-report/-/istanbul-lib-report-3.0.3.tgz 169894ms (cache miss)
3710 http fetch GET 200 https://registry.npmjs.org/@types/istanbul-reports/-/istanbul-reports-3.0.4.tgz 172436ms (cache miss)
3711 http fetch GET 200 https://registry.npmjs.org/agent-base/-/agent-base-7.1.4.tgz 173112ms (cache miss)
3712 http fetch GET 200 https://registry.npmjs.org/vlq/-/vlq-1.0.1.tgz 173327ms (cache miss)
3713 http fetch GET 200 https://registry.npmjs.org/@jest/schemas/-/schemas-29.6.3.tgz 173395ms (cache miss)
3714 http fetch GET 200 https://registry.npmjs.org/@types/istanbul-lib-coverage/-/istanbul-lib-coverage-2.0.6.tgz 173527ms (cache miss)
3715 http fetch GET 200 https://registry.npmjs.org/@sinclair/typebox/-/typebox-0.27.10.tgz 174021ms (cache miss)
3716 http fetch GET 200 https://registry.npmjs.org/picomatch/-/picomatch-2.3.2.tgz 174957ms (cache miss)
3717 http fetch GET 200 https://registry.npmjs.org/yaml/-/yaml-2.9.0.tgz 174983ms (cache miss)
3718 http fetch GET 200 https://registry.npmjs.org/undici-types/-/undici-types-8.3.0.tgz 174971ms (cache miss)
3719 http fetch GET 200 https://registry.npmjs.org/terser/-/terser-5.49.0.tgz 175012ms (cache miss)
3720 http fetch GET 200 https://registry.npmjs.org/hermes-estree/-/hermes-estree-0.35.0.tgz 179230ms (cache miss)
3721 http fetch GET 200 https://registry.npmjs.org/@jest/types/-/types-29.6.3.tgz 179650ms (cache miss)
3722 http fetch GET 200 https://registry.npmjs.org/merge-stream/-/merge-stream-2.0.0.tgz 180623ms (cache miss)
3723 http fetch GET 200 https://registry.npmjs.org/statuses/-/statuses-1.5.0.tgz 181393ms (cache miss)
3724 http fetch GET 200 https://registry.npmjs.org/queue/-/queue-6.0.2.tgz 182710ms (cache miss)
3725 http fetch GET 200 https://registry.npmjs.org/on-finished/-/on-finished-2.3.0.tgz 184002ms (cache miss)
3726 http fetch GET 200 https://registry.npmjs.org/@types/yargs/-/yargs-17.0.35.tgz 184080ms (cache miss)
3727 http fetch GET 200 https://registry.npmjs.org/unpipe/-/unpipe-1.0.0.tgz 184592ms (cache miss)
3728 http fetch GET 200 https://registry.npmjs.org/utils-merge/-/utils-merge-1.0.1.tgz 185087ms (cache miss)
3729 http fetch GET 200 https://registry.npmjs.org/finalhandler/-/finalhandler-1.1.2.tgz 185581ms (cache miss)
3730 http fetch GET 200 https://registry.npmjs.org/https-proxy-agent/-/https-proxy-agent-7.0.6.tgz 185618ms (cache miss)
3731 http fetch GET 200 https://registry.npmjs.org/encodeurl/-/encodeurl-1.0.2.tgz 185898ms (cache miss)
3732 http fetch GET 200 https://registry.npmjs.org/stackframe/-/stackframe-1.3.4.tgz 185908ms (cache miss)
3733 http fetch GET 200 https://registry.npmjs.org/throat/-/throat-5.0.0.tgz 186006ms (cache miss)
3734 http fetch GET 200 https://registry.npmjs.org/ws/-/ws-7.5.12.tgz 187317ms (cache miss)
3735 http fetch GET 200 https://registry.npmjs.org/serialize-error/-/serialize-error-2.1.0.tgz 188262ms (cache miss)
3736 http fetch GET 200 https://registry.npmjs.org/nullthrows/-/nullthrows-1.1.1.tgz 188600ms (cache miss)
3737 http fetch GET 200 https://registry.npmjs.org/mime-types/-/mime-types-3.0.2.tgz 188867ms (cache miss)
3738 http fetch GET 200 https://registry.npmjs.org/@types/node/-/node-26.1.1.tgz 190762ms (cache miss)
3739 http fetch GET 200 https://registry.npmjs.org/parseurl/-/parseurl-1.3.3.tgz 190936ms (cache miss)
3740 http fetch GET 200 https://registry.npmjs.org/lodash.throttle/-/lodash.throttle-4.1.1.tgz 192595ms (cache miss)
3741 http fetch GET 200 https://registry.npmjs.org/jsc-safe-url/-/jsc-safe-url-0.2.4.tgz 192717ms (cache miss)
3742 http fetch GET 200 https://registry.npmjs.org/jest-util/-/jest-util-29.7.0.tgz 193414ms (cache miss)
3743 http fetch GET 200 https://registry.npmjs.org/escape-html/-/escape-html-1.0.3.tgz 194972ms (cache miss)
3744 http fetch GET 200 https://registry.npmjs.org/image-size/-/image-size-1.2.1.tgz 196962ms (cache miss)
3745 http fetch GET 200 https://registry.npmjs.org/source-map/-/source-map-0.5.7.tgz 197220ms (cache miss)
3746 http fetch GET 200 https://registry.npmjs.org/flow-enums-runtime/-/flow-enums-runtime-0.0.6.tgz 198442ms (cache miss)
3747 http fetch GET 200 https://registry.npmjs.org/negotiator/-/negotiator-1.0.0.tgz 198519ms (cache miss)
3748 http fetch GET 200 https://registry.npmjs.org/graceful-fs/-/graceful-fs-4.2.11.tgz 198736ms (cache miss)
3749 http fetch GET 200 https://registry.npmjs.org/jest-worker/-/jest-worker-29.7.0.tgz 198807ms (cache miss)
3750 http fetch GET 200 https://registry.npmjs.org/error-stack-parser/-/error-stack-parser-2.1.4.tgz 203231ms (cache miss)
3751 http fetch GET 200 https://registry.npmjs.org/ci-info/-/ci-info-2.0.0.tgz 203597ms (cache miss)
3752 http fetch GET 200 https://registry.npmjs.org/accepts/-/accepts-2.0.0.tgz 205812ms (cache miss)
3753 http fetch GET 200 https://registry.npmjs.org/yallist/-/yallist-3.1.1.tgz 205843ms (cache miss)
3754 http fetch GET 200 https://registry.npmjs.org/loose-envify/-/loose-envify-1.4.0.tgz 206788ms (cache miss)
3755 http fetch GET 200 https://registry.npmjs.org/yargs/-/yargs-17.7.3.tgz 207810ms (cache miss)
3756 http fetch GET 200 https://registry.npmjs.org/path-scurry/-/path-scurry-2.0.2.tgz 217343ms (cache miss)
3757 http fetch GET 200 https://registry.npmjs.org/invariant/-/invariant-2.2.4.tgz 218828ms (cache miss)
3758 http fetch GET 200 https://registry.npmjs.org/connect/-/connect-3.7.0.tgz 222466ms (cache miss)
3759 http fetch GET 200 https://registry.npmjs.org/ms/-/ms-2.1.3.tgz 222580ms (cache miss)
3760 http fetch GET 200 https://registry.npmjs.org/expo-modules-jsi/-/expo-modules-jsi-57.0.3.tgz 226844ms (cache miss)
3761 http fetch GET 200 https://registry.npmjs.org/which/-/which-2.0.2.tgz 227691ms (cache miss)
3762 http fetch GET 200 https://registry.npmjs.org/shebang-command/-/shebang-command-2.0.0.tgz 228342ms (cache miss)
3763 http fetch GET 200 https://registry.npmjs.org/path-key/-/path-key-3.1.1.tgz 229859ms (cache miss)
3764 http fetch GET 200 https://registry.npmjs.org/supports-color/-/supports-color-7.2.0.tgz 231910ms (cache miss)
3765 http fetch GET 200 https://registry.npmjs.org/ansi-styles/-/ansi-styles-4.3.0.tgz 233442ms (cache miss)
3766 http fetch GET 200 https://registry.npmjs.org/color-name/-/color-name-1.1.4.tgz 233447ms (cache miss)
3767 http fetch GET 200 https://registry.npmjs.org/node-releases/-/node-releases-2.0.51.tgz 234984ms (cache miss)
3768 http fetch GET 200 https://registry.npmjs.org/commander/-/commander-7.2.0.tgz 235153ms (cache miss)
3769 http fetch GET 200 https://registry.npmjs.org/electron-to-chromium/-/electron-to-chromium-1.5.392.tgz 237924ms (cache miss)
3770 http fetch GET 200 https://registry.npmjs.org/@jridgewell/sourcemap-codec/-/sourcemap-codec-1.5.5.tgz 243508ms (cache miss)
3771 http fetch GET 200 https://registry.npmjs.org/@jridgewell/resolve-uri/-/resolve-uri-3.1.2.tgz 247481ms (cache miss)
3772 http fetch GET 200 https://registry.npmjs.org/@babel/helper-plugin-utils/-/helper-plugin-utils-7.29.7.tgz 248090ms (cache miss)
3773 http fetch GET 200 https://registry.npmjs.org/baseline-browser-mapping/-/baseline-browser-mapping-2.10.43.tgz 249570ms (cache miss)
3774 http fetch GET 200 https://registry.npmjs.org/color-convert/-/color-convert-2.0.1.tgz 251505ms (cache miss)
3775 http fetch GET 200 https://registry.npmjs.org/@babel/helper-globals/-/helper-globals-7.29.7.tgz 251673ms (cache miss)
3776 http fetch GET 200 https://registry.npmjs.org/lru-cache/-/lru-cache-5.1.1.tgz 251841ms (cache miss)
3777 http fetch GET 200 https://registry.npmjs.org/cross-spawn/-/cross-spawn-7.0.6.tgz 252479ms (cache miss)
3778 http fetch GET 200 https://registry.npmjs.org/@babel/helper-module-imports/-/helper-module-imports-7.29.7.tgz 252736ms (cache miss)
3779 http fetch GET 200 https://registry.npmjs.org/browserslist/-/browserslist-4.28.6.tgz 252799ms (cache miss)
3780 http fetch GET 200 https://registry.npmjs.org/@babel/helper-string-parser/-/helper-string-parser-7.29.7.tgz 254270ms (cache miss)
3781 http fetch GET 200 https://registry.npmjs.org/hermes-parser/-/hermes-parser-0.35.0.tgz 254729ms (cache miss)
3782 http fetch GET 200 https://registry.npmjs.org/@babel/helper-validator-option/-/helper-validator-option-7.29.7.tgz 255475ms (cache miss)
3783 http fetch GET 200 https://registry.npmjs.org/jsesc/-/jsesc-3.1.0.tgz 256135ms (cache miss)
3784 http fetch GET 200 https://registry.npmjs.org/@babel/compat-data/-/compat-data-7.29.7.tgz 257479ms (cache miss)
3785 http fetch GET 200 https://registry.npmjs.org/@jridgewell/trace-mapping/-/trace-mapping-0.3.31.tgz 257925ms (cache miss)
3786 http fetch GET 200 https://registry.npmjs.org/@jridgewell/gen-mapping/-/gen-mapping-0.3.13.tgz 259048ms (cache miss)
3787 http fetch GET 200 https://registry.npmjs.org/gensync/-/gensync-1.0.0-beta.2.tgz 259492ms (cache miss)
3788 http fetch GET 200 https://registry.npmjs.org/convert-source-map/-/convert-source-map-2.0.0.tgz 259786ms (cache miss)
3789 http fetch GET 200 https://registry.npmjs.org/caniuse-lite/-/caniuse-lite-1.0.30001805.tgz 259848ms (cache miss)
3790 http fetch GET 200 https://registry.npmjs.org/@jridgewell/remapping/-/remapping-2.3.5.tgz 260220ms (cache miss)
3791 http fetch GET 200 https://registry.npmjs.org/update-browserslist-db/-/update-browserslist-db-1.2.3.tgz 261746ms (cache miss)
3792 http fetch GET 200 https://registry.npmjs.org/@babel/template/-/template-7.29.7.tgz 262659ms (cache miss)
3793 http fetch GET 200 https://registry.npmjs.org/@babel/helper-module-transforms/-/helper-module-transforms-7.29.7.tgz 266015ms (cache miss)
3794 http fetch GET 200 https://registry.npmjs.org/@babel/helper-compilation-targets/-/helper-compilation-targets-7.29.7.tgz 266716ms (cache miss)
3795 http fetch GET 200 https://registry.npmjs.org/@babel/plugin-transform-modules-commonjs/-/plugin-transform-modules-commonjs-7.29.7.tgz 267313ms (cache miss)
3796 http fetch GET 200 https://registry.npmjs.org/base64-js/-/base64-js-1.5.1.tgz 270834ms (cache miss)
3797 http fetch GET 200 https://registry.npmjs.org/xmlbuilder/-/xmlbuilder-15.1.1.tgz 272242ms (cache miss)
3798 http fetch GET 200 https://registry.npmjs.org/@babel/generator/-/generator-7.29.7.tgz 279391ms (cache miss)
3799 http fetch GET 200 https://registry.npmjs.org/@babel/core/-/core-7.29.7.tgz 283054ms (cache miss)
3800 http fetch GET 200 https://registry.npmjs.org/minipass/-/minipass-7.1.3.tgz 283883ms (cache miss)
3801 http fetch GET 200 https://registry.npmjs.org/@babel/helpers/-/helpers-7.29.7.tgz 288220ms (cache miss)
3802 http fetch GET 200 https://registry.npmjs.org/@xmldom/xmldom/-/xmldom-0.8.13.tgz 288417ms (cache miss)
3803 http fetch GET 200 https://registry.npmjs.org/@babel/traverse/-/traverse-7.29.7.tgz 288665ms (cache miss)
3804 http fetch GET 200 https://registry.npmjs.org/metro-core/-/metro-core-0.84.4.tgz 289283ms (cache miss)
3805 http fetch GET 200 https://registry.npmjs.org/metro-transform-plugins/-/metro-transform-plugins-0.84.4.tgz 289291ms (cache miss)
3806 http fetch GET 200 https://registry.npmjs.org/metro-cache-key/-/metro-cache-key-0.84.4.tgz 289362ms (cache miss)
3807 http fetch GET 200 https://registry.npmjs.org/metro-minify-terser/-/metro-minify-terser-0.84.4.tgz 289441ms (cache miss)
3808 http fetch GET 200 https://registry.npmjs.org/@babel/parser/-/parser-7.29.7.tgz 289531ms (cache miss)
3809 http fetch GET 200 https://registry.npmjs.org/picocolors/-/picocolors-1.1.1.tgz 289935ms (cache miss)
3810 http fetch GET 200 https://registry.npmjs.org/@babel/helper-validator-identifier/-/helper-validator-identifier-7.29.7.tgz 289968ms (cache miss)
3811 http fetch GET 200 https://registry.npmjs.org/metro-cache/-/metro-cache-0.84.4.tgz 290019ms (cache miss)
3812 http fetch GET 200 https://registry.npmjs.org/metro-symbolicate/-/metro-symbolicate-0.84.4.tgz 290062ms (cache miss)
3813 http fetch GET 200 https://registry.npmjs.org/metro-source-map/-/metro-source-map-0.84.4.tgz 291266ms (cache miss)
3814 http fetch GET 200 https://registry.npmjs.org/metro-config/-/metro-config-0.84.4.tgz 291300ms (cache miss)
3815 http fetch GET 200 https://registry.npmjs.org/metro-resolver/-/metro-resolver-0.84.4.tgz 291382ms (cache miss)
3816 http fetch GET 200 https://registry.npmjs.org/metro/-/metro-0.84.4.tgz 292290ms (cache miss)
3817 http fetch GET 200 https://registry.npmjs.org/@babel/code-frame/-/code-frame-7.29.7.tgz 292422ms (cache miss)
3818 http fetch GET 200 https://registry.npmjs.org/json5/-/json5-2.2.3.tgz 293085ms (cache miss)
3819 http fetch GET 200 https://registry.npmjs.org/resolve-from/-/resolve-from-5.0.0.tgz 293421ms (cache miss)
3820 http fetch GET 200 https://registry.npmjs.org/ignore/-/ignore-5.3.2.tgz 294239ms (cache miss)
3821 http fetch GET 200 https://registry.npmjs.org/minimatch/-/minimatch-10.2.5.tgz 294341ms (cache miss)
3822 http fetch GET 200 https://registry.npmjs.org/arg/-/arg-5.0.2.tgz 294383ms (cache miss)
3823 http fetch GET 200 https://registry.npmjs.org/@expo/env/-/env-2.4.2.tgz 294550ms (cache miss)
3824 http fetch GET 200 https://registry.npmjs.org/@expo/spawn-async/-/spawn-async-1.8.0.tgz 294563ms (cache miss)
3825 http fetch GET 200 https://registry.npmjs.org/xml2js/-/xml2js-0.6.0.tgz 294594ms (cache miss)
3826 http fetch GET 200 https://registry.npmjs.org/metro-transform-worker/-/metro-transform-worker-0.84.4.tgz 294717ms (cache miss)
3827 http fetch GET 200 https://registry.npmjs.org/debug/-/debug-4.4.3.tgz 294784ms (cache miss)
3828 http fetch GET 200 https://registry.npmjs.org/xcode/-/xcode-3.0.1.tgz 294788ms (cache miss)
3829 http fetch GET 200 https://registry.npmjs.org/chalk/-/chalk-4.1.2.tgz 294967ms (cache miss)
3830 http fetch GET 200 https://registry.npmjs.org/slugify/-/slugify-1.6.9.tgz 294986ms (cache miss)
3831 http fetch GET 200 https://registry.npmjs.org/@expo/plist/-/plist-0.8.1.tgz 295009ms (cache miss)
3832 http fetch GET 200 https://registry.npmjs.org/js-tokens/-/js-tokens-4.0.0.tgz 295112ms (cache miss)
3833 http fetch GET 200 https://registry.npmjs.org/getenv/-/getenv-2.0.0.tgz 295187ms (cache miss)
3834 http fetch GET 200 https://registry.npmjs.org/semver/-/semver-7.8.5.tgz 295214ms (cache miss)
3835 http fetch GET 200 https://registry.npmjs.org/@expo/sdk-runtime-versions/-/sdk-runtime-versions-1.0.0.tgz 295333ms (cache miss)
3836 http fetch GET 200 https://registry.npmjs.org/@expo/json-file/-/json-file-11.0.1.tgz 295409ms (cache miss)
3837 http fetch GET 200 https://registry.npmjs.org/metro-file-map/-/metro-file-map-0.84.4.tgz 295470ms (cache miss)
3838 http fetch GET 200 https://registry.npmjs.org/resolve-workspace-root/-/resolve-workspace-root-2.0.1.tgz 296366ms (cache miss)
3839 http fetch GET 200 https://registry.npmjs.org/whatwg-url-minimum/-/whatwg-url-minimum-0.1.2.tgz 296744ms (cache miss)
3840 http fetch GET 200 https://registry.npmjs.org/pretty-format/-/pretty-format-29.7.0.tgz 296752ms (cache miss)
3841 http fetch GET 200 https://registry.npmjs.org/metro-runtime/-/metro-runtime-0.84.4.tgz 296966ms (cache miss)
3842 http fetch GET 200 https://registry.npmjs.org/@expo/config-types/-/config-types-57.0.2.tgz 297195ms (cache miss)
3843 http fetch GET 200 https://registry.npmjs.org/@expo/require-utils/-/require-utils-57.0.3.tgz 299745ms (cache miss)
3844 http fetch GET 200 https://registry.npmjs.org/@expo/local-build-cache-provider/-/local-build-cache-provider-57.0.4.tgz 300444ms (cache miss)
3845 http fetch GET 200 https://registry.npmjs.org/deepmerge/-/deepmerge-4.3.1.tgz 305238ms (cache miss)
3846 http fetch GET 200 https://registry.npmjs.org/metro-babel-transformer/-/metro-babel-transformer-0.84.4.tgz 307511ms (cache miss)
3847 http fetch GET 200 https://registry.npmjs.org/@ungap/structured-clone/-/structured-clone-1.3.3.tgz 308824ms (cache miss)
3848 warn tar TAR_ENTRY_ERROR UNKNOWN: unknown error, open 'C:\Users\emmanuel.mwinama\Code\Farmis\mobile\node_modules\typescript\bin\tsc'
3849 silly tar TAR_ENTRY_ERROR UNKNOWN: unknown error, open 'C:\Users\emmanuel.mwinama\Code\Farmis\mobile\node_modules\typescript\bin\tsc' [Error: UNKNOWN: unknown error, open 'C:\Users\emmanuel.mwinama\Code\Farmis\mobile\node_modules\typescript\bin\tsc'] {
3849 silly tar   errno: -4094,
3849 silly tar   code: 'UNKNOWN',
3849 silly tar   syscall: 'open',
3849 silly tar   path: 'C:\\Users\\emmanuel.mwinama\\Code\\Farmis\\mobile\\node_modules\\typescript\\bin\\tsc',
3849 silly tar   entry: As {
3849 silly tar     _events: [Object: null prototype] {},
3849 silly tar     _eventsCount: 0,
3849 silly tar     _maxListeners: undefined,
3849 silly tar     writable: false,
3849 silly tar     readable: false,
3849 silly tar     extended: undefined,
3849 silly tar     globalExtended: undefined,
3849 silly tar     header: Ms {
3849 silly tar       cksumValid: true,
3849 silly tar       needPax: false,
3849 silly tar       nullBlock: false,
3849 silly tar       block: undefined,
3849 silly tar       path: 'package/bin/tsc',
3849 silly tar       mode: 493,
3849 silly tar       uid: undefined,
3849 silly tar       gid: undefined,
3849 silly tar       size: 45,
3849 silly tar       cksum: 4455,
3849 silly tar       linkpath: '',
3849 silly tar       uname: '',
3849 silly tar       gname: '',
3849 silly tar       devmaj: 0,
3849 silly tar       devmin: 0,
3849 silly tar       atime: undefined,
3849 silly tar       ctime: undefined,
3849 silly tar       mtime: 1985-10-26T08:15:00.000Z,
3849 silly tar       charset: undefined,
3849 silly tar       comment: undefined
3849 silly tar     },
3849 silly tar     startBlockSize: 512,
3849 silly tar     blockRemain: 0,
3849 silly tar     remain: 0,
3849 silly tar     type: 'File',
3849 silly tar     meta: false,
3849 silly tar     ignore: false,
3849 silly tar     path: 'bin/tsc',
3849 silly tar     mode: 511,
3849 silly tar     uid: undefined,
3849 silly tar     gid: undefined,
3849 silly tar     uname: '',
3849 silly tar     gname: '',
3849 silly tar     size: 45,
3849 silly tar     mtime: 1985-10-26T08:15:00.000Z,
3849 silly tar     atime: undefined,
3849 silly tar     ctime: undefined,
3849 silly tar     linkpath: undefined,
3849 silly tar     dev: undefined,
3849 silly tar     ino: undefined,
3849 silly tar     nlink: undefined,
3849 silly tar     invalid: false,
3849 silly tar     absolute: 'C:/Users/emmanuel.mwinama/Code/Farmis/mobile/node_modules/typescript/bin/tsc',
3849 silly tar     unsupported: false,
3849 silly tar     Symbol(shapeMode): false,
3849 silly tar     Symbol(kCapture): false,
3849 silly tar     Symbol(flowing): false,
3849 silly tar     Symbol(paused): true,
3849 silly tar     Symbol(pipes): [ [Wt] ],
3849 silly tar     Symbol(buffer): [],
3849 silly tar     Symbol(objectMode): false,
3849 silly tar     Symbol(encoding): null,
3849 silly tar     Symbol(async): false,
3849 silly tar     Symbol(decoder): null,
3849 silly tar     Symbol(EOF): true,
3849 silly tar     Symbol(emittedEnd): true,
3849 silly tar     Symbol(emittingEnd): false,
3849 silly tar     Symbol(closed): false,
3849 silly tar     Symbol(emittedError): null,
3849 silly tar     Symbol(bufferLength): 0,
3849 silly tar     Symbol(destroyed): false,
3849 silly tar     Symbol(signal): undefined,
3849 silly tar     Symbol(aborted): false,
3849 silly tar     Symbol(dataListeners): 0,
3849 silly tar     Symbol(discarded): false
3849 silly tar   },
3849 silly tar   cwd: 'C:/Users/emmanuel.mwinama/Code/Farmis/mobile/node_modules/typescript',
3849 silly tar   tarCode: 'TAR_ENTRY_ERROR'
3849 silly tar }
3850 http fetch GET 200 https://registry.npmjs.org/react-refresh/-/react-refresh-0.14.2.tgz 308999ms (cache miss)
3851 http fetch GET 200 https://registry.npmjs.org/glob/-/glob-13.0.6.tgz 310215ms (cache miss)
3852 http fetch GET 200 https://registry.npmjs.org/@expo/fingerprint/-/fingerprint-0.20.5.tgz 311836ms (cache miss)
3853 http fetch GET 200 https://registry.npmjs.org/expo-status-bar/-/expo-status-bar-57.0.1.tgz 315197ms (cache miss)
3854 http fetch GET 200 https://registry.npmjs.org/@babel/runtime/-/runtime-7.29.7.tgz 317061ms (cache miss)
3855 http fetch GET 200 https://registry.npmjs.org/@react-native/debugger-shell/-/debugger-shell-0.86.0.tgz 327306ms (cache miss)
3856 http fetch GET 200 https://registry.npmjs.org/react/-/react-19.2.3.tgz 329680ms (cache miss)
3857 http fetch GET 200 https://registry.npmjs.org/expo/-/expo-57.0.6.tgz 331276ms (cache miss)
3858 http fetch GET 200 https://registry.npmjs.org/csstype/-/csstype-3.2.3.tgz 335151ms (cache miss)
3859 http fetch GET 200 https://registry.npmjs.org/expo-secure-store/-/expo-secure-store-57.0.1.tgz 341835ms (cache miss)
3860 http fetch GET 200 https://registry.npmjs.org/@expo/devtools/-/devtools-57.0.1.tgz 342273ms (cache miss)
3861 http fetch GET 200 https://registry.npmjs.org/semver/-/semver-6.3.1.tgz 342605ms (cache miss)
3862 http fetch GET 200 https://registry.npmjs.org/has-flag/-/has-flag-3.0.0.tgz 343378ms (cache miss)
3863 http fetch GET 200 https://registry.npmjs.org/color-name/-/color-name-1.1.3.tgz 344710ms (cache miss)
3864 http fetch GET 200 https://registry.npmjs.org/@types/react/-/react-19.2.17.tgz 345187ms (cache miss)
3865 http fetch GET 200 https://registry.npmjs.org/semver/-/semver-6.3.1.tgz 345434ms (cache miss)
3866 http fetch GET 200 https://registry.npmjs.org/semver/-/semver-6.3.1.tgz 347850ms (cache miss)
3867 http fetch GET 200 https://registry.npmjs.org/type-fest/-/type-fest-0.21.3.tgz 348158ms (cache miss)
3868 http fetch GET 200 https://registry.npmjs.org/escape-string-regexp/-/escape-string-regexp-1.0.5.tgz 349383ms (cache miss)
3869 http fetch GET 200 https://registry.npmjs.org/color-convert/-/color-convert-1.9.3.tgz 349515ms (cache miss)
3870 http fetch GET 200 https://registry.npmjs.org/@expo/config-plugins/-/config-plugins-57.0.5.tgz 349967ms (cache miss)
3871 http fetch GET 200 https://registry.npmjs.org/supports-color/-/supports-color-5.5.0.tgz 351504ms (cache miss)
3872 http fetch GET 200 https://registry.npmjs.org/semver/-/semver-6.3.1.tgz 351690ms (cache miss)
3873 http fetch GET 200 https://registry.npmjs.org/has-flag/-/has-flag-3.0.0.tgz 351971ms (cache miss)
3874 http fetch GET 200 https://registry.npmjs.org/ansi-regex/-/ansi-regex-4.1.1.tgz 352433ms (cache miss)
3875 http fetch GET 200 https://registry.npmjs.org/supports-color/-/supports-color-5.5.0.tgz 352715ms (cache miss)
3876 http fetch GET 200 https://registry.npmjs.org/color-convert/-/color-convert-1.9.3.tgz 352719ms (cache miss)
3877 http fetch GET 200 https://registry.npmjs.org/ansi-styles/-/ansi-styles-3.2.1.tgz 352818ms (cache miss)
3878 http fetch GET 200 https://registry.npmjs.org/chalk/-/chalk-2.4.2.tgz 352844ms (cache miss)
3879 http fetch GET 200 https://registry.npmjs.org/lru-cache/-/lru-cache-10.4.3.tgz 352921ms (cache miss)
3880 http fetch GET 200 https://registry.npmjs.org/@babel/types/-/types-7.29.7.tgz 353015ms (cache miss)
3881 http fetch GET 200 https://registry.npmjs.org/strip-ansi/-/strip-ansi-5.2.0.tgz 352969ms (cache miss)
3882 http fetch GET 200 https://registry.npmjs.org/color-name/-/color-name-1.1.3.tgz 353047ms (cache miss)
3883 http fetch GET 200 https://registry.npmjs.org/escape-string-regexp/-/escape-string-regexp-1.0.5.tgz 353068ms (cache miss)
3884 http fetch GET 200 https://registry.npmjs.org/chalk/-/chalk-2.4.2.tgz 353098ms (cache miss)
3885 http fetch GET 200 https://registry.npmjs.org/negotiator/-/negotiator-0.6.4.tgz 353430ms (cache miss)
3886 http fetch GET 200 https://registry.npmjs.org/debug/-/debug-3.2.7.tgz 353574ms (cache miss)
3887 http fetch GET 200 https://registry.npmjs.org/@expo/config/-/config-57.0.5.tgz 354291ms (cache miss)
3888 http fetch GET 200 https://registry.npmjs.org/ms/-/ms-2.0.0.tgz 354955ms (cache miss)
3889 http fetch GET 200 https://registry.npmjs.org/statuses/-/statuses-2.0.2.tgz 356128ms (cache miss)
3890 http fetch GET 200 https://registry.npmjs.org/ansi-styles/-/ansi-styles-3.2.1.tgz 356230ms (cache miss)
3891 http fetch GET 200 https://registry.npmjs.org/source-map/-/source-map-0.6.1.tgz 356279ms (cache miss)
3892 http fetch GET 200 https://registry.npmjs.org/statuses/-/statuses-2.0.2.tgz 356679ms (cache miss)
3893 http fetch GET 200 https://registry.npmjs.org/on-finished/-/on-finished-2.4.1.tgz 356726ms (cache miss)
3894 http fetch GET 200 https://registry.npmjs.org/encodeurl/-/encodeurl-2.0.0.tgz 356771ms (cache miss)
3895 http fetch GET 200 https://registry.npmjs.org/@expo/metro/-/metro-56.0.0.tgz 356798ms (cache miss)
3896 http fetch GET 200 https://registry.npmjs.org/ms/-/ms-2.0.0.tgz 357743ms (cache miss)
3897 http fetch GET 200 https://registry.npmjs.org/debug/-/debug-2.6.9.tgz 358269ms (cache miss)
3898 http fetch GET 200 https://registry.npmjs.org/ms/-/ms-2.0.0.tgz 358380ms (cache miss)
3899 http fetch GET 200 https://registry.npmjs.org/encodeurl/-/encodeurl-2.0.0.tgz 359083ms (cache miss)
3900 http fetch GET 200 https://registry.npmjs.org/debug/-/debug-2.6.9.tgz 359208ms (cache miss)
3901 http fetch GET 200 https://registry.npmjs.org/hermes-estree/-/hermes-estree-0.36.0.tgz 359217ms (cache miss)
3902 http fetch GET 200 https://registry.npmjs.org/debug/-/debug-2.6.9.tgz 359296ms (cache miss)
3903 http fetch GET 200 https://registry.npmjs.org/fdir/-/fdir-6.5.0.tgz 361830ms (cache miss)
3904 http fetch GET 200 https://registry.npmjs.org/ci-info/-/ci-info-3.9.0.tgz 364728ms (cache miss)
3905 http fetch GET 200 https://registry.npmjs.org/commander/-/commander-2.20.3.tgz 364921ms (cache miss)
3906 http fetch GET 200 https://registry.npmjs.org/picomatch/-/picomatch-4.0.5.tgz 365330ms (cache miss)
3907 http fetch GET 200 https://registry.npmjs.org/hermes-parser/-/hermes-parser-0.36.0.tgz 374254ms (cache miss)
3908 http fetch GET 200 https://registry.npmjs.org/hermes-estree/-/hermes-estree-0.36.0.tgz 382714ms (cache miss)
3909 http fetch GET 200 https://registry.npmjs.org/debug/-/debug-2.6.9.tgz 385196ms (cache miss)
3910 http fetch GET 200 https://registry.npmjs.org/ms/-/ms-2.0.0.tgz 387318ms (cache miss)
3911 http fetch GET 200 https://registry.npmjs.org/supports-color/-/supports-color-8.1.1.tgz 387480ms (cache miss)
3912 http fetch GET 200 https://registry.npmjs.org/@xmldom/xmldom/-/xmldom-0.9.10.tgz 389576ms (cache miss)
3913 http fetch GET 200 https://registry.npmjs.org/lru-cache/-/lru-cache-11.5.2.tgz 390530ms (cache miss)
3914 http fetch GET 200 https://registry.npmjs.org/mime-db/-/mime-db-1.52.0.tgz 393565ms (cache miss)
3915 http fetch GET 200 https://registry.npmjs.org/ms/-/ms-2.0.0.tgz 393610ms (cache miss)
3916 http fetch GET 200 https://registry.npmjs.org/semver/-/semver-6.3.1.tgz 393798ms (cache miss)
3917 http fetch GET 200 https://registry.npmjs.org/xmlbuilder/-/xmlbuilder-11.0.1.tgz 393878ms (cache miss)
3918 http fetch GET 200 https://registry.npmjs.org/mime-types/-/mime-types-2.1.35.tgz 394512ms (cache miss)
3919 http fetch GET 200 https://registry.npmjs.org/commander/-/commander-12.1.0.tgz 394537ms (cache miss)
3920 http fetch GET 200 https://registry.npmjs.org/negotiator/-/negotiator-0.6.3.tgz 394711ms (cache miss)
3921 http fetch GET 200 https://registry.npmjs.org/ci-info/-/ci-info-3.9.0.tgz 394800ms (cache miss)
3922 http fetch GET 200 https://registry.npmjs.org/debug/-/debug-2.6.9.tgz 394885ms (cache miss)
3923 http fetch GET 200 https://registry.npmjs.org/hermes-estree/-/hermes-estree-0.36.1.tgz 395038ms (cache miss)
3924 http fetch GET 200 https://registry.npmjs.org/@expo/ws-tunnel/-/ws-tunnel-2.0.0.tgz 395386ms (cache miss)
3925 http fetch GET 200 https://registry.npmjs.org/semver/-/semver-6.3.1.tgz 397139ms (cache miss)
3926 http fetch GET 200 https://registry.npmjs.org/accepts/-/accepts-1.3.8.tgz 397170ms (cache miss)
3927 http fetch GET 200 https://registry.npmjs.org/expo-keep-awake/-/expo-keep-awake-57.0.1.tgz 399123ms (cache miss)
3928 http fetch GET 200 https://registry.npmjs.org/ws/-/ws-8.21.1.tgz 407628ms (cache miss)
3929 http fetch GET 200 https://registry.npmjs.org/expo-modules-autolinking/-/expo-modules-autolinking-57.0.7.tgz 408081ms (cache miss)
3930 http fetch GET 200 https://registry.npmjs.org/react-native/-/react-native-0.86.0.tgz 409097ms (cache miss)
3931 http fetch GET 200 https://registry.npmjs.org/hermes-parser/-/hermes-parser-0.36.1.tgz 421969ms (cache miss)
3932 http fetch GET 200 https://registry.npmjs.org/expo-constants/-/expo-constants-57.0.5.tgz 424949ms (cache miss)
3933 http fetch GET 200 https://registry.npmjs.org/hermes-parser/-/hermes-parser-0.36.0.tgz 429185ms (cache miss)
3934 http fetch GET 200 https://registry.npmjs.org/@expo/dom-webview/-/dom-webview-57.0.1.tgz 454007ms (cache miss)
3935 http fetch GET 200 https://registry.npmjs.org/picomatch/-/picomatch-4.0.5.tgz 459059ms (cache miss)
3936 http fetch GET 200 https://registry.npmjs.org/babel-preset-expo/-/babel-preset-expo-57.0.3.tgz 461424ms (cache miss)
3937 http fetch GET 200 https://registry.npmjs.org/typescript/-/typescript-6.0.3.tgz 467093ms (cache miss)
3938 http fetch GET 200 https://registry.npmjs.org/@expo/log-box/-/log-box-57.0.1.tgz 475207ms (cache miss)
3939 http fetch GET 200 https://registry.npmjs.org/expo-asset/-/expo-asset-57.0.5.tgz 475670ms (cache miss)
3940 http fetch GET 200 https://registry.npmjs.org/ansi-styles/-/ansi-styles-5.2.0.tgz 478810ms (cache miss)
3941 http fetch GET 200 https://registry.npmjs.org/uuid 483583ms (cache miss)
3942 silly packumentCache corgi:https://registry.npmjs.org/uuid set size:undefined disposed:false
3943 silly packumentCache corgi:https://registry.npmjs.org/xcode cache-miss
3944 http fetch GET 200 https://registry.npmjs.org/@expo/metro-config/-/metro-config-57.0.5.tgz 483954ms (cache miss)
3945 http fetch GET 200 https://registry.npmjs.org/npm-package-arg/-/npm-package-arg-11.0.3.tgz 488080ms attempt #2 (cache miss)
3946 http fetch GET https://registry.npmjs.org/xcode attempt 1 failed with ECONNRESET
3947 http fetch GET https://registry.npmjs.org/xcode attempt 2 failed with ECONNRESET
3948 http fetch GET 200 https://registry.npmjs.org/@expo/router-server/-/router-server-57.0.3.tgz 555447ms (cache miss)
3949 http fetch GET 200 https://registry.npmjs.org/@expo/expo-modules-macros-plugin/-/expo-modules-macros-plugin-0.6.1.tgz 584842ms (cache miss)
3950 http fetch GET 200 https://registry.npmjs.org/xcode 212471ms attempt #3 (cache miss)
3951 silly packumentCache corgi:https://registry.npmjs.org/xcode set size:undefined disposed:false
3952 silly packumentCache corgi:https://registry.npmjs.org/@expo%2fconfig-plugins cache-miss
3953 http fetch GET 200 https://registry.npmjs.org/@expo/cli/-/cli-57.0.8.tgz 697337ms (cache miss)
3954 http fetch GET 200 https://registry.npmjs.org/@expo%2fconfig-plugins 1613ms (cache miss)
3955 silly packumentCache corgi:https://registry.npmjs.org/@expo%2fconfig-plugins set size:undefined disposed:false
3956 silly packumentCache corgi:https://registry.npmjs.org/expo cache-miss
3957 silly packumentCache corgi:https://registry.npmjs.org/@expo%2fcli cache-miss
3958 silly packumentCache corgi:https://registry.npmjs.org/@expo%2fconfig cache-miss
3959 silly packumentCache corgi:https://registry.npmjs.org/@expo%2finline-modules cache-miss
3960 silly packumentCache corgi:https://registry.npmjs.org/@expo%2fprebuild-config cache-miss
3961 http fetch GET 200 https://registry.npmjs.org/@expo%2finline-modules 10400ms (cache miss)
3962 silly packumentCache corgi:https://registry.npmjs.org/@expo%2finline-modules set size:undefined disposed:false
3963 http fetch GET 200 https://registry.npmjs.org/node-forge/-/node-forge-1.4.0.tgz 709557ms attempt #2 (cache miss)
3964 http fetch GET https://registry.npmjs.org/@expo%2fprebuild-config attempt 1 failed with ECONNRESET
3965 http fetch GET https://registry.npmjs.org/@expo%2fcli attempt 1 failed with ECONNRESET
3966 http fetch GET https://registry.npmjs.org/@expo%2fconfig attempt 1 failed with ECONNRESET
3967 http fetch GET https://registry.npmjs.org/@expo%2fconfig attempt 2 failed with ECONNRESET
3968 http fetch GET 200 https://registry.npmjs.org/@expo%2fprebuild-config 66131ms attempt #2 (cache miss)
3969 silly packumentCache corgi:https://registry.npmjs.org/@expo%2fprebuild-config set size:undefined disposed:false
3970 http fetch GET 200 https://registry.npmjs.org/expo 82445ms (cache miss)
3971 silly packumentCache corgi:https://registry.npmjs.org/expo set size:undefined disposed:false
3972 http fetch GET https://registry.npmjs.org/@expo%2fconfig attempt 3 failed with ENOTFOUND
3973 http fetch GET 200 https://registry.npmjs.org/@expo%2fcli 131252ms attempt #2 (cache miss)
3974 silly packumentCache corgi:https://registry.npmjs.org/@expo%2fcli set size:undefined disposed:false
3975 silly packumentCache corgi:https://registry.npmjs.org/expo-secure-store cache-miss
3976 silly packumentCache corgi:https://registry.npmjs.org/expo-status-bar cache-miss
3977 silly packumentCache corgi:https://registry.npmjs.org/@expo%2fdom-webview cache-miss
3978 silly packumentCache corgi:https://registry.npmjs.org/@expo%2flog-box cache-miss
3979 silly packumentCache corgi:https://registry.npmjs.org/@expo%2fmetro-config cache-miss
3980 silly packumentCache corgi:https://registry.npmjs.org/babel-preset-expo cache-miss
3981 silly packumentCache corgi:https://registry.npmjs.org/expo-asset cache-miss
3982 silly packumentCache corgi:https://registry.npmjs.org/expo-constants cache-miss
3983 silly packumentCache corgi:https://registry.npmjs.org/expo-file-system cache-miss
3984 silly packumentCache corgi:https://registry.npmjs.org/expo-font cache-miss
3985 silly packumentCache corgi:https://registry.npmjs.org/expo-keep-awake cache-miss
3986 silly packumentCache corgi:https://registry.npmjs.org/@expo%2frouter-server cache-miss
3987 http fetch GET 200 https://registry.npmjs.org/@expo%2frouter-server 12147ms (cache miss)
3988 silly packumentCache corgi:https://registry.npmjs.org/@expo%2frouter-server set size:undefined disposed:false
3989 http fetch GET 200 https://registry.npmjs.org/expo-secure-store 20705ms (cache miss)
3990 silly packumentCache corgi:https://registry.npmjs.org/expo-secure-store set size:undefined disposed:false
3991 http fetch GET 200 https://registry.npmjs.org/@expo%2flog-box 24425ms (cache miss)
3992 silly packumentCache corgi:https://registry.npmjs.org/@expo%2flog-box set size:undefined disposed:false
3993 http fetch GET https://registry.npmjs.org/@expo%2fdom-webview attempt 1 failed with ECONNRESET
3994 verbose reify failed optional dependency C:\Users\emmanuel.mwinama\Code\Farmis\mobile\node_modules\lightningcss-win32-x64-msvc
3995 silly reify mark deleted [
3995 silly reify   'C:\\Users\\emmanuel.mwinama\\Code\\Farmis\\mobile\\node_modules\\lightningcss-win32-x64-msvc'
3995 silly reify ]
3996 http fetch GET https://registry.npmjs.org/expo-font attempt 1 failed with ECONNRESET
3997 http fetch GET https://registry.npmjs.org/expo-keep-awake attempt 1 failed with ECONNRESET
3998 http fetch GET https://registry.npmjs.org/@expo%2fdom-webview attempt 2 failed with ECONNRESET
3999 http fetch GET https://registry.npmjs.org/expo-font attempt 2 failed with ETIMEDOUT
4000 http fetch GET https://registry.npmjs.org/expo-keep-awake attempt 2 failed with ETIMEDOUT
4001 http fetch GET 200 https://registry.npmjs.org/babel-preset-expo 81961ms (cache miss)
4002 silly packumentCache corgi:https://registry.npmjs.org/babel-preset-expo set size:undefined disposed:false
4003 http fetch GET 200 https://registry.npmjs.org/@expo%2fmetro-config 128228ms (cache miss)
4004 silly packumentCache corgi:https://registry.npmjs.org/@expo%2fmetro-config set size:undefined disposed:false
4005 http fetch GET 200 https://registry.npmjs.org/expo-constants 129973ms (cache miss)
4006 silly packumentCache corgi:https://registry.npmjs.org/expo-constants set size:undefined disposed:false
4007 http fetch GET https://registry.npmjs.org/@expo%2fdom-webview attempt 3 failed with ECONNRESET
4008 http fetch GET https://registry.npmjs.org/expo-keep-awake attempt 3 failed with ECONNRESET
4009 http fetch GET https://registry.npmjs.org/expo-font attempt 3 failed with ECONNRESET
4010 silly packumentCache corgi:https://registry.npmjs.org/@expo%2flocal-build-cache-provider cache-miss
4011 http fetch GET https://registry.npmjs.org/@expo%2flocal-build-cache-provider attempt 1 failed with ECONNRESET
4012 http fetch GET 200 https://registry.npmjs.org/@expo%2flocal-build-cache-provider 38473ms attempt #2 (cache miss)
4013 silly packumentCache corgi:https://registry.npmjs.org/@expo%2flocal-build-cache-provider set size:undefined disposed:false
4014 http fetch GET 200 https://registry.npmjs.org/@react-native/debugger-frontend/-/debugger-frontend-0.86.0.tgz 1068020ms (cache miss)
4015 warn tar TAR_ENTRY_ERROR ENOENT: no such file or directory, lstat 'C:\Users\emmanuel.mwinama\Code\Farmis\mobile\node_modules\expo-modules-core\prebuilds'
4016 silly tar TAR_ENTRY_ERROR ENOENT: no such file or directory, lstat 'C:\Users\emmanuel.mwinama\Code\Farmis\mobile\node_modules\expo-modules-core\prebuilds' [Error: ENOENT: no such file or directory, lstat 'C:\Users\emmanuel.mwinama\Code\Farmis\mobile\node_modules\expo-modules-core\prebuilds'] {
4016 silly tar   errno: -4058,
4016 silly tar   code: 'ENOENT',
4016 silly tar   syscall: 'lstat',
4016 silly tar   path: 'C:/Users/emmanuel.mwinama/Code/Farmis/mobile/node_modules/expo-modules-core/prebuilds',
4016 silly tar   entry: As {
4016 silly tar     _events: [Object: null prototype] {
4016 silly tar       end: [Function (anonymous)],
4016 silly tar       drain: [Function]
4016 silly tar     },
4016 silly tar     _eventsCount: 2,
4016 silly tar     _maxListeners: undefined,
4016 silly tar     writable: true,
4016 silly tar     readable: true,
4016 silly tar     extended: undefined,
4016 silly tar     globalExtended: undefined,
4016 silly tar     header: Ms {
4016 silly tar       cksumValid: true,
4016 silly tar       needPax: false,
4016 silly tar       nullBlock: false,
4016 silly tar       block: undefined,
4016 silly tar       path: 'package/prebuilds/output/release/xcframeworks/ExpoModulesCore.tar.gz',
4016 silly tar       mode: 420,
4016 silly tar       uid: 0,
4016 silly tar       gid: 0,
4016 silly tar       size: 13195351,
4016 silly tar       cksum: 10587,
4016 silly tar       linkpath: '',
4016 silly tar       uname: '',
4016 silly tar       gname: '',
4016 silly tar       devmaj: 0,
4016 silly tar       devmin: 0,
4016 silly tar       atime: undefined,
4016 silly tar       ctime: undefined,
4016 silly tar       mtime: 1985-10-26T08:15:00.000Z,
4016 silly tar       charset: undefined,
4016 silly tar       comment: undefined
4016 silly tar     },
4016 silly tar     startBlockSize: 13195776,
4016 silly tar     blockRemain: 13192088,
4016 silly tar     remain: 13191663,
4016 silly tar     type: 'File',
4016 silly tar     meta: false,
4016 silly tar     ignore: false,
4016 silly tar     path: 'prebuilds/output/release/xcframeworks/ExpoModulesCore.tar.gz',
4016 silly tar     mode: 438,
4016 silly tar     uid: 0,
4016 silly tar     gid: 0,
4016 silly tar     uname: '',
4016 silly tar     gname: '',
4016 silly tar     size: 13195351,
4016 silly tar     mtime: 1985-10-26T08:15:00.000Z,
4016 silly tar     atime: undefined,
4016 silly tar     ctime: undefined,
4016 silly tar     linkpath: undefined,
4016 silly tar     dev: undefined,
4016 silly tar     ino: undefined,
4016 silly tar     nlink: undefined,
4016 silly tar     invalid: false,
4016 silly tar     absolute: 'C:/Users/emmanuel.mwinama/Code/Farmis/mobile/node_modules/expo-modules-core/prebuilds/output/release/xcframeworks/ExpoModulesCore.tar.gz',
4016 silly tar     unsupported: false,
4016 silly tar     Symbol(shapeMode): false,
4016 silly tar     Symbol(kCapture): false,
4016 silly tar     Symbol(flowing): false,
4016 silly tar     Symbol(paused): true,
4016 silly tar     Symbol(pipes): [],
4016 silly tar     Symbol(buffer): [
4016 silly tar       <Buffer 1f 8b 08 00 cb 58 57 6a 00 03 ec dd 0f 5c ce d7 ff f8 ff 10 32 21 84 4c a3 11 0b 49 ff 0b 21 13 42 08 b1 4c 5b a5 a2 b6 54 ab 90 ad d1 2c 93 2d d6 68 ... 2969 more bytes>,
4016 silly tar       <Buffer 71 b9 22 de 61 89 67 7d 59 10 25 9e 51 03 f1 c2 42 03 42 1b 8c 67 76 44 e2 5d be af ba 81 78 f5 55 aa a1 78 ce c4 2b bd 7a bc 86 ee 37 64 be ff bc a0 ... 619 more bytes>
4016 silly tar     ],
4016 silly tar     Symbol(objectMode): false,
4016 silly tar     Symbol(encoding): null,
4016 silly tar     Symbol(async): false,
4016 silly tar     Symbol(decoder): null,
4016 silly tar     Symbol(EOF): false,
4016 silly tar     Symbol(emittedEnd): false,
4016 silly tar     Symbol(emittingEnd): false,
4016 silly tar     Symbol(closed): false,
4016 silly tar     Symbol(emittedError): null,
4016 silly tar     Symbol(bufferLength): 3688,
4016 silly tar     Symbol(destroyed): false,
4016 silly tar     Symbol(signal): undefined,
4016 silly tar     Symbol(aborted): false,
4016 silly tar     Symbol(dataListeners): 0,
4016 silly tar     Symbol(discarded): false
4016 silly tar   },
4016 silly tar   cwd: 'C:/Users/emmanuel.mwinama/Code/Farmis/mobile/node_modules/expo-modules-core',
4016 silly tar   tarCode: 'TAR_ENTRY_ERROR'
4016 silly tar }
4017 http fetch GET 200 https://registry.npmjs.org/expo-modules-core/-/expo-modules-core-57.0.5.tgz 1332079ms (cache miss)
4018 verbose stack Error: read ECONNRESET
4018 verbose stack     at TLSWrap.onStreamRead (node:internal/stream_base_commons:216:20)
4019 error code ECONNRESET
4020 error syscall read
4021 error errno -4077
4022 error network read ECONNRESET
4023 error network This is a problem related to network connectivity.
4023 error network In most cases you are behind a proxy or have bad network settings.
4023 error network
4023 error network If you are behind a proxy, please make sure that the 'proxy' config is set properly.  See: 'npm help config'
4024 silly unfinished npm timer reify 1784145687100
4025 silly unfinished npm timer reify:unpack 1784145705461
4026 silly unfinished npm timer reifyNode:node_modules/@react-native/debugger-shell/node_modules/fb-dotslash 1784145705463
4027 silly unfinished npm timer reifyNode:node_modules/react-devtools-core 1784145705469
4028 silly unfinished npm timer reifyNode:node_modules/hermes-compiler 1784145705469
4029 silly unfinished npm timer reifyNode:node_modules/expo/node_modules/expo-font 1784145705475
4030 silly unfinished npm timer reifyNode:node_modules/expo/node_modules/expo-file-system 1784145705475
4031 verbose cwd C:\Users\emmanuel.mwinama\Code\Farmis\mobile
4032 verbose os Windows_NT 10.0.26200
4033 verbose node v26.1.0
4034 verbose npm  v11.13.0
4035 verbose exit -4077
4036 verbose code -4077
4037 error A complete log of this run can be found in: C:\Users\emmanuel.mwinama\Code\Farmis\mobile\.npm-cache\_logs\2026-07-15T20_01_24_621Z-debug-0.log
